supplier_count,case_id,algorithm_name,random_seed,period,supplier_id,qjt,discount_threshold_Qj,discount_rate_rj,base_price_Pjt,discounted_price_pjt,discount_per_ton,discount_amount,threshold_ratio,reached_discount_threshold,is_active
20,I4_J20,manual,-1,0,0,0.000000,1500000.000000,0.000027,862.655137,862.655137,0.000000,0.000000,0.000000,0,0
20,I4_J20,manual,-1,1,0,0.000000,1500000.000000,0.000027,926.999545,926.999545,0.000000,0.000000,0.000000,0,0
20,I4_J20,manual,-1,0,1,0.000000,1500000.000000,0.000013,809.027682,809.027682,0.000000,0.000000,0.000000,0,0
20,I4_J20,manual,-1,1,1,0.000000,1500000.000000,0.000013,890.173310,890.173310,0.000000,0.000000,0.000000,0,0
20,I4_J20,manual,-1,0,2,0.000000,1500000.000000,0.000050,923.901352,923.901352,0.000000,0.000000,0.000000,0,0
20,I4_J20,manual,-1,1,2,0.000000,1500000.000000,0.000050,921.584641,921.584641,0.000000,0.000000,0.000000,0,0
20,I4_J20,manual,-1,0,3,0.000000,1500000.000000,0.000041,906.078369,906.078369,0.000000,0.000000,0.000000,0,0
20,I4_J20,manual,-1,1,3,0.000000,1500000.000000,0.000041,902.216840,902.216840,0.000000,0.000000,0.000000,0,0
20,I4_J20,manual,-1,0,4,0.000000,1500000.000000,0.000027,877.099034,877.099034,0.000000,0.000000,0.000000,0,0
20,I4_J20,manual,-1,1,4,0.000000,1500000.000000,0.000027,879.055731,879.055731,0.000000,0.000000,0.000000,0,0
20,I4_J20,manual,-1,0,5,0.000000,1500000.000000,0.000030,980.058050,980.058050,0.000000,0.000000,0.000000,0,0
20,I4_J20,manual,-1,1,5,0.000000,1500000.000000,0.000030,941.096515,941.096515,0.000000,0.000000,0.000000,0,0
20,I4_J20,manual,-1,0,6,0.000000,1500000.000000,0.000033,897.130788,897.130788,0.000000,0.000000,0.000000,0,0
20,I4_J20,manual,-1,1,6,0.000000,1500000.000000,0.000033,893.248166,893.248166,0.000000,0.000000,0.000000,0,0
20,I4_J20,manual,-1,0,7,0.000000,1500000.000000,0.000050,921.652600,921.652600,0.000000,0.000000,0.000000,0,0
20,I4_J20,manual,-1,1,7,0.000000,1500000.000000,0.000050,907.039295,907.039295,0.000000,0.000000,0.000000,0,0
20,I4_J20,manual,-1,0,8,0.000000,1500000.000000,0.000009,964.597013,964.597013,0.000000,0.000000,0.000000,0,0
20,I4_J20,manual,-1,1,8,0.000000,1500000.000000,0.000009,864.525103,864.525103,0.000000,0.000000,0.000000,0,0
20,I4_J20,manual,-1,0,9,0.000000,1500000.000000,0.000076,996.559651,996.559651,0.000000,0.000000,0.000000,0,0
20,I4_J20,manual,-1,1,9,0.000000,1500000.000000,0.000076,906.757771,906.757771,0.000000,0.000000,0.000000,0,0
20,I4_J20,manual,-1,0,10,0.000000,1500000.000000,0.000049,888.146005,888.146005,0.000000,0.000000,0.000000,0,0
20,I4_J20,manual,-1,1,10,0.000000,1500000.000000,0.000049,971.283957,971.283957,0.000000,0.000000,0.000000,0,0
20,I4_J20,manual,-1,0,11,0.000000,1500000.000000,0.000038,838.189030,838.189030,0.000000,0.000000,0.000000,0,0
20,I4_J20,manual,-1,1,11,0.000000,1500000.000000,0.000038,858.504466,858.504466,0.000000,0.000000,0.000000,0,0
20,I4_J20,manual,-1,0,12,0.000000,1500000.000000,0.000064,964.873022,964.873022,0.000000,0.000000,0.000000,0,0
20,I4_J20,manual,-1,1,12,0.000000,1500000.000000,0.000064,967.958292,967.958292,0.000000,0.000000,0.000000,0,0
20,I4_J20,manual,-1,0,13,0.000000,1500000.000000,0.000077,942.604206,942.604206,0.000000,0.000000,0.000000,0,0
20,I4_J20,manual,-1,1,13,0.000000,1500000.000000,0.000077,915.347772,915.347772,0.000000,0.000000,0.000000,0,0
20,I4_J20,manual,-1,0,14,100000.000000,1500000.000000,0.000051,987.987089,982.905889,5.081200,508120.000000,0.066667,0,1
20,I4_J20,manual,-1,1,14,100000.000000,1500000.000000,0.000051,960.342824,955.261624,5.081200,508120.000000,0.066667,0,1
20,I4_J20,manual,-1,0,15,872728.128573,1500000.000000,0.000044,868.562596,830.253322,38.309274,33433580.945488,0.581819,0,1
20,I4_J20,manual,-1,1,15,993932.666667,1500000.000000,0.000044,936.746789,893.117120,43.629668,43364952.594983,0.662622,0,1
20,I4_J20,manual,-1,0,16,100000.000000,1500000.000000,0.000003,853.112955,852.769355,0.343600,34360.000000,0.066667,0,1
20,I4_J20,manual,-1,1,16,175000.000000,1500000.000000,0.000003,819.060419,818.459119,0.601300,105227.500000,0.116667,0,1
20,I4_J20,manual,-1,0,17,100000.000000,1500000.000000,0.000009,801.213033,800.326133,0.886900,88690.000000,0.066667,0,1
20,I4_J20,manual,-1,1,17,1164539.796655,1500000.000000,0.000009,839.741882,829.413579,10.328303,12027720.407064,0.776360,0,1
20,I4_J20,manual,-1,0,18,100000.000000,1500000.000000,0.000042,907.455934,903.296534,4.159400,415940.000000,0.066667,0,1
20,I4_J20,manual,-1,1,18,100000.000000,1500000.000000,0.000042,907.070218,902.910818,4.159400,415940.000000,0.066667,0,1
20,I4_J20,manual,-1,0,19,555899.197622,1500000.000000,0.000045,941.437216,916.356712,25.080504,13942232.104667,0.370599,0,1
20,I4_J20,manual,-1,1,19,865064.755373,1500000.000000,0.000045,854.487776,815.458649,39.029127,33762721.827143,0.576710,0,1
20,I4_J20,ga_greedy_only,0,0,0,0.000000,1500000.000000,0.000027,862.655137,862.655137,0.000000,0.000000,0.000000,0,0
20,I4_J20,ga_greedy_only,0,1,0,0.000000,1500000.000000,0.000027,926.999545,926.999545,0.000000,0.000000,0.000000,0,0
20,I4_J20,ga_greedy_only,0,0,1,0.000000,1500000.000000,0.000013,809.027682,809.027682,0.000000,0.000000,0.000000,0,0
20,I4_J20,ga_greedy_only,0,1,1,0.000000,1500000.000000,0.000013,890.173310,890.173310,0.000000,0.000000,0.000000,0,0
20,I4_J20,ga_greedy_only,0,0,2,0.000000,1500000.000000,0.000050,923.901352,923.901352,0.000000,0.000000,0.000000,0,0
20,I4_J20,ga_greedy_only,0,1,2,0.000000,1500000.000000,0.000050,921.584641,921.584641,0.000000,0.000000,0.000000,0,0
20,I4_J20,ga_greedy_only,0,0,3,0.000000,1500000.000000,0.000041,906.078369,906.078369,0.000000,0.000000,0.000000,0,0
20,I4_J20,ga_greedy_only,0,1,3,0.000000,1500000.000000,0.000041,902.216840,902.216840,0.000000,0.000000,0.000000,0,0
20,I4_J20,ga_greedy_only,0,0,4,0.000000,1500000.000000,0.000027,877.099034,877.099034,0.000000,0.000000,0.000000,0,0
20,I4_J20,ga_greedy_only,0,1,4,0.000000,1500000.000000,0.000027,879.055731,879.055731,0.000000,0.000000,0.000000,0,0
20,I4_J20,ga_greedy_only,0,0,5,0.000000,1500000.000000,0.000030,980.058050,980.058050,0.000000,0.000000,0.000000,0,0
20,I4_J20,ga_greedy_only,0,1,5,0.000000,1500000.000000,0.000030,941.096515,941.096515,0.000000,0.000000,0.000000,0,0
20,I4_J20,ga_greedy_only,0,0,6,0.000000,1500000.000000,0.000033,897.130788,897.130788,0.000000,0.000000,0.000000,0,0
20,I4_J20,ga_greedy_only,0,1,6,0.000000,1500000.000000,0.000033,893.248166,893.248166,0.000000,0.000000,0.000000,0,0
20,I4_J20,ga_greedy_only,0,0,7,0.000000,1500000.000000,0.000050,921.652600,921.652600,0.000000,0.000000,0.000000,0,0
20,I4_J20,ga_greedy_only,0,1,7,0.000000,1500000.000000,0.000050,907.039295,907.039295,0.000000,0.000000,0.000000,0,0
20,I4_J20,ga_greedy_only,0,0,8,0.000000,1500000.000000,0.000009,964.597013,964.597013,0.000000,0.000000,0.000000,0,0
20,I4_J20,ga_greedy_only,0,1,8,0.000000,1500000.000000,0.000009,864.525103,864.525103,0.000000,0.000000,0.000000,0,0
20,I4_J20,ga_greedy_only,0,0,9,0.000000,1500000.000000,0.000076,996.559651,996.559651,0.000000,0.000000,0.000000,0,0
20,I4_J20,ga_greedy_only,0,1,9,0.000000,1500000.000000,0.000076,906.757771,906.757771,0.000000,0.000000,0.000000,0,0
20,I4_J20,ga_greedy_only,0,0,10,0.000000,1500000.000000,0.000049,888.146005,888.146005,0.000000,0.000000,0.000000,0,0
20,I4_J20,ga_greedy_only,0,1,10,0.000000,1500000.000000,0.000049,971.283957,971.283957,0.000000,0.000000,0.000000,0,0
20,I4_J20,ga_greedy_only,0,0,11,0.000000,1500000.000000,0.000038,838.189030,838.189030,0.000000,0.000000,0.000000,0,0
20,I4_J20,ga_greedy_only,0,1,11,0.000000,1500000.000000,0.000038,858.504466,858.504466,0.000000,0.000000,0.000000,0,0
20,I4_J20,ga_greedy_only,0,0,12,0.000000,1500000.000000,0.000064,964.873022,964.873022,0.000000,0.000000,0.000000,0,0
20,I4_J20,ga_greedy_only,0,1,12,0.000000,1500000.000000,0.000064,967.958292,967.958292,0.000000,0.000000,0.000000,0,0
20,I4_J20,ga_greedy_only,0,0,13,0.000000,1500000.000000,0.000077,942.604206,942.604206,0.000000,0.000000,0.000000,0,0
20,I4_J20,ga_greedy_only,0,1,13,100000.000000,1500000.000000,0.000077,915.347772,907.635872,7.711900,771190.000000,0.066667,0,1
20,I4_J20,ga_greedy_only,0,0,14,100000.000000,1500000.000000,0.000051,987.987089,982.905889,5.081200,508120.000000,0.066667,0,1
20,I4_J20,ga_greedy_only,0,1,14,100000.000000,1500000.000000,0.000051,960.342824,955.261624,5.081200,508120.000000,0.066667,0,1
20,I4_J20,ga_greedy_only,0,0,15,958478.773734,1500000.000000,0.000044,868.562596,826.489212,42.073384,40326445.744514,0.638986,0,1
20,I4_J20,ga_greedy_only,0,1,15,1849462.365591,1500000.000000,0.000044,936.746789,870.902789,65.844000,121776000.000000,1.232975,1,1
20,I4_J20,ga_greedy_only,0,0,16,0.000000,1500000.000000,0.000003,853.112955,853.112955,0.000000,0.000000,0.000000,0,0
20,I4_J20,ga_greedy_only,0,1,16,352657.884053,1500000.000000,0.000003,819.060419,817.848686,1.211732,427327.015824,0.235105,0,1
20,I4_J20,ga_greedy_only,0,0,17,100000.000000,1500000.000000,0.000009,801.213033,800.326133,0.886900,88690.000000,0.066667,0,1
20,I4_J20,ga_greedy_only,0,1,17,562116.273428,1500000.000000,0.000009,839.741882,834.756473,4.985409,2802379.657342,0.374744,0,1
20,I4_J20,ga_greedy_only,0,0,18,100000.000000,1500000.000000,0.000042,907.455934,903.296534,4.159400,415940.000000,0.066667,0,1
20,I4_J20,ga_greedy_only,0,1,18,100000.000000,1500000.000000,0.000042,907.070218,902.910818,4.159400,415940.000000,0.066667,0,1
20,I4_J20,ga_greedy_only,0,0,19,527976.418402,1500000.000000,0.000045,941.437216,917.616504,23.820712,12576774.241976,0.351984,0,1
20,I4_J20,ga_greedy_only,0,1,19,0.000000,1500000.000000,0.000045,854.487776,854.487776,0.000000,0.000000,0.000000,0,0
20,I4_J20,ga_greedy_only,1,0,0,100000.000000,1500000.000000,0.000027,862.655137,859.987137,2.668000,266800.000000,0.066667,0,1
20,I4_J20,ga_greedy_only,1,1,0,100000.000000,1500000.000000,0.000027,926.999545,924.331545,2.668000,266800.000000,0.066667,0,1
20,I4_J20,ga_greedy_only,1,0,1,100000.000000,1500000.000000,0.000013,809.027682,807.761982,1.265700,126570.000000,0.066667,0,1
20,I4_J20,ga_greedy_only,1,1,1,100000.000000,1500000.000000,0.000013,890.173310,888.907610,1.265700,126570.000000,0.066667,0,1
20,I4_J20,ga_greedy_only,1,0,2,0.000000,1500000.000000,0.000050,923.901352,923.901352,0.000000,0.000000,0.000000,0,0
20,I4_J20,ga_greedy_only,1,1,2,0.000000,1500000.000000,0.000050,921.584641,921.584641,0.000000,0.000000,0.000000,0,0
20,I4_J20,ga_greedy_only,1,0,3,0.000000,1500000.000000,0.000041,906.078369,906.078369,0.000000,0.000000,0.000000,0,0
20,I4_J20,ga_greedy_only,1,1,3,0.000000,1500000.000000,0.000041,902.216840,902.216840,0.000000,0.000000,0.000000,0,0
20,I4_J20,ga_greedy_only,1,0,4,0.000000,1500000.000000,0.000027,877.099034,877.099034,0.000000,0.000000,0.000000,0,0
20,I4_J20,ga_greedy_only,1,1,4,0.000000,1500000.000000,0.000027,879.055731,879.055731,0.000000,0.000000,0.000000,0,0
20,I4_J20,ga_greedy_only,1,0,5,100000.000000,1500000.000000,0.000030,980.058050,977.042250,3.015800,301580.000000,0.066667,0,1
20,I4_J20,ga_greedy_only,1,1,5,0.000000,1500000.000000,0.000030,941.096515,941.096515,0.000000,0.000000,0.000000,0,0
20,I4_J20,ga_greedy_only,1,0,6,0.000000,1500000.000000,0.000033,897.130788,897.130788,0.000000,0.000000,0.000000,0,0
20,I4_J20,ga_greedy_only,1,1,6,0.000000,1500000.000000,0.000033,893.248166,893.248166,0.000000,0.000000,0.000000,0,0
20,I4_J20,ga_greedy_only,1,0,7,0.000000,1500000.000000,0.000050,921.652600,921.652600,0.000000,0.000000,0.000000,0,0
20,I4_J20,ga_greedy_only,1,1,7,0.000000,1500000.000000,0.000050,907.039295,907.039295,0.000000,0.000000,0.000000,0,0
20,I4_J20,ga_greedy_only,1,0,8,0.000000,1500000.000000,0.000009,964.597013,964.597013,0.000000,0.000000,0.000000,0,0
20,I4_J20,ga_greedy_only,1,1,8,0.000000,1500000.000000,0.000009,864.525103,864.525103,0.000000,0.000000,0.000000,0,0
20,I4_J20,ga_greedy_only,1,0,9,0.000000,1500000.000000,0.000076,996.559651,996.559651,0.000000,0.000000,0.000000,0,0
20,I4_J20,ga_greedy_only,1,1,9,0.000000,1500000.000000,0.000076,906.757771,906.757771,0.000000,0.000000,0.000000,0,0
20,I4_J20,ga_greedy_only,1,0,10,0.000000,1500000.000000,0.000049,888.146005,888.146005,0.000000,0.000000,0.000000,0,0
20,I4_J20,ga_greedy_only,1,1,10,0.000000,1500000.000000,0.000049,971.283957,971.283957,0.000000,0.000000,0.000000,0,0
20,I4_J20,ga_greedy_only,1,0,11,0.000000,1500000.000000,0.000038,838.189030,838.189030,0.000000,0.000000,0.000000,0,0
20,I4_J20,ga_greedy_only,1,1,11,0.000000,1500000.000000,0.000038,858.504466,858.504466,0.000000,0.000000,0.000000,0,0
20,I4_J20,ga_greedy_only,1,0,12,0.000000,1500000.000000,0.000064,964.873022,964.873022,0.000000,0.000000,0.000000,0,0
20,I4_J20,ga_greedy_only,1,1,12,0.000000,1500000.000000,0.000064,967.958292,967.958292,0.000000,0.000000,0.000000,0,0
20,I4_J20,ga_greedy_only,1,0,13,449396.331802,1500000.000000,0.000077,942.604206,907.947210,34.656996,15574726.744326,0.299598,0,1
20,I4_J20,ga_greedy_only,1,1,13,100000.000000,1500000.000000,0.000077,915.347772,907.635872,7.711900,771190.000000,0.066667,0,1
20,I4_J20,ga_greedy_only,1,0,14,100000.000000,1500000.000000,0.000051,987.987089,982.905889,5.081200,508120.000000,0.066667,0,1
20,I4_J20,ga_greedy_only,1,1,14,100000.000000,1500000.000000,0.000051,960.342824,955.261624,5.081200,508120.000000,0.066667,0,1
20,I4_J20,ga_greedy_only,1,0,15,585887.773678,1500000.000000,0.000044,868.562596,842.844467,25.718130,15067937.760925,0.390592,0,1
20,I4_J20,ga_greedy_only,1,1,15,1913978.494624,1500000.000000,0.000044,936.746789,870.902789,65.844000,126024000.000000,1.275986,1,1
20,I4_J20,ga_greedy_only,1,0,16,100000.000000,1500000.000000,0.000003,853.112955,852.769355,0.343600,34360.000000,0.066667,0,1
20,I4_J20,ga_greedy_only,1,1,16,100000.000000,1500000.000000,0.000003,819.060419,818.716819,0.343600,34360.000000,0.066667,0,1
20,I4_J20,ga_greedy_only,1,0,17,100000.000000,1500000.000000,0.000009,801.213033,800.326133,0.886900,88690.000000,0.066667,0,1
20,I4_J20,ga_greedy_only,1,1,17,315281.400011,1500000.000000,0.000009,839.741882,836.945651,2.796231,881599.541418,0.210188,0,1
20,I4_J20,ga_greedy_only,1,0,18,100000.000000,1500000.000000,0.000042,907.455934,903.296534,4.159400,415940.000000,0.066667,0,1
20,I4_J20,ga_greedy_only,1,1,18,100000.000000,1500000.000000,0.000042,907.070218,902.910818,4.159400,415940.000000,0.066667,0,1
20,I4_J20,ga_greedy_only,1,0,19,0.000000,1500000.000000,0.000045,941.437216,941.437216,0.000000,0.000000,0.000000,0,0
20,I4_J20,ga_greedy_only,1,1,19,299748.936567,1500000.000000,0.000045,854.487776,840.964003,13.523773,4053736.506498,0.199833,0,1
20,I4_J20,ga_greedy_only,2,0,0,0.000000,1500000.000000,0.000027,862.655137,862.655137,0.000000,0.000000,0.000000,0,0
20,I4_J20,ga_greedy_only,2,1,0,0.000000,1500000.000000,0.000027,926.999545,926.999545,0.000000,0.000000,0.000000,0,0
20,I4_J20,ga_greedy_only,2,0,1,0.000000,1500000.000000,0.000013,809.027682,809.027682,0.000000,0.000000,0.000000,0,0
20,I4_J20,ga_greedy_only,2,1,1,0.000000,1500000.000000,0.000013,890.173310,890.173310,0.000000,0.000000,0.000000,0,0
20,I4_J20,ga_greedy_only,2,0,2,0.000000,1500000.000000,0.000050,923.901352,923.901352,0.000000,0.000000,0.000000,0,0
20,I4_J20,ga_greedy_only,2,1,2,0.000000,1500000.000000,0.000050,921.584641,921.584641,0.000000,0.000000,0.000000,0,0
20,I4_J20,ga_greedy_only,2,0,3,0.000000,1500000.000000,0.000041,906.078369,906.078369,0.000000,0.000000,0.000000,0,0
20,I4_J20,ga_greedy_only,2,1,3,0.000000,1500000.000000,0.000041,902.216840,902.216840,0.000000,0.000000,0.000000,0,0
20,I4_J20,ga_greedy_only,2,0,4,0.000000,1500000.000000,0.000027,877.099034,877.099034,0.000000,0.000000,0.000000,0,0
20,I4_J20,ga_greedy_only,2,1,4,0.000000,1500000.000000,0.000027,879.055731,879.055731,0.000000,0.000000,0.000000,0,0
20,I4_J20,ga_greedy_only,2,0,5,0.000000,1500000.000000,0.000030,980.058050,980.058050,0.000000,0.000000,0.000000,0,0
20,I4_J20,ga_greedy_only,2,1,5,0.000000,1500000.000000,0.000030,941.096515,941.096515,0.000000,0.000000,0.000000,0,0
20,I4_J20,ga_greedy_only,2,0,6,0.000000,1500000.000000,0.000033,897.130788,897.130788,0.000000,0.000000,0.000000,0,0
20,I4_J20,ga_greedy_only,2,1,6,0.000000,1500000.000000,0.000033,893.248166,893.248166,0.000000,0.000000,0.000000,0,0
20,I4_J20,ga_greedy_only,2,0,7,0.000000,1500000.000000,0.000050,921.652600,921.652600,0.000000,0.000000,0.000000,0,0
20,I4_J20,ga_greedy_only,2,1,7,0.000000,1500000.000000,0.000050,907.039295,907.039295,0.000000,0.000000,0.000000,0,0
20,I4_J20,ga_greedy_only,2,0,8,0.000000,1500000.000000,0.000009,964.597013,964.597013,0.000000,0.000000,0.000000,0,0
20,I4_J20,ga_greedy_only,2,1,8,0.000000,1500000.000000,0.000009,864.525103,864.525103,0.000000,0.000000,0.000000,0,0
20,I4_J20,ga_greedy_only,2,0,9,0.000000,1500000.000000,0.000076,996.559651,996.559651,0.000000,0.000000,0.000000,0,0
20,I4_J20,ga_greedy_only,2,1,9,0.000000,1500000.000000,0.000076,906.757771,906.757771,0.000000,0.000000,0.000000,0,0
20,I4_J20,ga_greedy_only,2,0,10,0.000000,1500000.000000,0.000049,888.146005,888.146005,0.000000,0.000000,0.000000,0,0
20,I4_J20,ga_greedy_only,2,1,10,0.000000,1500000.000000,0.000049,971.283957,971.283957,0.000000,0.000000,0.000000,0,0
20,I4_J20,ga_greedy_only,2,0,11,0.000000,1500000.000000,0.000038,838.189030,838.189030,0.000000,0.000000,0.000000,0,0
20,I4_J20,ga_greedy_only,2,1,11,0.000000,1500000.000000,0.000038,858.504466,858.504466,0.000000,0.000000,0.000000,0,0
20,I4_J20,ga_greedy_only,2,0,12,0.000000,1500000.000000,0.000064,964.873022,964.873022,0.000000,0.000000,0.000000,0,0
20,I4_J20,ga_greedy_only,2,1,12,0.000000,1500000.000000,0.000064,967.958292,967.958292,0.000000,0.000000,0.000000,0,0
20,I4_J20,ga_greedy_only,2,0,13,445450.502854,1500000.000000,0.000077,942.604206,908.251509,34.352697,15302426.299873,0.296967,0,1
20,I4_J20,ga_greedy_only,2,1,13,100000.000000,1500000.000000,0.000077,915.347772,907.635872,7.711900,771190.000000,0.066667,0,1
20,I4_J20,ga_greedy_only,2,0,14,100000.000000,1500000.000000,0.000051,987.987089,982.905889,5.081200,508120.000000,0.066667,0,1
20,I4_J20,ga_greedy_only,2,1,14,100000.000000,1500000.000000,0.000051,960.342824,955.261624,5.081200,508120.000000,0.066667,0,1
20,I4_J20,ga_greedy_only,2,0,15,1006867.633949,1500000.000000,0.000044,868.562596,824.365135,44.197462,44500993.647967,0.671245,0,1
20,I4_J20,ga_greedy_only,2,1,15,1898924.731183,1500000.000000,0.000044,936.746789,870.902789,65.844000,125032800.000000,1.265950,1,1
20,I4_J20,ga_greedy_only,2,0,16,100000.000000,1500000.000000,0.000003,853.112955,852.769355,0.343600,34360.000000,0.066667,0,1
20,I4_J20,ga_greedy_only,2,1,16,100000.000000,1500000.000000,0.000003,819.060419,818.716819,0.343600,34360.000000,0.066667,0,1
20,I4_J20,ga_greedy_only,2,0,17,100000.000000,1500000.000000,0.000009,801.213033,800.326133,0.886900,88690.000000,0.066667,0,1
20,I4_J20,ga_greedy_only,2,1,17,100000.000000,1500000.000000,0.000009,839.741882,838.854982,0.886900,88690.000000,0.066667,0,1
20,I4_J20,ga_greedy_only,2,0,18,100000.000000,1500000.000000,0.000042,907.455934,903.296534,4.159400,415940.000000,0.066667,0,1
20,I4_J20,ga_greedy_only,2,1,18,100000.000000,1500000.000000,0.000042,907.070218,902.910818,4.159400,415940.000000,0.066667,0,1
20,I4_J20,ga_greedy_only,2,0,19,0.000000,1500000.000000,0.000045,941.437216,941.437216,0.000000,0.000000,0.000000,0,0
20,I4_J20,ga_greedy_only,2,1,19,720621.723591,1500000.000000,0.000045,854.487776,821.975485,32.512290,23429062.676198,0.480414,0,1
20,I4_J20,ga_greedy_only,3,0,0,0.000000,1500000.000000,0.000027,862.655137,862.655137,0.000000,0.000000,0.000000,0,0
20,I4_J20,ga_greedy_only,3,1,0,0.000000,1500000.000000,0.000027,926.999545,926.999545,0.000000,0.000000,0.000000,0,0
20,I4_J20,ga_greedy_only,3,0,1,0.000000,1500000.000000,0.000013,809.027682,809.027682,0.000000,0.000000,0.000000,0,0
20,I4_J20,ga_greedy_only,3,1,1,0.000000,1500000.000000,0.000013,890.173310,890.173310,0.000000,0.000000,0.000000,0,0
20,I4_J20,ga_greedy_only,3,0,2,0.000000,1500000.000000,0.000050,923.901352,923.901352,0.000000,0.000000,0.000000,0,0
20,I4_J20,ga_greedy_only,3,1,2,0.000000,1500000.000000,0.000050,921.584641,921.584641,0.000000,0.000000,0.000000,0,0
20,I4_J20,ga_greedy_only,3,0,3,0.000000,1500000.000000,0.000041,906.078369,906.078369,0.000000,0.000000,0.000000,0,0
20,I4_J20,ga_greedy_only,3,1,3,0.000000,1500000.000000,0.000041,902.216840,902.216840,0.000000,0.000000,0.000000,0,0
20,I4_J20,ga_greedy_only,3,0,4,0.000000,1500000.000000,0.000027,877.099034,877.099034,0.000000,0.000000,0.000000,0,0
20,I4_J20,ga_greedy_only,3,1,4,0.000000,1500000.000000,0.000027,879.055731,879.055731,0.000000,0.000000,0.000000,0,0
20,I4_J20,ga_greedy_only,3,0,5,0.000000,1500000.000000,0.000030,980.058050,980.058050,0.000000,0.000000,0.000000,0,0
20,I4_J20,ga_greedy_only,3,1,5,0.000000,1500000.000000,0.000030,941.096515,941.096515,0.000000,0.000000,0.000000,0,0
20,I4_J20,ga_greedy_only,3,0,6,0.000000,1500000.000000,0.000033,897.130788,897.130788,0.000000,0.000000,0.000000,0,0
20,I4_J20,ga_greedy_only,3,1,6,0.000000,1500000.000000,0.000033,893.248166,893.248166,0.000000,0.000000,0.000000,0,0
20,I4_J20,ga_greedy_only,3,0,7,0.000000,1500000.000000,0.000050,921.652600,921.652600,0.000000,0.000000,0.000000,0,0
20,I4_J20,ga_greedy_only,3,1,7,0.000000,1500000.000000,0.000050,907.039295,907.039295,0.000000,0.000000,0.000000,0,0
20,I4_J20,ga_greedy_only,3,0,8,0.000000,1500000.000000,0.000009,964.597013,964.597013,0.000000,0.000000,0.000000,0,0
20,I4_J20,ga_greedy_only,3,1,8,0.000000,1500000.000000,0.000009,864.525103,864.525103,0.000000,0.000000,0.000000,0,0
20,I4_J20,ga_greedy_only,3,0,9,0.000000,1500000.000000,0.000076,996.559651,996.559651,0.000000,0.000000,0.000000,0,0
20,I4_J20,ga_greedy_only,3,1,9,0.000000,1500000.000000,0.000076,906.757771,906.757771,0.000000,0.000000,0.000000,0,0
20,I4_J20,ga_greedy_only,3,0,10,0.000000,1500000.000000,0.000049,888.146005,888.146005,0.000000,0.000000,0.000000,0,0
20,I4_J20,ga_greedy_only,3,1,10,0.000000,1500000.000000,0.000049,971.283957,971.283957,0.000000,0.000000,0.000000,0,0
20,I4_J20,ga_greedy_only,3,0,11,0.000000,1500000.000000,0.000038,838.189030,838.189030,0.000000,0.000000,0.000000,0,0
20,I4_J20,ga_greedy_only,3,1,11,0.000000,1500000.000000,0.000038,858.504466,858.504466,0.000000,0.000000,0.000000,0,0
20,I4_J20,ga_greedy_only,3,0,12,0.000000,1500000.000000,0.000064,964.873022,964.873022,0.000000,0.000000,0.000000,0,0
20,I4_J20,ga_greedy_only,3,1,12,0.000000,1500000.000000,0.000064,967.958292,967.958292,0.000000,0.000000,0.000000,0,0
20,I4_J20,ga_greedy_only,3,0,13,445450.502854,1500000.000000,0.000077,942.604206,908.251509,34.352697,15302426.299873,0.296967,0,1
20,I4_J20,ga_greedy_only,3,1,13,600177.091893,1500000.000000,0.000077,915.347772,869.062715,46.285057,27779230.998216,0.400118,0,1
20,I4_J20,ga_greedy_only,3,0,14,100000.000000,1500000.000000,0.000051,987.987089,982.905889,5.081200,508120.000000,0.066667,0,1
20,I4_J20,ga_greedy_only,3,1,14,100000.000000,1500000.000000,0.000051,960.342824,955.261624,5.081200,508120.000000,0.066667,0,1
20,I4_J20,ga_greedy_only,3,0,15,925146.171583,1500000.000000,0.000044,868.562596,827.952380,40.610216,37570386.181353,0.616764,0,1
20,I4_J20,ga_greedy_only,3,1,15,1674193.548387,1500000.000000,0.000044,936.746789,870.902789,65.844000,110235600.000000,1.116129,1,1
20,I4_J20,ga_greedy_only,3,0,16,100000.000000,1500000.000000,0.000003,853.112955,852.769355,0.343600,34360.000000,0.066667,0,1
20,I4_J20,ga_greedy_only,3,1,16,100000.000000,1500000.000000,0.000003,819.060419,818.716819,0.343600,34360.000000,0.066667,0,1
20,I4_J20,ga_greedy_only,3,0,17,100000.000000,1500000.000000,0.000009,801.213033,800.326133,0.886900,88690.000000,0.066667,0,1
20,I4_J20,ga_greedy_only,3,1,17,100000.000000,1500000.000000,0.000009,839.741882,838.854982,0.886900,88690.000000,0.066667,0,1
20,I4_J20,ga_greedy_only,3,0,18,100000.000000,1500000.000000,0.000042,907.455934,903.296534,4.159400,415940.000000,0.066667,0,1
20,I4_J20,ga_greedy_only,3,1,18,100000.000000,1500000.000000,0.000042,907.070218,902.910818,4.159400,415940.000000,0.066667,0,1
20,I4_J20,ga_greedy_only,3,0,19,0.000000,1500000.000000,0.000045,941.437216,941.437216,0.000000,0.000000,0.000000,0,0
20,I4_J20,ga_greedy_only,3,1,19,394555.014489,1500000.000000,0.000045,854.487776,836.686637,17.801139,7023528.493773,0.263037,0,1
20,I4_J20,ga_greedy_only,4,0,0,0.000000,1500000.000000,0.000027,862.655137,862.655137,0.000000,0.000000,0.000000,0,0
20,I4_J20,ga_greedy_only,4,1,0,0.000000,1500000.000000,0.000027,926.999545,926.999545,0.000000,0.000000,0.000000,0,0
20,I4_J20,ga_greedy_only,4,0,1,0.000000,1500000.000000,0.000013,809.027682,809.027682,0.000000,0.000000,0.000000,0,0
20,I4_J20,ga_greedy_only,4,1,1,0.000000,1500000.000000,0.000013,890.173310,890.173310,0.000000,0.000000,0.000000,0,0
20,I4_J20,ga_greedy_only,4,0,2,0.000000,1500000.000000,0.000050,923.901352,923.901352,0.000000,0.000000,0.000000,0,0
20,I4_J20,ga_greedy_only,4,1,2,0.000000,1500000.000000,0.000050,921.584641,921.584641,0.000000,0.000000,0.000000,0,0
20,I4_J20,ga_greedy_only,4,0,3,0.000000,1500000.000000,0.000041,906.078369,906.078369,0.000000,0.000000,0.000000,0,0
20,I4_J20,ga_greedy_only,4,1,3,0.000000,1500000.000000,0.000041,902.216840,902.216840,0.000000,0.000000,0.000000,0,0
20,I4_J20,ga_greedy_only,4,0,4,0.000000,1500000.000000,0.000027,877.099034,877.099034,0.000000,0.000000,0.000000,0,0
20,I4_J20,ga_greedy_only,4,1,4,0.000000,1500000.000000,0.000027,879.055731,879.055731,0.000000,0.000000,0.000000,0,0
20,I4_J20,ga_greedy_only,4,0,5,0.000000,1500000.000000,0.000030,980.058050,980.058050,0.000000,0.000000,0.000000,0,0
20,I4_J20,ga_greedy_only,4,1,5,0.000000,1500000.000000,0.000030,941.096515,941.096515,0.000000,0.000000,0.000000,0,0
20,I4_J20,ga_greedy_only,4,0,6,0.000000,1500000.000000,0.000033,897.130788,897.130788,0.000000,0.000000,0.000000,0,0
20,I4_J20,ga_greedy_only,4,1,6,0.000000,1500000.000000,0.000033,893.248166,893.248166,0.000000,0.000000,0.000000,0,0
20,I4_J20,ga_greedy_only,4,0,7,0.000000,1500000.000000,0.000050,921.652600,921.652600,0.000000,0.000000,0.000000,0,0
20,I4_J20,ga_greedy_only,4,1,7,0.000000,1500000.000000,0.000050,907.039295,907.039295,0.000000,0.000000,0.000000,0,0
20,I4_J20,ga_greedy_only,4,0,8,0.000000,1500000.000000,0.000009,964.597013,964.597013,0.000000,0.000000,0.000000,0,0
20,I4_J20,ga_greedy_only,4,1,8,0.000000,1500000.000000,0.000009,864.525103,864.525103,0.000000,0.000000,0.000000,0,0
20,I4_J20,ga_greedy_only,4,0,9,0.000000,1500000.000000,0.000076,996.559651,996.559651,0.000000,0.000000,0.000000,0,0
20,I4_J20,ga_greedy_only,4,1,9,0.000000,1500000.000000,0.000076,906.757771,906.757771,0.000000,0.000000,0.000000,0,0
20,I4_J20,ga_greedy_only,4,0,10,0.000000,1500000.000000,0.000049,888.146005,888.146005,0.000000,0.000000,0.000000,0,0
20,I4_J20,ga_greedy_only,4,1,10,0.000000,1500000.000000,0.000049,971.283957,971.283957,0.000000,0.000000,0.000000,0,0
20,I4_J20,ga_greedy_only,4,0,11,0.000000,1500000.000000,0.000038,838.189030,838.189030,0.000000,0.000000,0.000000,0,0
20,I4_J20,ga_greedy_only,4,1,11,0.000000,1500000.000000,0.000038,858.504466,858.504466,0.000000,0.000000,0.000000,0,0
20,I4_J20,ga_greedy_only,4,0,12,0.000000,1500000.000000,0.000064,964.873022,964.873022,0.000000,0.000000,0.000000,0,0
20,I4_J20,ga_greedy_only,4,1,12,0.000000,1500000.000000,0.000064,967.958292,967.958292,0.000000,0.000000,0.000000,0,0
20,I4_J20,ga_greedy_only,4,0,13,0.000000,1500000.000000,0.000077,942.604206,942.604206,0.000000,0.000000,0.000000,0,0
20,I4_J20,ga_greedy_only,4,1,13,0.000000,1500000.000000,0.000077,915.347772,915.347772,0.000000,0.000000,0.000000,0,0
20,I4_J20,ga_greedy_only,4,0,14,100000.000000,1500000.000000,0.000051,987.987089,982.905889,5.081200,508120.000000,0.066667,0,1
20,I4_J20,ga_greedy_only,4,1,14,100000.000000,1500000.000000,0.000051,960.342824,955.261624,5.081200,508120.000000,0.066667,0,1
20,I4_J20,ga_greedy_only,4,0,15,933748.784486,1500000.000000,0.000044,868.562596,827.574760,40.987837,38272342.644897,0.622499,0,1
20,I4_J20,ga_greedy_only,4,1,15,1868817.204301,1500000.000000,0.000044,936.746789,870.902789,65.844000,123050400.000000,1.245878,1,1
20,I4_J20,ga_greedy_only,4,0,16,100000.000000,1500000.000000,0.000003,853.112955,852.769355,0.343600,34360.000000,0.066667,0,1
20,I4_J20,ga_greedy_only,4,1,16,100000.000000,1500000.000000,0.000003,819.060419,818.716819,0.343600,34360.000000,0.066667,0,1
20,I4_J20,ga_greedy_only,4,0,17,100000.000000,1500000.000000,0.000009,801.213033,800.326133,0.886900,88690.000000,0.066667,0,1
20,I4_J20,ga_greedy_only,4,1,17,100000.000000,1500000.000000,0.000009,839.741882,838.854982,0.886900,88690.000000,0.066667,0,1
20,I4_J20,ga_greedy_only,4,0,18,100000.000000,1500000.000000,0.000042,907.455934,903.296534,4.159400,415940.000000,0.066667,0,1
20,I4_J20,ga_greedy_only,4,1,18,100000.000000,1500000.000000,0.000042,907.070218,902.910818,4.159400,415940.000000,0.066667,0,1
20,I4_J20,ga_greedy_only,4,0,19,443561.535285,1500000.000000,0.000045,941.437216,921.425050,20.012166,8876626.981047,0.295708,0,1
20,I4_J20,ga_greedy_only,4,1,19,792133.507786,1500000.000000,0.000045,854.487776,818.749088,35.738687,28309811.869880,0.528089,0,1
25,I4_J25,manual,-1,0,0,0.000000,1500000.000000,0.000027,862.655137,862.655137,0.000000,0.000000,0.000000,0,0
25,I4_J25,manual,-1,1,0,0.000000,1500000.000000,0.000027,926.999545,926.999545,0.000000,0.000000,0.000000,0,0
25,I4_J25,manual,-1,0,1,0.000000,1500000.000000,0.000013,809.027682,809.027682,0.000000,0.000000,0.000000,0,0
25,I4_J25,manual,-1,1,1,0.000000,1500000.000000,0.000013,890.173310,890.173310,0.000000,0.000000,0.000000,0,0
25,I4_J25,manual,-1,0,2,0.000000,1500000.000000,0.000050,923.901352,923.901352,0.000000,0.000000,0.000000,0,0
25,I4_J25,manual,-1,1,2,0.000000,1500000.000000,0.000050,921.584641,921.584641,0.000000,0.000000,0.000000,0,0
25,I4_J25,manual,-1,0,3,0.000000,1500000.000000,0.000041,906.078369,906.078369,0.000000,0.000000,0.000000,0,0
25,I4_J25,manual,-1,1,3,0.000000,1500000.000000,0.000041,902.216840,902.216840,0.000000,0.000000,0.000000,0,0
25,I4_J25,manual,-1,0,4,0.000000,1500000.000000,0.000027,877.099034,877.099034,0.000000,0.000000,0.000000,0,0
25,I4_J25,manual,-1,1,4,0.000000,1500000.000000,0.000027,879.055731,879.055731,0.000000,0.000000,0.000000,0,0
25,I4_J25,manual,-1,0,5,0.000000,1500000.000000,0.000030,980.058050,980.058050,0.000000,0.000000,0.000000,0,0
25,I4_J25,manual,-1,1,5,0.000000,1500000.000000,0.000030,941.096515,941.096515,0.000000,0.000000,0.000000,0,0
25,I4_J25,manual,-1,0,6,0.000000,1500000.000000,0.000033,897.130788,897.130788,0.000000,0.000000,0.000000,0,0
25,I4_J25,manual,-1,1,6,0.000000,1500000.000000,0.000033,893.248166,893.248166,0.000000,0.000000,0.000000,0,0
25,I4_J25,manual,-1,0,7,0.000000,1500000.000000,0.000050,921.652600,921.652600,0.000000,0.000000,0.000000,0,0
25,I4_J25,manual,-1,1,7,0.000000,1500000.000000,0.000050,907.039295,907.039295,0.000000,0.000000,0.000000,0,0
25,I4_J25,manual,-1,0,8,0.000000,1500000.000000,0.000009,964.597013,964.597013,0.000000,0.000000,0.000000,0,0
25,I4_J25,manual,-1,1,8,0.000000,1500000.000000,0.000009,864.525103,864.525103,0.000000,0.000000,0.000000,0,0
25,I4_J25,manual,-1,0,9,0.000000,1500000.000000,0.000076,996.559651,996.559651,0.000000,0.000000,0.000000,0,0
25,I4_J25,manual,-1,1,9,0.000000,1500000.000000,0.000076,906.757771,906.757771,0.000000,0.000000,0.000000,0,0
25,I4_J25,manual,-1,0,10,0.000000,1500000.000000,0.000049,888.146005,888.146005,0.000000,0.000000,0.000000,0,0
25,I4_J25,manual,-1,1,10,0.000000,1500000.000000,0.000049,971.283957,971.283957,0.000000,0.000000,0.000000,0,0
25,I4_J25,manual,-1,0,11,0.000000,1500000.000000,0.000038,838.189030,838.189030,0.000000,0.000000,0.000000,0,0
25,I4_J25,manual,-1,1,11,0.000000,1500000.000000,0.000038,858.504466,858.504466,0.000000,0.000000,0.000000,0,0
25,I4_J25,manual,-1,0,12,0.000000,1500000.000000,0.000064,964.873022,964.873022,0.000000,0.000000,0.000000,0,0
25,I4_J25,manual,-1,1,12,0.000000,1500000.000000,0.000064,967.958292,967.958292,0.000000,0.000000,0.000000,0,0
25,I4_J25,manual,-1,0,13,0.000000,1500000.000000,0.000077,942.604206,942.604206,0.000000,0.000000,0.000000,0,0
25,I4_J25,manual,-1,1,13,0.000000,1500000.000000,0.000077,915.347772,915.347772,0.000000,0.000000,0.000000,0,0
25,I4_J25,manual,-1,0,14,100000.000000,1500000.000000,0.000051,987.987089,982.905889,5.081200,508120.000000,0.066667,0,1
25,I4_J25,manual,-1,1,14,100000.000000,1500000.000000,0.000051,960.342824,955.261624,5.081200,508120.000000,0.066667,0,1
25,I4_J25,manual,-1,0,15,577816.097336,1500000.000000,0.000044,868.562596,843.198781,25.363815,14655620.832963,0.385211,0,1
25,I4_J25,manual,-1,1,15,1288844.666667,1500000.000000,0.000044,936.746789,880.171663,56.575125,72916548.751206,0.859230,0,1
25,I4_J25,manual,-1,0,16,100000.000000,1500000.000000,0.000003,853.112955,852.769355,0.343600,34360.000000,0.066667,0,1
25,I4_J25,manual,-1,1,16,100000.000000,1500000.000000,0.000003,819.060419,818.716819,0.343600,34360.000000,0.066667,0,1
25,I4_J25,manual,-1,0,17,100000.000000,1500000.000000,0.000009,801.213033,800.326133,0.886900,88690.000000,0.066667,0,1
25,I4_J25,manual,-1,1,17,100000.000000,1500000.000000,0.000009,839.741882,838.854982,0.886900,88690.000000,0.066667,0,1
25,I4_J25,manual,-1,0,18,100000.000000,1500000.000000,0.000042,907.455934,903.296534,4.159400,415940.000000,0.066667,0,1
25,I4_J25,manual,-1,1,18,100000.000000,1500000.000000,0.000042,907.070218,902.910818,4.159400,415940.000000,0.066667,0,1
25,I4_J25,manual,-1,0,19,100000.000000,1500000.000000,0.000045,941.437216,936.925516,4.511700,451170.000000,0.066667,0,1
25,I4_J25,manual,-1,1,19,100000.000000,1500000.000000,0.000045,854.487776,849.976076,4.511700,451170.000000,0.066667,0,1
25,I4_J25,manual,-1,0,20,100000.000000,1500000.000000,0.000073,878.820697,871.474247,7.346450,734645.000000,0.066667,0,1
25,I4_J25,manual,-1,1,20,100000.000000,1500000.000000,0.000073,994.206555,986.860105,7.346450,734645.000000,0.066667,0,1
25,I4_J25,manual,-1,0,21,100000.000000,1500000.000000,0.000052,950.635258,945.396498,5.238760,523876.000000,0.066667,0,1
25,I4_J25,manual,-1,1,21,100000.000000,1500000.000000,0.000052,969.615714,964.376954,5.238760,523876.000000,0.066667,0,1
25,I4_J25,manual,-1,0,22,467141.526317,1500000.000000,0.000047,869.992876,847.873912,22.118964,10332686.797124,0.311428,0,1
25,I4_J25,manual,-1,1,22,1162390.649318,1500000.000000,0.000047,844.091747,789.053014,55.038732,63976507.762938,0.774927,0,1
25,I4_J25,manual,-1,0,23,100000.000000,1500000.000000,0.000032,805.492193,802.273043,3.219150,321915.000000,0.066667,0,1
25,I4_J25,manual,-1,1,23,100000.000000,1500000.000000,0.000032,942.527275,939.308125,3.219150,321915.000000,0.066667,0,1
25,I4_J25,manual,-1,0,24,100000.000000,1500000.000000,0.000081,888.671089,880.539359,8.131730,813173.000000,0.066667,0,1
25,I4_J25,manual,-1,1,24,100000.000000,1500000.000000,0.000081,993.586430,985.454700,8.131730,813173.000000,0.066667,0,1
25,I4_J25,ga_greedy_only,0,0,0,0.000000,1500000.000000,0.000027,862.655137,862.655137,0.000000,0.000000,0.000000,0,0
25,I4_J25,ga_greedy_only,0,1,0,0.000000,1500000.000000,0.000027,926.999545,926.999545,0.000000,0.000000,0.000000,0,0
25,I4_J25,ga_greedy_only,0,0,1,0.000000,1500000.000000,0.000013,809.027682,809.027682,0.000000,0.000000,0.000000,0,0
25,I4_J25,ga_greedy_only,0,1,1,0.000000,1500000.000000,0.000013,890.173310,890.173310,0.000000,0.000000,0.000000,0,0
25,I4_J25,ga_greedy_only,0,0,2,0.000000,1500000.000000,0.000050,923.901352,923.901352,0.000000,0.000000,0.000000,0,0
25,I4_J25,ga_greedy_only,0,1,2,0.000000,1500000.000000,0.000050,921.584641,921.584641,0.000000,0.000000,0.000000,0,0
25,I4_J25,ga_greedy_only,0,0,3,0.000000,1500000.000000,0.000041,906.078369,906.078369,0.000000,0.000000,0.000000,0,0
25,I4_J25,ga_greedy_only,0,1,3,0.000000,1500000.000000,0.000041,902.216840,902.216840,0.000000,0.000000,0.000000,0,0
25,I4_J25,ga_greedy_only,0,0,4,0.000000,1500000.000000,0.000027,877.099034,877.099034,0.000000,0.000000,0.000000,0,0
25,I4_J25,ga_greedy_only,0,1,4,0.000000,1500000.000000,0.000027,879.055731,879.055731,0.000000,0.000000,0.000000,0,0
25,I4_J25,ga_greedy_only,0,0,5,0.000000,1500000.000000,0.000030,980.058050,980.058050,0.000000,0.000000,0.000000,0,0
25,I4_J25,ga_greedy_only,0,1,5,0.000000,1500000.000000,0.000030,941.096515,941.096515,0.000000,0.000000,0.000000,0,0
25,I4_J25,ga_greedy_only,0,0,6,0.000000,1500000.000000,0.000033,897.130788,897.130788,0.000000,0.000000,0.000000,0,0
25,I4_J25,ga_greedy_only,0,1,6,0.000000,1500000.000000,0.000033,893.248166,893.248166,0.000000,0.000000,0.000000,0,0
25,I4_J25,ga_greedy_only,0,0,7,0.000000,1500000.000000,0.000050,921.652600,921.652600,0.000000,0.000000,0.000000,0,0
25,I4_J25,ga_greedy_only,0,1,7,0.000000,1500000.000000,0.000050,907.039295,907.039295,0.000000,0.000000,0.000000,0,0
25,I4_J25,ga_greedy_only,0,0,8,0.000000,1500000.000000,0.000009,964.597013,964.597013,0.000000,0.000000,0.000000,0,0
25,I4_J25,ga_greedy_only,0,1,8,0.000000,1500000.000000,0.000009,864.525103,864.525103,0.000000,0.000000,0.000000,0,0
25,I4_J25,ga_greedy_only,0,0,9,0.000000,1500000.000000,0.000076,996.559651,996.559651,0.000000,0.000000,0.000000,0,0
25,I4_J25,ga_greedy_only,0,1,9,0.000000,1500000.000000,0.000076,906.757771,906.757771,0.000000,0.000000,0.000000,0,0
25,I4_J25,ga_greedy_only,0,0,10,0.000000,1500000.000000,0.000049,888.146005,888.146005,0.000000,0.000000,0.000000,0,0
25,I4_J25,ga_greedy_only,0,1,10,0.000000,1500000.000000,0.000049,971.283957,971.283957,0.000000,0.000000,0.000000,0,0
25,I4_J25,ga_greedy_only,0,0,11,0.000000,1500000.000000,0.000038,838.189030,838.189030,0.000000,0.000000,0.000000,0,0
25,I4_J25,ga_greedy_only,0,1,11,0.000000,1500000.000000,0.000038,858.504466,858.504466,0.000000,0.000000,0.000000,0,0
25,I4_J25,ga_greedy_only,0,0,12,0.000000,1500000.000000,0.000064,964.873022,964.873022,0.000000,0.000000,0.000000,0,0
25,I4_J25,ga_greedy_only,0,1,12,0.000000,1500000.000000,0.000064,967.958292,967.958292,0.000000,0.000000,0.000000,0,0
25,I4_J25,ga_greedy_only,0,0,13,0.000000,1500000.000000,0.000077,942.604206,942.604206,0.000000,0.000000,0.000000,0,0
25,I4_J25,ga_greedy_only,0,1,13,0.000000,1500000.000000,0.000077,915.347772,915.347772,0.000000,0.000000,0.000000,0,0
25,I4_J25,ga_greedy_only,0,0,14,100000.000000,1500000.000000,0.000051,987.987089,982.905889,5.081200,508120.000000,0.066667,0,1
25,I4_J25,ga_greedy_only,0,1,14,100000.000000,1500000.000000,0.000051,960.342824,955.261624,5.081200,508120.000000,0.066667,0,1
25,I4_J25,ga_greedy_only,0,0,15,360305.043946,1500000.000000,0.000044,868.562596,852.746646,15.815950,5698566.635105,0.240203,0,1
25,I4_J25,ga_greedy_only,0,1,15,1832257.186770,1500000.000000,0.000044,936.746789,870.902789,65.844000,120643142.205665,1.221505,1,1
25,I4_J25,ga_greedy_only,0,0,16,100000.000000,1500000.000000,0.000003,853.112955,852.769355,0.343600,34360.000000,0.066667,0,1
25,I4_J25,ga_greedy_only,0,1,16,100000.000000,1500000.000000,0.000003,819.060419,818.716819,0.343600,34360.000000,0.066667,0,1
25,I4_J25,ga_greedy_only,0,0,17,100000.000000,1500000.000000,0.000009,801.213033,800.326133,0.886900,88690.000000,0.066667,0,1
25,I4_J25,ga_greedy_only,0,1,17,100000.000000,1500000.000000,0.000009,839.741882,838.854982,0.886900,88690.000000,0.066667,0,1
25,I4_J25,ga_greedy_only,0,0,18,100000.000000,1500000.000000,0.000042,907.455934,903.296534,4.159400,415940.000000,0.066667,0,1
25,I4_J25,ga_greedy_only,0,1,18,100000.000000,1500000.000000,0.000042,907.070218,902.910818,4.159400,415940.000000,0.066667,0,1
25,I4_J25,ga_greedy_only,0,0,19,100000.000000,1500000.000000,0.000045,941.437216,936.925516,4.511700,451170.000000,0.066667,0,1
25,I4_J25,ga_greedy_only,0,1,19,100000.000000,1500000.000000,0.000045,854.487776,849.976076,4.511700,451170.000000,0.066667,0,1
25,I4_J25,ga_greedy_only,0,0,20,100000.000000,1500000.000000,0.000073,878.820697,871.474247,7.346450,734645.000000,0.066667,0,1
25,I4_J25,ga_greedy_only,0,1,20,100000.000000,1500000.000000,0.000073,994.206555,986.860105,7.346450,734645.000000,0.066667,0,1
25,I4_J25,ga_greedy_only,0,0,21,100000.000000,1500000.000000,0.000052,950.635258,945.396498,5.238760,523876.000000,0.066667,0,1
25,I4_J25,ga_greedy_only,0,1,21,100000.000000,1500000.000000,0.000052,969.615714,964.376954,5.238760,523876.000000,0.066667,0,1
25,I4_J25,ga_greedy_only,0,0,22,498027.117747,1500000.000000,0.000047,869.992876,846.411492,23.581385,11744169.111618,0.332018,0,1
25,I4_J25,ga_greedy_only,0,1,22,486342.870748,1500000.000000,0.000047,844.091747,821.063606,23.028140,11199571.906606,0.324229,0,1
25,I4_J25,ga_greedy_only,0,0,23,100000.000000,1500000.000000,0.000032,805.492193,802.273043,3.219150,321915.000000,0.066667,0,1
25,I4_J25,ga_greedy_only,0,1,23,100000.000000,1500000.000000,0.000032,942.527275,939.308125,3.219150,321915.000000,0.066667,0,1
25,I4_J25,ga_greedy_only,0,0,24,100000.000000,1500000.000000,0.000081,888.671089,880.539359,8.131730,813173.000000,0.066667,0,1
25,I4_J25,ga_greedy_only,0,1,24,100000.000000,1500000.000000,0.000081,993.586430,985.454700,8.131730,813173.000000,0.066667,0,1
25,I4_J25,ga_greedy_only,1,0,0,0.000000,1500000.000000,0.000027,862.655137,862.655137,0.000000,0.000000,0.000000,0,0
25,I4_J25,ga_greedy_only,1,1,0,0.000000,1500000.000000,0.000027,926.999545,926.999545,0.000000,0.000000,0.000000,0,0
25,I4_J25,ga_greedy_only,1,0,1,100000.000000,1500000.000000,0.000013,809.027682,807.761982,1.265700,126570.000000,0.066667,0,1
25,I4_J25,ga_greedy_only,1,1,1,0.000000,1500000.000000,0.000013,890.173310,890.173310,0.000000,0.000000,0.000000,0,0
25,I4_J25,ga_greedy_only,1,0,2,0.000000,1500000.000000,0.000050,923.901352,923.901352,0.000000,0.000000,0.000000,0,0
25,I4_J25,ga_greedy_only,1,1,2,0.000000,1500000.000000,0.000050,921.584641,921.584641,0.000000,0.000000,0.000000,0,0
25,I4_J25,ga_greedy_only,1,0,3,0.000000,1500000.000000,0.000041,906.078369,906.078369,0.000000,0.000000,0.000000,0,0
25,I4_J25,ga_greedy_only,1,1,3,0.000000,1500000.000000,0.000041,902.216840,902.216840,0.000000,0.000000,0.000000,0,0
25,I4_J25,ga_greedy_only,1,0,4,0.000000,1500000.000000,0.000027,877.099034,877.099034,0.000000,0.000000,0.000000,0,0
25,I4_J25,ga_greedy_only,1,1,4,0.000000,1500000.000000,0.000027,879.055731,879.055731,0.000000,0.000000,0.000000,0,0
25,I4_J25,ga_greedy_only,1,0,5,0.000000,1500000.000000,0.000030,980.058050,980.058050,0.000000,0.000000,0.000000,0,0
25,I4_J25,ga_greedy_only,1,1,5,0.000000,1500000.000000,0.000030,941.096515,941.096515,0.000000,0.000000,0.000000,0,0
25,I4_J25,ga_greedy_only,1,0,6,0.000000,1500000.000000,0.000033,897.130788,897.130788,0.000000,0.000000,0.000000,0,0
25,I4_J25,ga_greedy_only,1,1,6,0.000000,1500000.000000,0.000033,893.248166,893.248166,0.000000,0.000000,0.000000,0,0
25,I4_J25,ga_greedy_only,1,0,7,0.000000,1500000.000000,0.000050,921.652600,921.652600,0.000000,0.000000,0.000000,0,0
25,I4_J25,ga_greedy_only,1,1,7,0.000000,1500000.000000,0.000050,907.039295,907.039295,0.000000,0.000000,0.000000,0,0
25,I4_J25,ga_greedy_only,1,0,8,0.000000,1500000.000000,0.000009,964.597013,964.597013,0.000000,0.000000,0.000000,0,0
25,I4_J25,ga_greedy_only,1,1,8,0.000000,1500000.000000,0.000009,864.525103,864.525103,0.000000,0.000000,0.000000,0,0
25,I4_J25,ga_greedy_only,1,0,9,0.000000,1500000.000000,0.000076,996.559651,996.559651,0.000000,0.000000,0.000000,0,0
25,I4_J25,ga_greedy_only,1,1,9,0.000000,1500000.000000,0.000076,906.757771,906.757771,0.000000,0.000000,0.000000,0,0
25,I4_J25,ga_greedy_only,1,0,10,0.000000,1500000.000000,0.000049,888.146005,888.146005,0.000000,0.000000,0.000000,0,0
25,I4_J25,ga_greedy_only,1,1,10,0.000000,1500000.000000,0.000049,971.283957,971.283957,0.000000,0.000000,0.000000,0,0
25,I4_J25,ga_greedy_only,1,0,11,0.000000,1500000.000000,0.000038,838.189030,838.189030,0.000000,0.000000,0.000000,0,0
25,I4_J25,ga_greedy_only,1,1,11,0.000000,1500000.000000,0.000038,858.504466,858.504466,0.000000,0.000000,0.000000,0,0
25,I4_J25,ga_greedy_only,1,0,12,0.000000,1500000.000000,0.000064,964.873022,964.873022,0.000000,0.000000,0.000000,0,0
25,I4_J25,ga_greedy_only,1,1,12,0.000000,1500000.000000,0.000064,967.958292,967.958292,0.000000,0.000000,0.000000,0,0
25,I4_J25,ga_greedy_only,1,0,13,0.000000,1500000.000000,0.000077,942.604206,942.604206,0.000000,0.000000,0.000000,0,0
25,I4_J25,ga_greedy_only,1,1,13,0.000000,1500000.000000,0.000077,915.347772,915.347772,0.000000,0.000000,0.000000,0,0
25,I4_J25,ga_greedy_only,1,0,14,100000.000000,1500000.000000,0.000051,987.987089,982.905889,5.081200,508120.000000,0.066667,0,1
25,I4_J25,ga_greedy_only,1,1,14,100000.000000,1500000.000000,0.000051,960.342824,955.261624,5.081200,508120.000000,0.066667,0,1
25,I4_J25,ga_greedy_only,1,0,15,778216.996900,1500000.000000,0.000044,868.562596,834.401983,34.160613,26584369.891386,0.518811,0,1
25,I4_J25,ga_greedy_only,1,1,15,1944815.300341,1500000.000000,0.000044,936.746789,870.902789,65.844000,128054418.635659,1.296544,1,1
25,I4_J25,ga_greedy_only,1,0,16,100000.000000,1500000.000000,0.000003,853.112955,852.769355,0.343600,34360.000000,0.066667,0,1
25,I4_J25,ga_greedy_only,1,1,16,100000.000000,1500000.000000,0.000003,819.060419,818.716819,0.343600,34360.000000,0.066667,0,1
25,I4_J25,ga_greedy_only,1,0,17,100000.000000,1500000.000000,0.000009,801.213033,800.326133,0.886900,88690.000000,0.066667,0,1
25,I4_J25,ga_greedy_only,1,1,17,137655.594513,1500000.000000,0.000009,839.741882,838.521015,1.220867,168059.237092,0.091770,0,1
25,I4_J25,ga_greedy_only,1,0,18,100000.000000,1500000.000000,0.000042,907.455934,903.296534,4.159400,415940.000000,0.066667,0,1
25,I4_J25,ga_greedy_only,1,1,18,100000.000000,1500000.000000,0.000042,907.070218,902.910818,4.159400,415940.000000,0.066667,0,1
25,I4_J25,ga_greedy_only,1,0,19,0.000000,1500000.000000,0.000045,941.437216,941.437216,0.000000,0.000000,0.000000,0,0
25,I4_J25,ga_greedy_only,1,1,19,281899.550429,1500000.000000,0.000045,854.487776,841.769314,12.718462,3585328.724655,0.187933,0,1
25,I4_J25,ga_greedy_only,1,0,20,100000.000000,1500000.000000,0.000073,878.820697,871.474247,7.346450,734645.000000,0.066667,0,1
25,I4_J25,ga_greedy_only,1,1,20,100000.000000,1500000.000000,0.000073,994.206555,986.860105,7.346450,734645.000000,0.066667,0,1
25,I4_J25,ga_greedy_only,1,0,21,100000.000000,1500000.000000,0.000052,950.635258,945.396498,5.238760,523876.000000,0.066667,0,1
25,I4_J25,ga_greedy_only,1,1,21,100000.000000,1500000.000000,0.000052,969.615714,964.376954,5.238760,523876.000000,0.066667,0,1
25,I4_J25,ga_greedy_only,1,0,22,238097.648350,1500000.000000,0.000047,869.992876,858.719048,11.273828,2684272.032407,0.158732,0,1
25,I4_J25,ga_greedy_only,1,1,22,0.000000,1500000.000000,0.000047,844.091747,844.091747,0.000000,0.000000,0.000000,0,0
25,I4_J25,ga_greedy_only,1,0,23,100000.000000,1500000.000000,0.000032,805.492193,802.273043,3.219150,321915.000000,0.066667,0,1
25,I4_J25,ga_greedy_only,1,1,23,100000.000000,1500000.000000,0.000032,942.527275,939.308125,3.219150,321915.000000,0.066667,0,1
25,I4_J25,ga_greedy_only,1,0,24,100000.000000,1500000.000000,0.000081,888.671089,880.539359,8.131730,813173.000000,0.066667,0,1
25,I4_J25,ga_greedy_only,1,1,24,100000.000000,1500000.000000,0.000081,993.586430,985.454700,8.131730,813173.000000,0.066667,0,1
25,I4_J25,ga_greedy_only,2,0,0,0.000000,1500000.000000,0.000027,862.655137,862.655137,0.000000,0.000000,0.000000,0,0
25,I4_J25,ga_greedy_only,2,1,0,0.000000,1500000.000000,0.000027,926.999545,926.999545,0.000000,0.000000,0.000000,0,0
25,I4_J25,ga_greedy_only,2,0,1,0.000000,1500000.000000,0.000013,809.027682,809.027682,0.000000,0.000000,0.000000,0,0
25,I4_J25,ga_greedy_only,2,1,1,0.000000,1500000.000000,0.000013,890.173310,890.173310,0.000000,0.000000,0.000000,0,0
25,I4_J25,ga_greedy_only,2,0,2,0.000000,1500000.000000,0.000050,923.901352,923.901352,0.000000,0.000000,0.000000,0,0
25,I4_J25,ga_greedy_only,2,1,2,100000.000000,1500000.000000,0.000050,921.584641,916.535141,5.049500,504950.000000,0.066667,0,1
25,I4_J25,ga_greedy_only,2,0,3,0.000000,1500000.000000,0.000041,906.078369,906.078369,0.000000,0.000000,0.000000,0,0
25,I4_J25,ga_greedy_only,2,1,3,0.000000,1500000.000000,0.000041,902.216840,902.216840,0.000000,0.000000,0.000000,0,0
25,I4_J25,ga_greedy_only,2,0,4,0.000000,1500000.000000,0.000027,877.099034,877.099034,0.000000,0.000000,0.000000,0,0
25,I4_J25,ga_greedy_only,2,1,4,0.000000,1500000.000000,0.000027,879.055731,879.055731,0.000000,0.000000,0.000000,0,0
25,I4_J25,ga_greedy_only,2,0,5,0.000000,1500000.000000,0.000030,980.058050,980.058050,0.000000,0.000000,0.000000,0,0
25,I4_J25,ga_greedy_only,2,1,5,0.000000,1500000.000000,0.000030,941.096515,941.096515,0.000000,0.000000,0.000000,0,0
25,I4_J25,ga_greedy_only,2,0,6,0.000000,1500000.000000,0.000033,897.130788,897.130788,0.000000,0.000000,0.000000,0,0
25,I4_J25,ga_greedy_only,2,1,6,0.000000,1500000.000000,0.000033,893.248166,893.248166,0.000000,0.000000,0.000000,0,0
25,I4_J25,ga_greedy_only,2,0,7,0.000000,1500000.000000,0.000050,921.652600,921.652600,0.000000,0.000000,0.000000,0,0
25,I4_J25,ga_greedy_only,2,1,7,0.000000,1500000.000000,0.000050,907.039295,907.039295,0.000000,0.000000,0.000000,0,0
25,I4_J25,ga_greedy_only,2,0,8,0.000000,1500000.000000,0.000009,964.597013,964.597013,0.000000,0.000000,0.000000,0,0
25,I4_J25,ga_greedy_only,2,1,8,0.000000,1500000.000000,0.000009,864.525103,864.525103,0.000000,0.000000,0.000000,0,0
25,I4_J25,ga_greedy_only,2,0,9,0.000000,1500000.000000,0.000076,996.559651,996.559651,0.000000,0.000000,0.000000,0,0
25,I4_J25,ga_greedy_only,2,1,9,0.000000,1500000.000000,0.000076,906.757771,906.757771,0.000000,0.000000,0.000000,0,0
25,I4_J25,ga_greedy_only,2,0,10,99999.000000,1500000.000000,0.000049,888.146005,883.216054,4.929951,492990.140049,0.066666,0,1
25,I4_J25,ga_greedy_only,2,1,10,0.000000,1500000.000000,0.000049,971.283957,971.283957,0.000000,0.000000,0.000000,0,0
25,I4_J25,ga_greedy_only,2,0,11,0.000000,1500000.000000,0.000038,838.189030,838.189030,0.000000,0.000000,0.000000,0,0
25,I4_J25,ga_greedy_only,2,1,11,0.000000,1500000.000000,0.000038,858.504466,858.504466,0.000000,0.000000,0.000000,0,0
25,I4_J25,ga_greedy_only,2,0,12,0.000000,1500000.000000,0.000064,964.873022,964.873022,0.000000,0.000000,0.000000,0,0
25,I4_J25,ga_greedy_only,2,1,12,0.000000,1500000.000000,0.000064,967.958292,967.958292,0.000000,0.000000,0.000000,0,0
25,I4_J25,ga_greedy_only,2,0,13,0.000000,1500000.000000,0.000077,942.604206,942.604206,0.000000,0.000000,0.000000,0,0
25,I4_J25,ga_greedy_only,2,1,13,0.000000,1500000.000000,0.000077,915.347772,915.347772,0.000000,0.000000,0.000000,0,0
25,I4_J25,ga_greedy_only,2,0,14,99998.000000,1500000.000000,0.000051,987.987089,982.905991,5.081098,508099.675403,0.066665,0,1
25,I4_J25,ga_greedy_only,2,1,14,100001.000000,1500000.000000,0.000051,960.342824,955.261573,5.081251,508130.162451,0.066667,0,1
25,I4_J25,ga_greedy_only,2,0,15,578540.181647,1500000.000000,0.000044,868.562596,843.166997,25.395600,14692374.929163,0.385693,0,1
25,I4_J25,ga_greedy_only,2,1,15,1694469.680088,1500000.000000,0.000044,936.746789,870.902789,65.844000,111570661.615707,1.129646,1,1
25,I4_J25,ga_greedy_only,2,0,16,100000.000000,1500000.000000,0.000003,853.112955,852.769355,0.343600,34360.000000,0.066667,0,1
25,I4_J25,ga_greedy_only,2,1,16,100000.000000,1500000.000000,0.000003,819.060419,818.716819,0.343600,34360.000000,0.066667,0,1
25,I4_J25,ga_greedy_only,2,0,17,0.000000,1500000.000000,0.000009,801.213033,801.213033,0.000000,0.000000,0.000000,0,0
25,I4_J25,ga_greedy_only,2,1,17,495028.336720,1500000.000000,0.000009,839.741882,835.351476,4.390406,2173375.537304,0.330019,0,1
25,I4_J25,ga_greedy_only,2,0,18,100000.000000,1500000.000000,0.000042,907.455934,903.296534,4.159400,415940.000000,0.066667,0,1
25,I4_J25,ga_greedy_only,2,1,18,100000.000000,1500000.000000,0.000042,907.070218,902.910818,4.159400,415940.000000,0.066667,0,1
25,I4_J25,ga_greedy_only,2,0,19,100000.000000,1500000.000000,0.000045,941.437216,936.925516,4.511700,451170.000000,0.066667,0,1
25,I4_J25,ga_greedy_only,2,1,19,100000.000000,1500000.000000,0.000045,854.487776,849.976076,4.511700,451170.000000,0.066667,0,1
25,I4_J25,ga_greedy_only,2,0,20,99999.000000,1500000.000000,0.000073,878.820697,871.474320,7.346377,734630.307173,0.066666,0,1
25,I4_J25,ga_greedy_only,2,1,20,100000.000000,1500000.000000,0.000073,994.206555,986.860105,7.346450,734645.000000,0.066667,0,1
25,I4_J25,ga_greedy_only,2,0,21,100000.000000,1500000.000000,0.000052,950.635258,945.396498,5.238760,523876.000000,0.066667,0,1
25,I4_J25,ga_greedy_only,2,1,21,100000.000000,1500000.000000,0.000052,969.615714,964.376954,5.238760,523876.000000,0.066667,0,1
25,I4_J25,ga_greedy_only,2,0,22,498027.265388,1500000.000000,0.000047,869.992876,846.411485,23.581392,11744176.074816,0.332018,0,1
25,I4_J25,ga_greedy_only,2,1,22,0.000000,1500000.000000,0.000047,844.091747,844.091747,0.000000,0.000000,0.000000,0,0
25,I4_J25,ga_greedy_only,2,0,23,100000.000000,1500000.000000,0.000032,805.492193,802.273043,3.219150,321915.000000,0.066667,0,1
25,I4_J25,ga_greedy_only,2,1,23,100000.000000,1500000.000000,0.000032,942.527275,939.308125,3.219150,321915.000000,0.066667,0,1
25,I4_J25,ga_greedy_only,2,0,24,100000.000000,1500000.000000,0.000081,888.671089,880.539359,8.131730,813173.000000,0.066667,0,1
25,I4_J25,ga_greedy_only,2,1,24,100000.000000,1500000.000000,0.000081,993.586430,985.454700,8.131730,813173.000000,0.066667,0,1
25,I4_J25,ga_greedy_only,3,0,0,0.000000,1500000.000000,0.000027,862.655137,862.655137,0.000000,0.000000,0.000000,0,0
25,I4_J25,ga_greedy_only,3,1,0,0.000000,1500000.000000,0.000027,926.999545,926.999545,0.000000,0.000000,0.000000,0,0
25,I4_J25,ga_greedy_only,3,0,1,0.000000,1500000.000000,0.000013,809.027682,809.027682,0.000000,0.000000,0.000000,0,0
25,I4_J25,ga_greedy_only,3,1,1,0.000000,1500000.000000,0.000013,890.173310,890.173310,0.000000,0.000000,0.000000,0,0
25,I4_J25,ga_greedy_only,3,0,2,0.000000,1500000.000000,0.000050,923.901352,923.901352,0.000000,0.000000,0.000000,0,0
25,I4_J25,ga_greedy_only,3,1,2,0.000000,1500000.000000,0.000050,921.584641,921.584641,0.000000,0.000000,0.000000,0,0
25,I4_J25,ga_greedy_only,3,0,3,0.000000,1500000.000000,0.000041,906.078369,906.078369,0.000000,0.000000,0.000000,0,0
25,I4_J25,ga_greedy_only,3,1,3,0.000000,1500000.000000,0.000041,902.216840,902.216840,0.000000,0.000000,0.000000,0,0
25,I4_J25,ga_greedy_only,3,0,4,0.000000,1500000.000000,0.000027,877.099034,877.099034,0.000000,0.000000,0.000000,0,0
25,I4_J25,ga_greedy_only,3,1,4,0.000000,1500000.000000,0.000027,879.055731,879.055731,0.000000,0.000000,0.000000,0,0
25,I4_J25,ga_greedy_only,3,0,5,0.000000,1500000.000000,0.000030,980.058050,980.058050,0.000000,0.000000,0.000000,0,0
25,I4_J25,ga_greedy_only,3,1,5,0.000000,1500000.000000,0.000030,941.096515,941.096515,0.000000,0.000000,0.000000,0,0
25,I4_J25,ga_greedy_only,3,0,6,0.000000,1500000.000000,0.000033,897.130788,897.130788,0.000000,0.000000,0.000000,0,0
25,I4_J25,ga_greedy_only,3,1,6,0.000000,1500000.000000,0.000033,893.248166,893.248166,0.000000,0.000000,0.000000,0,0
25,I4_J25,ga_greedy_only,3,0,7,0.000000,1500000.000000,0.000050,921.652600,921.652600,0.000000,0.000000,0.000000,0,0
25,I4_J25,ga_greedy_only,3,1,7,0.000000,1500000.000000,0.000050,907.039295,907.039295,0.000000,0.000000,0.000000,0,0
25,I4_J25,ga_greedy_only,3,0,8,0.000000,1500000.000000,0.000009,964.597013,964.597013,0.000000,0.000000,0.000000,0,0
25,I4_J25,ga_greedy_only,3,1,8,0.000000,1500000.000000,0.000009,864.525103,864.525103,0.000000,0.000000,0.000000,0,0
25,I4_J25,ga_greedy_only,3,0,9,0.000000,1500000.000000,0.000076,996.559651,996.559651,0.000000,0.000000,0.000000,0,0
25,I4_J25,ga_greedy_only,3,1,9,0.000000,1500000.000000,0.000076,906.757771,906.757771,0.000000,0.000000,0.000000,0,0
25,I4_J25,ga_greedy_only,3,0,10,0.000000,1500000.000000,0.000049,888.146005,888.146005,0.000000,0.000000,0.000000,0,0
25,I4_J25,ga_greedy_only,3,1,10,0.000000,1500000.000000,0.000049,971.283957,971.283957,0.000000,0.000000,0.000000,0,0
25,I4_J25,ga_greedy_only,3,0,11,0.000000,1500000.000000,0.000038,838.189030,838.189030,0.000000,0.000000,0.000000,0,0
25,I4_J25,ga_greedy_only,3,1,11,0.000000,1500000.000000,0.000038,858.504466,858.504466,0.000000,0.000000,0.000000,0,0
25,I4_J25,ga_greedy_only,3,0,12,0.000000,1500000.000000,0.000064,964.873022,964.873022,0.000000,0.000000,0.000000,0,0
25,I4_J25,ga_greedy_only,3,1,12,0.000000,1500000.000000,0.000064,967.958292,967.958292,0.000000,0.000000,0.000000,0,0
25,I4_J25,ga_greedy_only,3,0,13,100000.000000,1500000.000000,0.000077,942.604206,934.892306,7.711900,771190.000000,0.066667,0,1
25,I4_J25,ga_greedy_only,3,1,13,0.000000,1500000.000000,0.000077,915.347772,915.347772,0.000000,0.000000,0.000000,0,0
25,I4_J25,ga_greedy_only,3,0,14,100000.000000,1500000.000000,0.000051,987.987089,982.905889,5.081200,508120.000000,0.066667,0,1
25,I4_J25,ga_greedy_only,3,1,14,100000.000000,1500000.000000,0.000051,960.342824,955.261624,5.081200,508120.000000,0.066667,0,1
25,I4_J25,ga_greedy_only,3,0,15,376520.193036,1500000.000000,0.000044,868.562596,852.034866,16.527730,6223024.238206,0.251013,0,1
25,I4_J25,ga_greedy_only,3,1,15,1864416.444997,1500000.000000,0.000044,936.746789,870.902789,65.844000,122760636.404383,1.242944,1,1
25,I4_J25,ga_greedy_only,3,0,16,100000.000000,1500000.000000,0.000003,853.112955,852.769355,0.343600,34360.000000,0.066667,0,1
25,I4_J25,ga_greedy_only,3,1,16,100000.000000,1500000.000000,0.000003,819.060419,818.716819,0.343600,34360.000000,0.066667,0,1
25,I4_J25,ga_greedy_only,3,0,17,100000.000000,1500000.000000,0.000009,801.213033,800.326133,0.886900,88690.000000,0.066667,0,1
25,I4_J25,ga_greedy_only,3,1,17,100000.000000,1500000.000000,0.000009,839.741882,838.854982,0.886900,88690.000000,0.066667,0,1
25,I4_J25,ga_greedy_only,3,0,18,100000.000000,1500000.000000,0.000042,907.455934,903.296534,4.159400,415940.000000,0.066667,0,1
25,I4_J25,ga_greedy_only,3,1,18,100000.000000,1500000.000000,0.000042,907.070218,902.910818,4.159400,415940.000000,0.066667,0,1
25,I4_J25,ga_greedy_only,3,0,19,100000.000000,1500000.000000,0.000045,941.437216,936.925516,4.511700,451170.000000,0.066667,0,1
25,I4_J25,ga_greedy_only,3,1,19,100000.000000,1500000.000000,0.000045,854.487776,849.976076,4.511700,451170.000000,0.066667,0,1
25,I4_J25,ga_greedy_only,3,0,20,100000.000000,1500000.000000,0.000073,878.820697,871.474247,7.346450,734645.000000,0.066667,0,1
25,I4_J25,ga_greedy_only,3,1,20,100000.000000,1500000.000000,0.000073,994.206555,986.860105,7.346450,734645.000000,0.066667,0,1
25,I4_J25,ga_greedy_only,3,0,21,100000.000000,1500000.000000,0.000052,950.635258,945.396498,5.238760,523876.000000,0.066667,0,1
25,I4_J25,ga_greedy_only,3,1,21,100000.000000,1500000.000000,0.000052,969.615714,964.376954,5.238760,523876.000000,0.066667,0,1
25,I4_J25,ga_greedy_only,3,0,22,606456.245088,1500000.000000,0.000047,869.992876,841.277416,28.715461,17414670.425072,0.404304,0,1
25,I4_J25,ga_greedy_only,3,1,22,300000.313801,1500000.000000,0.000047,844.091747,829.886852,14.204895,4261472.915012,0.200000,0,1
25,I4_J25,ga_greedy_only,3,0,23,100000.000000,1500000.000000,0.000032,805.492193,802.273043,3.219150,321915.000000,0.066667,0,1
25,I4_J25,ga_greedy_only,3,1,23,100000.000000,1500000.000000,0.000032,942.527275,939.308125,3.219150,321915.000000,0.066667,0,1
25,I4_J25,ga_greedy_only,3,0,24,100000.000000,1500000.000000,0.000081,888.671089,880.539359,8.131730,813173.000000,0.066667,0,1
25,I4_J25,ga_greedy_only,3,1,24,100000.000000,1500000.000000,0.000081,993.586430,985.454700,8.131730,813173.000000,0.066667,0,1
25,I4_J25,ga_greedy_only,4,0,0,0.000000,1500000.000000,0.000027,862.655137,862.655137,0.000000,0.000000,0.000000,0,0
25,I4_J25,ga_greedy_only,4,1,0,0.000000,1500000.000000,0.000027,926.999545,926.999545,0.000000,0.000000,0.000000,0,0
25,I4_J25,ga_greedy_only,4,0,1,0.000000,1500000.000000,0.000013,809.027682,809.027682,0.000000,0.000000,0.000000,0,0
25,I4_J25,ga_greedy_only,4,1,1,0.000000,1500000.000000,0.000013,890.173310,890.173310,0.000000,0.000000,0.000000,0,0
25,I4_J25,ga_greedy_only,4,0,2,0.000000,1500000.000000,0.000050,923.901352,923.901352,0.000000,0.000000,0.000000,0,0
25,I4_J25,ga_greedy_only,4,1,2,0.000000,1500000.000000,0.000050,921.584641,921.584641,0.000000,0.000000,0.000000,0,0
25,I4_J25,ga_greedy_only,4,0,3,0.000000,1500000.000000,0.000041,906.078369,906.078369,0.000000,0.000000,0.000000,0,0
25,I4_J25,ga_greedy_only,4,1,3,0.000000,1500000.000000,0.000041,902.216840,902.216840,0.000000,0.000000,0.000000,0,0
25,I4_J25,ga_greedy_only,4,0,4,0.000000,1500000.000000,0.000027,877.099034,877.099034,0.000000,0.000000,0.000000,0,0
25,I4_J25,ga_greedy_only,4,1,4,0.000000,1500000.000000,0.000027,879.055731,879.055731,0.000000,0.000000,0.000000,0,0
25,I4_J25,ga_greedy_only,4,0,5,0.000000,1500000.000000,0.000030,980.058050,980.058050,0.000000,0.000000,0.000000,0,0
25,I4_J25,ga_greedy_only,4,1,5,0.000000,1500000.000000,0.000030,941.096515,941.096515,0.000000,0.000000,0.000000,0,0
25,I4_J25,ga_greedy_only,4,0,6,0.000000,1500000.000000,0.000033,897.130788,897.130788,0.000000,0.000000,0.000000,0,0
25,I4_J25,ga_greedy_only,4,1,6,0.000000,1500000.000000,0.000033,893.248166,893.248166,0.000000,0.000000,0.000000,0,0
25,I4_J25,ga_greedy_only,4,0,7,0.000000,1500000.000000,0.000050,921.652600,921.652600,0.000000,0.000000,0.000000,0,0
25,I4_J25,ga_greedy_only,4,1,7,100000.000000,1500000.000000,0.000050,907.039295,902.084095,4.955200,495520.000000,0.066667,0,1
25,I4_J25,ga_greedy_only,4,0,8,0.000000,1500000.000000,0.000009,964.597013,964.597013,0.000000,0.000000,0.000000,0,0
25,I4_J25,ga_greedy_only,4,1,8,0.000000,1500000.000000,0.000009,864.525103,864.525103,0.000000,0.000000,0.000000,0,0
25,I4_J25,ga_greedy_only,4,0,9,0.000000,1500000.000000,0.000076,996.559651,996.559651,0.000000,0.000000,0.000000,0,0
25,I4_J25,ga_greedy_only,4,1,9,0.000000,1500000.000000,0.000076,906.757771,906.757771,0.000000,0.000000,0.000000,0,0
25,I4_J25,ga_greedy_only,4,0,10,0.000000,1500000.000000,0.000049,888.146005,888.146005,0.000000,0.000000,0.000000,0,0
25,I4_J25,ga_greedy_only,4,1,10,0.000000,1500000.000000,0.000049,971.283957,971.283957,0.000000,0.000000,0.000000,0,0
25,I4_J25,ga_greedy_only,4,0,11,0.000000,1500000.000000,0.000038,838.189030,838.189030,0.000000,0.000000,0.000000,0,0
25,I4_J25,ga_greedy_only,4,1,11,0.000000,1500000.000000,0.000038,858.504466,858.504466,0.000000,0.000000,0.000000,0,0
25,I4_J25,ga_greedy_only,4,0,12,0.000000,1500000.000000,0.000064,964.873022,964.873022,0.000000,0.000000,0.000000,0,0
25,I4_J25,ga_greedy_only,4,1,12,0.000000,1500000.000000,0.000064,967.958292,967.958292,0.000000,0.000000,0.000000,0,0
25,I4_J25,ga_greedy_only,4,0,13,0.000000,1500000.000000,0.000077,942.604206,942.604206,0.000000,0.000000,0.000000,0,0
25,I4_J25,ga_greedy_only,4,1,13,0.000000,1500000.000000,0.000077,915.347772,915.347772,0.000000,0.000000,0.000000,0,0
25,I4_J25,ga_greedy_only,4,0,14,100000.000000,1500000.000000,0.000051,987.987089,982.905889,5.081200,508120.000000,0.066667,0,1
25,I4_J25,ga_greedy_only,4,1,14,100000.000000,1500000.000000,0.000051,960.342824,955.261624,5.081200,508120.000000,0.066667,0,1
25,I4_J25,ga_greedy_only,4,0,15,614383.637314,1500000.000000,0.000044,868.562596,841.593612,26.968984,16569302.572761,0.409589,0,1
25,I4_J25,ga_greedy_only,4,1,15,1464683.395747,1500000.000000,0.000044,936.746789,872.453046,64.293742,94169976.855446,0.976456,0,1
25,I4_J25,ga_greedy_only,4,0,16,100000.000000,1500000.000000,0.000003,853.112955,852.769355,0.343600,34360.000000,0.066667,0,1
25,I4_J25,ga_greedy_only,4,1,16,100000.000000,1500000.000000,0.000003,819.060419,818.716819,0.343600,34360.000000,0.066667,0,1
25,I4_J25,ga_greedy_only,4,0,17,191603.319663,1500000.000000,0.000009,801.213033,799.513704,1.699330,325597.238947,0.127736,0,1
25,I4_J25,ga_greedy_only,4,1,17,100000.000000,1500000.000000,0.000009,839.741882,838.854982,0.886900,88690.000000,0.066667,0,1
25,I4_J25,ga_greedy_only,4,0,18,100000.000000,1500000.000000,0.000042,907.455934,903.296534,4.159400,415940.000000,0.066667,0,1
25,I4_J25,ga_greedy_only,4,1,18,100000.000000,1500000.000000,0.000042,907.070218,902.910818,4.159400,415940.000000,0.066667,0,1
25,I4_J25,ga_greedy_only,4,0,19,0.000000,1500000.000000,0.000045,941.437216,941.437216,0.000000,0.000000,0.000000,0,0
25,I4_J25,ga_greedy_only,4,1,19,378257.461447,1500000.000000,0.000045,854.487776,837.421934,17.065842,6455282.030046,0.252172,0,1
25,I4_J25,ga_greedy_only,4,0,20,100000.000000,1500000.000000,0.000073,878.820697,871.474247,7.346450,734645.000000,0.066667,0,1
25,I4_J25,ga_greedy_only,4,1,20,100000.000000,1500000.000000,0.000073,994.206555,986.860105,7.346450,734645.000000,0.066667,0,1
25,I4_J25,ga_greedy_only,4,0,21,100000.000000,1500000.000000,0.000052,950.635258,945.396498,5.238760,523876.000000,0.066667,0,1
25,I4_J25,ga_greedy_only,4,1,21,100000.000000,1500000.000000,0.000052,969.615714,964.376954,5.238760,523876.000000,0.066667,0,1
25,I4_J25,ga_greedy_only,4,0,22,322625.466774,1500000.000000,0.000047,869.992876,854.716690,15.276187,4928486.897370,0.215084,0,1
25,I4_J25,ga_greedy_only,4,1,22,626851.586084,1500000.000000,0.000047,844.091747,814.410575,29.681172,18605689.657578,0.417901,0,1
25,I4_J25,ga_greedy_only,4,0,23,100000.000000,1500000.000000,0.000032,805.492193,802.273043,3.219150,321915.000000,0.066667,0,1
25,I4_J25,ga_greedy_only,4,1,23,100000.000000,1500000.000000,0.000032,942.527275,939.308125,3.219150,321915.000000,0.066667,0,1
25,I4_J25,ga_greedy_only,4,0,24,100000.000000,1500000.000000,0.000081,888.671089,880.539359,8.131730,813173.000000,0.066667,0,1
25,I4_J25,ga_greedy_only,4,1,24,100000.000000,1500000.000000,0.000081,993.586430,985.454700,8.131730,813173.000000,0.066667,0,1
30,I4_J30,manual,-1,0,0,0.000000,1500000.000000,0.000027,862.655137,862.655137,0.000000,0.000000,0.000000,0,0
30,I4_J30,manual,-1,1,0,0.000000,1500000.000000,0.000027,926.999545,926.999545,0.000000,0.000000,0.000000,0,0
30,I4_J30,manual,-1,0,1,0.000000,1500000.000000,0.000013,809.027682,809.027682,0.000000,0.000000,0.000000,0,0
30,I4_J30,manual,-1,1,1,0.000000,1500000.000000,0.000013,890.173310,890.173310,0.000000,0.000000,0.000000,0,0
30,I4_J30,manual,-1,0,2,0.000000,1500000.000000,0.000050,923.901352,923.901352,0.000000,0.000000,0.000000,0,0
30,I4_J30,manual,-1,1,2,0.000000,1500000.000000,0.000050,921.584641,921.584641,0.000000,0.000000,0.000000,0,0
30,I4_J30,manual,-1,0,3,0.000000,1500000.000000,0.000041,906.078369,906.078369,0.000000,0.000000,0.000000,0,0
30,I4_J30,manual,-1,1,3,0.000000,1500000.000000,0.000041,902.216840,902.216840,0.000000,0.000000,0.000000,0,0
30,I4_J30,manual,-1,0,4,0.000000,1500000.000000,0.000027,877.099034,877.099034,0.000000,0.000000,0.000000,0,0
30,I4_J30,manual,-1,1,4,0.000000,1500000.000000,0.000027,879.055731,879.055731,0.000000,0.000000,0.000000,0,0
30,I4_J30,manual,-1,0,5,0.000000,1500000.000000,0.000030,980.058050,980.058050,0.000000,0.000000,0.000000,0,0
30,I4_J30,manual,-1,1,5,0.000000,1500000.000000,0.000030,941.096515,941.096515,0.000000,0.000000,0.000000,0,0
30,I4_J30,manual,-1,0,6,0.000000,1500000.000000,0.000033,897.130788,897.130788,0.000000,0.000000,0.000000,0,0
30,I4_J30,manual,-1,1,6,0.000000,1500000.000000,0.000033,893.248166,893.248166,0.000000,0.000000,0.000000,0,0
30,I4_J30,manual,-1,0,7,0.000000,1500000.000000,0.000050,921.652600,921.652600,0.000000,0.000000,0.000000,0,0
30,I4_J30,manual,-1,1,7,0.000000,1500000.000000,0.000050,907.039295,907.039295,0.000000,0.000000,0.000000,0,0
30,I4_J30,manual,-1,0,8,0.000000,1500000.000000,0.000009,964.597013,964.597013,0.000000,0.000000,0.000000,0,0
30,I4_J30,manual,-1,1,8,0.000000,1500000.000000,0.000009,864.525103,864.525103,0.000000,0.000000,0.000000,0,0
30,I4_J30,manual,-1,0,9,0.000000,1500000.000000,0.000076,996.559651,996.559651,0.000000,0.000000,0.000000,0,0
30,I4_J30,manual,-1,1,9,0.000000,1500000.000000,0.000076,906.757771,906.757771,0.000000,0.000000,0.000000,0,0
30,I4_J30,manual,-1,0,10,0.000000,1500000.000000,0.000049,888.146005,888.146005,0.000000,0.000000,0.000000,0,0
30,I4_J30,manual,-1,1,10,0.000000,1500000.000000,0.000049,971.283957,971.283957,0.000000,0.000000,0.000000,0,0
30,I4_J30,manual,-1,0,11,0.000000,1500000.000000,0.000038,838.189030,838.189030,0.000000,0.000000,0.000000,0,0
30,I4_J30,manual,-1,1,11,0.000000,1500000.000000,0.000038,858.504466,858.504466,0.000000,0.000000,0.000000,0,0
30,I4_J30,manual,-1,0,12,0.000000,1500000.000000,0.000064,964.873022,964.873022,0.000000,0.000000,0.000000,0,0
30,I4_J30,manual,-1,1,12,0.000000,1500000.000000,0.000064,967.958292,967.958292,0.000000,0.000000,0.000000,0,0
30,I4_J30,manual,-1,0,13,0.000000,1500000.000000,0.000077,942.604206,942.604206,0.000000,0.000000,0.000000,0,0
30,I4_J30,manual,-1,1,13,0.000000,1500000.000000,0.000077,915.347772,915.347772,0.000000,0.000000,0.000000,0,0
30,I4_J30,manual,-1,0,14,100000.000000,1500000.000000,0.000051,987.987089,982.905889,5.081200,508120.000000,0.066667,0,1
30,I4_J30,manual,-1,1,14,100000.000000,1500000.000000,0.000051,960.342824,955.261624,5.081200,508120.000000,0.066667,0,1
30,I4_J30,manual,-1,0,15,519218.136702,1500000.000000,0.000044,868.562596,845.770997,22.791599,11833811.735879,0.346145,0,1
30,I4_J30,manual,-1,1,15,385856.399737,1500000.000000,0.000044,936.746789,919.809236,16.937553,6535463.036833,0.257238,0,1
30,I4_J30,manual,-1,0,16,100000.000000,1500000.000000,0.000003,853.112955,852.769355,0.343600,34360.000000,0.066667,0,1
30,I4_J30,manual,-1,1,16,100000.000000,1500000.000000,0.000003,819.060419,818.716819,0.343600,34360.000000,0.066667,0,1
30,I4_J30,manual,-1,0,17,100000.000000,1500000.000000,0.000009,801.213033,800.326133,0.886900,88690.000000,0.066667,0,1
30,I4_J30,manual,-1,1,17,100000.000000,1500000.000000,0.000009,839.741882,838.854982,0.886900,88690.000000,0.066667,0,1
30,I4_J30,manual,-1,0,18,100000.000000,1500000.000000,0.000042,907.455934,903.296534,4.159400,415940.000000,0.066667,0,1
30,I4_J30,manual,-1,1,18,100000.000000,1500000.000000,0.000042,907.070218,902.910818,4.159400,415940.000000,0.066667,0,1
30,I4_J30,manual,-1,0,19,100000.000000,1500000.000000,0.000045,941.437216,936.925516,4.511700,451170.000000,0.066667,0,1
30,I4_J30,manual,-1,1,19,100000.000000,1500000.000000,0.000045,854.487776,849.976076,4.511700,451170.000000,0.066667,0,1
30,I4_J30,manual,-1,0,20,100000.000000,1500000.000000,0.000073,878.820697,871.474247,7.346450,734645.000000,0.066667,0,1
30,I4_J30,manual,-1,1,20,100000.000000,1500000.000000,0.000073,994.206555,986.860105,7.346450,734645.000000,0.066667,0,1
30,I4_J30,manual,-1,0,21,100000.000000,1500000.000000,0.000052,950.635258,945.396498,5.238760,523876.000000,0.066667,0,1
30,I4_J30,manual,-1,1,21,100000.000000,1500000.000000,0.000052,969.615714,964.376954,5.238760,523876.000000,0.066667,0,1
30,I4_J30,manual,-1,0,22,100000.000000,1500000.000000,0.000047,869.992876,865.257916,4.734960,473496.000000,0.066667,0,1
30,I4_J30,manual,-1,1,22,235023.333509,1500000.000000,0.000047,844.091747,832.963486,11.128261,2615400.956980,0.156682,0,1
30,I4_J30,manual,-1,0,23,100000.000000,1500000.000000,0.000032,805.492193,802.273043,3.219150,321915.000000,0.066667,0,1
30,I4_J30,manual,-1,1,23,100000.000000,1500000.000000,0.000032,942.527275,939.308125,3.219150,321915.000000,0.066667,0,1
30,I4_J30,manual,-1,0,24,100000.000000,1500000.000000,0.000081,888.671089,880.539359,8.131730,813173.000000,0.066667,0,1
30,I4_J30,manual,-1,1,24,100000.000000,1500000.000000,0.000081,993.586430,985.454700,8.131730,813173.000000,0.066667,0,1
30,I4_J30,manual,-1,0,25,100000.000000,1500000.000000,0.000039,998.714445,994.851015,3.863430,386343.000000,0.066667,0,1
30,I4_J30,manual,-1,1,25,100000.000000,1500000.000000,0.000039,879.573407,875.709977,3.863430,386343.000000,0.066667,0,1
30,I4_J30,manual,-1,0,26,0.000000,1500000.000000,0.000086,911.540900,911.540900,0.000000,0.000000,0.000000,0,0
30,I4_J30,manual,-1,1,26,0.000000,1500000.000000,0.000086,870.957551,870.957551,0.000000,0.000000,0.000000,0,0
30,I4_J30,manual,-1,0,27,0.000000,1500000.000000,0.000056,800.331752,800.331752,0.000000,0.000000,0.000000,0,0
30,I4_J30,manual,-1,1,27,0.000000,1500000.000000,0.000056,945.390584,945.390584,0.000000,0.000000,0.000000,0,0
30,I4_J30,manual,-1,0,28,0.000000,1500000.000000,0.000061,813.391385,813.391385,0.000000,0.000000,0.000000,0,0
30,I4_J30,manual,-1,1,28,0.000000,1500000.000000,0.000061,937.569803,937.569803,0.000000,0.000000,0.000000,0,0
30,I4_J30,manual,-1,0,29,332815.689752,1500000.000000,0.000060,970.022282,949.904206,20.118076,6695611.372277,0.221877,0,1
30,I4_J30,manual,-1,1,29,1667182.781451,1500000.000000,0.000060,937.879443,847.207293,90.672150,151167047.237117,1.111455,1,1
30,I4_J30,ga_greedy_only,0,0,0,0.000000,1500000.000000,0.000027,862.655137,862.655137,0.000000,0.000000,0.000000,0,0
30,I4_J30,ga_greedy_only,0,1,0,0.000000,1500000.000000,0.000027,926.999545,926.999545,0.000000,0.000000,0.000000,0,0
30,I4_J30,ga_greedy_only,0,0,1,0.000000,1500000.000000,0.000013,809.027682,809.027682,0.000000,0.000000,0.000000,0,0
30,I4_J30,ga_greedy_only,0,1,1,0.000000,1500000.000000,0.000013,890.173310,890.173310,0.000000,0.000000,0.000000,0,0
30,I4_J30,ga_greedy_only,0,0,2,0.000000,1500000.000000,0.000050,923.901352,923.901352,0.000000,0.000000,0.000000,0,0
30,I4_J30,ga_greedy_only,0,1,2,0.000000,1500000.000000,0.000050,921.584641,921.584641,0.000000,0.000000,0.000000,0,0
30,I4_J30,ga_greedy_only,0,0,3,0.000000,1500000.000000,0.000041,906.078369,906.078369,0.000000,0.000000,0.000000,0,0
30,I4_J30,ga_greedy_only,0,1,3,0.000000,1500000.000000,0.000041,902.216840,902.216840,0.000000,0.000000,0.000000,0,0
30,I4_J30,ga_greedy_only,0,0,4,0.000000,1500000.000000,0.000027,877.099034,877.099034,0.000000,0.000000,0.000000,0,0
30,I4_J30,ga_greedy_only,0,1,4,0.000000,1500000.000000,0.000027,879.055731,879.055731,0.000000,0.000000,0.000000,0,0
30,I4_J30,ga_greedy_only,0,0,5,0.000000,1500000.000000,0.000030,980.058050,980.058050,0.000000,0.000000,0.000000,0,0
30,I4_J30,ga_greedy_only,0,1,5,0.000000,1500000.000000,0.000030,941.096515,941.096515,0.000000,0.000000,0.000000,0,0
30,I4_J30,ga_greedy_only,0,0,6,0.000000,1500000.000000,0.000033,897.130788,897.130788,0.000000,0.000000,0.000000,0,0
30,I4_J30,ga_greedy_only,0,1,6,0.000000,1500000.000000,0.000033,893.248166,893.248166,0.000000,0.000000,0.000000,0,0
30,I4_J30,ga_greedy_only,0,0,7,0.000000,1500000.000000,0.000050,921.652600,921.652600,0.000000,0.000000,0.000000,0,0
30,I4_J30,ga_greedy_only,0,1,7,0.000000,1500000.000000,0.000050,907.039295,907.039295,0.000000,0.000000,0.000000,0,0
30,I4_J30,ga_greedy_only,0,0,8,0.000000,1500000.000000,0.000009,964.597013,964.597013,0.000000,0.000000,0.000000,0,0
30,I4_J30,ga_greedy_only,0,1,8,0.000000,1500000.000000,0.000009,864.525103,864.525103,0.000000,0.000000,0.000000,0,0
30,I4_J30,ga_greedy_only,0,0,9,0.000000,1500000.000000,0.000076,996.559651,996.559651,0.000000,0.000000,0.000000,0,0
30,I4_J30,ga_greedy_only,0,1,9,0.000000,1500000.000000,0.000076,906.757771,906.757771,0.000000,0.000000,0.000000,0,0
30,I4_J30,ga_greedy_only,0,0,10,0.000000,1500000.000000,0.000049,888.146005,888.146005,0.000000,0.000000,0.000000,0,0
30,I4_J30,ga_greedy_only,0,1,10,0.000000,1500000.000000,0.000049,971.283957,971.283957,0.000000,0.000000,0.000000,0,0
30,I4_J30,ga_greedy_only,0,0,11,0.000000,1500000.000000,0.000038,838.189030,838.189030,0.000000,0.000000,0.000000,0,0
30,I4_J30,ga_greedy_only,0,1,11,0.000000,1500000.000000,0.000038,858.504466,858.504466,0.000000,0.000000,0.000000,0,0
30,I4_J30,ga_greedy_only,0,0,12,0.000000,1500000.000000,0.000064,964.873022,964.873022,0.000000,0.000000,0.000000,0,0
30,I4_J30,ga_greedy_only,0,1,12,0.000000,1500000.000000,0.000064,967.958292,967.958292,0.000000,0.000000,0.000000,0,0
30,I4_J30,ga_greedy_only,0,0,13,0.000000,1500000.000000,0.000077,942.604206,942.604206,0.000000,0.000000,0.000000,0,0
30,I4_J30,ga_greedy_only,0,1,13,0.000000,1500000.000000,0.000077,915.347772,915.347772,0.000000,0.000000,0.000000,0,0
30,I4_J30,ga_greedy_only,0,0,14,100000.000000,1500000.000000,0.000051,987.987089,982.905889,5.081200,508120.000000,0.066667,0,1
30,I4_J30,ga_greedy_only,0,1,14,100000.000000,1500000.000000,0.000051,960.342824,955.261624,5.081200,508120.000000,0.066667,0,1
30,I4_J30,ga_greedy_only,0,0,15,561753.975800,1500000.000000,0.000044,868.562596,843.903844,24.658753,13852152.267324,0.374503,0,1
30,I4_J30,ga_greedy_only,0,1,15,423141.629170,1500000.000000,0.000044,936.746789,918.172564,18.574225,7859527.807627,0.282094,0,1
30,I4_J30,ga_greedy_only,0,0,16,100000.000000,1500000.000000,0.000003,853.112955,852.769355,0.343600,34360.000000,0.066667,0,1
30,I4_J30,ga_greedy_only,0,1,16,100000.000000,1500000.000000,0.000003,819.060419,818.716819,0.343600,34360.000000,0.066667,0,1
30,I4_J30,ga_greedy_only,0,0,17,100000.000000,1500000.000000,0.000009,801.213033,800.326133,0.886900,88690.000000,0.066667,0,1
30,I4_J30,ga_greedy_only,0,1,17,100000.000000,1500000.000000,0.000009,839.741882,838.854982,0.886900,88690.000000,0.066667,0,1
30,I4_J30,ga_greedy_only,0,0,18,100000.000000,1500000.000000,0.000042,907.455934,903.296534,4.159400,415940.000000,0.066667,0,1
30,I4_J30,ga_greedy_only,0,1,18,100000.000000,1500000.000000,0.000042,907.070218,902.910818,4.159400,415940.000000,0.066667,0,1
30,I4_J30,ga_greedy_only,0,0,19,100000.000000,1500000.000000,0.000045,941.437216,936.925516,4.511700,451170.000000,0.066667,0,1
30,I4_J30,ga_greedy_only,0,1,19,100000.000000,1500000.000000,0.000045,854.487776,849.976076,4.511700,451170.000000,0.066667,0,1
30,I4_J30,ga_greedy_only,0,0,20,100001.000000,1500000.000000,0.000073,878.820697,871.474173,7.346523,734659.692973,0.066667,0,1
30,I4_J30,ga_greedy_only,0,1,20,100000.000000,1500000.000000,0.000073,994.206555,986.860105,7.346450,734645.000000,0.066667,0,1
30,I4_J30,ga_greedy_only,0,0,21,100000.000000,1500000.000000,0.000052,950.635258,945.396498,5.238760,523876.000000,0.066667,0,1
30,I4_J30,ga_greedy_only,0,1,21,100000.000000,1500000.000000,0.000052,969.615714,964.376954,5.238760,523876.000000,0.066667,0,1
30,I4_J30,ga_greedy_only,0,0,22,0.000000,1500000.000000,0.000047,869.992876,869.992876,0.000000,0.000000,0.000000,0,0
30,I4_J30,ga_greedy_only,0,1,22,252270.901551,1500000.000000,0.000047,844.091747,832.146820,11.944926,3013357.321639,0.168181,0,1
30,I4_J30,ga_greedy_only,0,0,23,100000.000000,1500000.000000,0.000032,805.492193,802.273043,3.219150,321915.000000,0.066667,0,1
30,I4_J30,ga_greedy_only,0,1,23,100000.000000,1500000.000000,0.000032,942.527275,939.308125,3.219150,321915.000000,0.066667,0,1
30,I4_J30,ga_greedy_only,0,0,24,100000.000000,1500000.000000,0.000081,888.671089,880.539359,8.131730,813173.000000,0.066667,0,1
30,I4_J30,ga_greedy_only,0,1,24,100000.000000,1500000.000000,0.000081,993.586430,985.454700,8.131730,813173.000000,0.066667,0,1
30,I4_J30,ga_greedy_only,0,0,25,100000.000000,1500000.000000,0.000039,998.714445,994.851015,3.863430,386343.000000,0.066667,0,1
30,I4_J30,ga_greedy_only,0,1,25,100000.000000,1500000.000000,0.000039,879.573407,875.709977,3.863430,386343.000000,0.066667,0,1
30,I4_J30,ga_greedy_only,0,0,26,0.000000,1500000.000000,0.000086,911.540900,911.540900,0.000000,0.000000,0.000000,0,0
30,I4_J30,ga_greedy_only,0,1,26,0.000000,1500000.000000,0.000086,870.957551,870.957551,0.000000,0.000000,0.000000,0,0
30,I4_J30,ga_greedy_only,0,0,27,0.000000,1500000.000000,0.000056,800.331752,800.331752,0.000000,0.000000,0.000000,0,0
30,I4_J30,ga_greedy_only,0,1,27,0.000000,1500000.000000,0.000056,945.390584,945.390584,0.000000,0.000000,0.000000,0,0
30,I4_J30,ga_greedy_only,0,0,28,0.000000,1500000.000000,0.000061,813.391385,813.391385,0.000000,0.000000,0.000000,0,0
30,I4_J30,ga_greedy_only,0,1,28,0.000000,1500000.000000,0.000061,937.569803,937.569803,0.000000,0.000000,0.000000,0,0
30,I4_J30,ga_greedy_only,0,0,29,267960.591647,1500000.000000,0.000060,970.022282,953.824574,16.197709,4340347.590484,0.178640,0,1
30,I4_J30,ga_greedy_only,0,1,29,1542057.828896,1500000.000000,0.000060,937.879443,847.207293,90.672150,139821698.770350,1.028039,1,1
30,I4_J30,ga_greedy_only,1,0,0,0.000000,1500000.000000,0.000027,862.655137,862.655137,0.000000,0.000000,0.000000,0,0
30,I4_J30,ga_greedy_only,1,1,0,0.000000,1500000.000000,0.000027,926.999545,926.999545,0.000000,0.000000,0.000000,0,0
30,I4_J30,ga_greedy_only,1,0,1,0.000000,1500000.000000,0.000013,809.027682,809.027682,0.000000,0.000000,0.000000,0,0
30,I4_J30,ga_greedy_only,1,1,1,0.000000,1500000.000000,0.000013,890.173310,890.173310,0.000000,0.000000,0.000000,0,0
30,I4_J30,ga_greedy_only,1,0,2,0.000000,1500000.000000,0.000050,923.901352,923.901352,0.000000,0.000000,0.000000,0,0
30,I4_J30,ga_greedy_only,1,1,2,0.000000,1500000.000000,0.000050,921.584641,921.584641,0.000000,0.000000,0.000000,0,0
30,I4_J30,ga_greedy_only,1,0,3,0.000000,1500000.000000,0.000041,906.078369,906.078369,0.000000,0.000000,0.000000,0,0
30,I4_J30,ga_greedy_only,1,1,3,100000.000000,1500000.000000,0.000041,902.216840,898.126540,4.090300,409030.000000,0.066667,0,1
30,I4_J30,ga_greedy_only,1,0,4,0.000000,1500000.000000,0.000027,877.099034,877.099034,0.000000,0.000000,0.000000,0,0
30,I4_J30,ga_greedy_only,1,1,4,0.000000,1500000.000000,0.000027,879.055731,879.055731,0.000000,0.000000,0.000000,0,0
30,I4_J30,ga_greedy_only,1,0,5,0.000000,1500000.000000,0.000030,980.058050,980.058050,0.000000,0.000000,0.000000,0,0
30,I4_J30,ga_greedy_only,1,1,5,0.000000,1500000.000000,0.000030,941.096515,941.096515,0.000000,0.000000,0.000000,0,0
30,I4_J30,ga_greedy_only,1,0,6,0.000000,1500000.000000,0.000033,897.130788,897.130788,0.000000,0.000000,0.000000,0,0
30,I4_J30,ga_greedy_only,1,1,6,0.000000,1500000.000000,0.000033,893.248166,893.248166,0.000000,0.000000,0.000000,0,0
30,I4_J30,ga_greedy_only,1,0,7,0.000000,1500000.000000,0.000050,921.652600,921.652600,0.000000,0.000000,0.000000,0,0
30,I4_J30,ga_greedy_only,1,1,7,0.000000,1500000.000000,0.000050,907.039295,907.039295,0.000000,0.000000,0.000000,0,0
30,I4_J30,ga_greedy_only,1,0,8,0.000000,1500000.000000,0.000009,964.597013,964.597013,0.000000,0.000000,0.000000,0,0
30,I4_J30,ga_greedy_only,1,1,8,0.000000,1500000.000000,0.000009,864.525103,864.525103,0.000000,0.000000,0.000000,0,0
30,I4_J30,ga_greedy_only,1,0,9,0.000000,1500000.000000,0.000076,996.559651,996.559651,0.000000,0.000000,0.000000,0,0
30,I4_J30,ga_greedy_only,1,1,9,100000.000000,1500000.000000,0.000076,906.757771,899.197571,7.560200,756020.000000,0.066667,0,1
30,I4_J30,ga_greedy_only,1,0,10,0.000000,1500000.000000,0.000049,888.146005,888.146005,0.000000,0.000000,0.000000,0,0
30,I4_J30,ga_greedy_only,1,1,10,0.000000,1500000.000000,0.000049,971.283957,971.283957,0.000000,0.000000,0.000000,0,0
30,I4_J30,ga_greedy_only,1,0,11,0.000000,1500000.000000,0.000038,838.189030,838.189030,0.000000,0.000000,0.000000,0,0
30,I4_J30,ga_greedy_only,1,1,11,0.000000,1500000.000000,0.000038,858.504466,858.504466,0.000000,0.000000,0.000000,0,0
30,I4_J30,ga_greedy_only,1,0,12,0.000000,1500000.000000,0.000064,964.873022,964.873022,0.000000,0.000000,0.000000,0,0
30,I4_J30,ga_greedy_only,1,1,12,0.000000,1500000.000000,0.000064,967.958292,967.958292,0.000000,0.000000,0.000000,0,0
30,I4_J30,ga_greedy_only,1,0,13,0.000000,1500000.000000,0.000077,942.604206,942.604206,0.000000,0.000000,0.000000,0,0
30,I4_J30,ga_greedy_only,1,1,13,0.000000,1500000.000000,0.000077,915.347772,915.347772,0.000000,0.000000,0.000000,0,0
30,I4_J30,ga_greedy_only,1,0,14,100000.000000,1500000.000000,0.000051,987.987089,982.905889,5.081200,508120.000000,0.066667,0,1
30,I4_J30,ga_greedy_only,1,1,14,100000.000000,1500000.000000,0.000051,960.342824,955.261624,5.081200,508120.000000,0.066667,0,1
30,I4_J30,ga_greedy_only,1,0,15,267722.623847,1500000.000000,0.000044,868.562596,856.810644,11.751952,3146263.504110,0.178482,0,1
30,I4_J30,ga_greedy_only,1,1,15,100000.000000,1500000.000000,0.000044,936.746789,932.357189,4.389600,438960.000000,0.066667,0,1
30,I4_J30,ga_greedy_only,1,0,16,100000.000000,1500000.000000,0.000003,853.112955,852.769355,0.343600,34360.000000,0.066667,0,1
30,I4_J30,ga_greedy_only,1,1,16,100000.000000,1500000.000000,0.000003,819.060419,818.716819,0.343600,34360.000000,0.066667,0,1
30,I4_J30,ga_greedy_only,1,0,17,100000.000000,1500000.000000,0.000009,801.213033,800.326133,0.886900,88690.000000,0.066667,0,1
30,I4_J30,ga_greedy_only,1,1,17,100000.000000,1500000.000000,0.000009,839.741882,838.854982,0.886900,88690.000000,0.066667,0,1
30,I4_J30,ga_greedy_only,1,0,18,100000.000000,1500000.000000,0.000042,907.455934,903.296534,4.159400,415940.000000,0.066667,0,1
30,I4_J30,ga_greedy_only,1,1,18,100000.000000,1500000.000000,0.000042,907.070218,902.910818,4.159400,415940.000000,0.066667,0,1
30,I4_J30,ga_greedy_only,1,0,19,100000.000000,1500000.000000,0.000045,941.437216,936.925516,4.511700,451170.000000,0.066667,0,1
30,I4_J30,ga_greedy_only,1,1,19,100000.000000,1500000.000000,0.000045,854.487776,849.976076,4.511700,451170.000000,0.066667,0,1
30,I4_J30,ga_greedy_only,1,0,20,100000.000000,1500000.000000,0.000073,878.820697,871.474247,7.346450,734645.000000,0.066667,0,1
30,I4_J30,ga_greedy_only,1,1,20,100000.000000,1500000.000000,0.000073,994.206555,986.860105,7.346450,734645.000000,0.066667,0,1
30,I4_J30,ga_greedy_only,1,0,21,100000.000000,1500000.000000,0.000052,950.635258,945.396498,5.238760,523876.000000,0.066667,0,1
30,I4_J30,ga_greedy_only,1,1,21,99999.000000,1500000.000000,0.000052,969.615714,964.377007,5.238708,523865.522532,0.066666,0,1
30,I4_J30,ga_greedy_only,1,0,22,0.000000,1500000.000000,0.000047,869.992876,869.992876,0.000000,0.000000,0.000000,0,0
30,I4_J30,ga_greedy_only,1,1,22,265908.520678,1500000.000000,0.000047,844.091747,831.501085,12.590662,3347964.330904,0.177272,0,1
30,I4_J30,ga_greedy_only,1,0,23,100000.000000,1500000.000000,0.000032,805.492193,802.273043,3.219150,321915.000000,0.066667,0,1
30,I4_J30,ga_greedy_only,1,1,23,100000.000000,1500000.000000,0.000032,942.527275,939.308125,3.219150,321915.000000,0.066667,0,1
30,I4_J30,ga_greedy_only,1,0,24,100000.000000,1500000.000000,0.000081,888.671089,880.539359,8.131730,813173.000000,0.066667,0,1
30,I4_J30,ga_greedy_only,1,1,24,100000.000000,1500000.000000,0.000081,993.586430,985.454700,8.131730,813173.000000,0.066667,0,1
30,I4_J30,ga_greedy_only,1,0,25,100000.000000,1500000.000000,0.000039,998.714445,994.851015,3.863430,386343.000000,0.066667,0,1
30,I4_J30,ga_greedy_only,1,1,25,100000.000000,1500000.000000,0.000039,879.573407,875.709977,3.863430,386343.000000,0.066667,0,1
30,I4_J30,ga_greedy_only,1,0,26,0.000000,1500000.000000,0.000086,911.540900,911.540900,0.000000,0.000000,0.000000,0,0
30,I4_J30,ga_greedy_only,1,1,26,0.000000,1500000.000000,0.000086,870.957551,870.957551,0.000000,0.000000,0.000000,0,0
30,I4_J30,ga_greedy_only,1,0,27,100000.000000,1500000.000000,0.000056,800.331752,794.766352,5.565400,556540.000000,0.066667,0,1
30,I4_J30,ga_greedy_only,1,1,27,0.000000,1500000.000000,0.000056,945.390584,945.390584,0.000000,0.000000,0.000000,0,0
30,I4_J30,ga_greedy_only,1,0,28,0.000000,1500000.000000,0.000061,813.391385,813.391385,0.000000,0.000000,0.000000,0,0
30,I4_J30,ga_greedy_only,1,1,28,0.000000,1500000.000000,0.000061,937.569803,937.569803,0.000000,0.000000,0.000000,0,0
30,I4_J30,ga_greedy_only,1,0,29,501573.695626,1500000.000000,0.000060,970.022282,939.703105,30.319177,15207301.611403,0.334382,0,1
30,I4_J30,ga_greedy_only,1,1,29,1567911.570735,1500000.000000,0.000060,937.879443,847.207293,90.672150,142165913.128442,1.045274,1,1
30,I4_J30,ga_greedy_only,2,0,0,0.000000,1500000.000000,0.000027,862.655137,862.655137,0.000000,0.000000,0.000000,0,0
30,I4_J30,ga_greedy_only,2,1,0,0.000000,1500000.000000,0.000027,926.999545,926.999545,0.000000,0.000000,0.000000,0,0
30,I4_J30,ga_greedy_only,2,0,1,100000.000000,1500000.000000,0.000013,809.027682,807.761982,1.265700,126570.000000,0.066667,0,1
30,I4_J30,ga_greedy_only,2,1,1,100000.000000,1500000.000000,0.000013,890.173310,888.907610,1.265700,126570.000000,0.066667,0,1
30,I4_J30,ga_greedy_only,2,0,2,0.000000,1500000.000000,0.000050,923.901352,923.901352,0.000000,0.000000,0.000000,0,0
30,I4_J30,ga_greedy_only,2,1,2,0.000000,1500000.000000,0.000050,921.584641,921.584641,0.000000,0.000000,0.000000,0,0
30,I4_J30,ga_greedy_only,2,0,3,0.000000,1500000.000000,0.000041,906.078369,906.078369,0.000000,0.000000,0.000000,0,0
30,I4_J30,ga_greedy_only,2,1,3,0.000000,1500000.000000,0.000041,902.216840,902.216840,0.000000,0.000000,0.000000,0,0
30,I4_J30,ga_greedy_only,2,0,4,0.000000,1500000.000000,0.000027,877.099034,877.099034,0.000000,0.000000,0.000000,0,0
30,I4_J30,ga_greedy_only,2,1,4,0.000000,1500000.000000,0.000027,879.055731,879.055731,0.000000,0.000000,0.000000,0,0
30,I4_J30,ga_greedy_only,2,0,5,0.000000,1500000.000000,0.000030,980.058050,980.058050,0.000000,0.000000,0.000000,0,0
30,I4_J30,ga_greedy_only,2,1,5,0.000000,1500000.000000,0.000030,941.096515,941.096515,0.000000,0.000000,0.000000,0,0
30,I4_J30,ga_greedy_only,2,0,6,0.000000,1500000.000000,0.000033,897.130788,897.130788,0.000000,0.000000,0.000000,0,0
30,I4_J30,ga_greedy_only,2,1,6,0.000000,1500000.000000,0.000033,893.248166,893.248166,0.000000,0.000000,0.000000,0,0
30,I4_J30,ga_greedy_only,2,0,7,0.000000,1500000.000000,0.000050,921.652600,921.652600,0.000000,0.000000,0.000000,0,0
30,I4_J30,ga_greedy_only,2,1,7,0.000000,1500000.000000,0.000050,907.039295,907.039295,0.000000,0.000000,0.000000,0,0
30,I4_J30,ga_greedy_only,2,0,8,0.000000,1500000.000000,0.000009,964.597013,964.597013,0.000000,0.000000,0.000000,0,0
30,I4_J30,ga_greedy_only,2,1,8,0.000000,1500000.000000,0.000009,864.525103,864.525103,0.000000,0.000000,0.000000,0,0
30,I4_J30,ga_greedy_only,2,0,9,0.000000,1500000.000000,0.000076,996.559651,996.559651,0.000000,0.000000,0.000000,0,0
30,I4_J30,ga_greedy_only,2,1,9,0.000000,1500000.000000,0.000076,906.757771,906.757771,0.000000,0.000000,0.000000,0,0
30,I4_J30,ga_greedy_only,2,0,10,0.000000,1500000.000000,0.000049,888.146005,888.146005,0.000000,0.000000,0.000000,0,0
30,I4_J30,ga_greedy_only,2,1,10,0.000000,1500000.000000,0.000049,971.283957,971.283957,0.000000,0.000000,0.000000,0,0
30,I4_J30,ga_greedy_only,2,0,11,0.000000,1500000.000000,0.000038,838.189030,838.189030,0.000000,0.000000,0.000000,0,0
30,I4_J30,ga_greedy_only,2,1,11,0.000000,1500000.000000,0.000038,858.504466,858.504466,0.000000,0.000000,0.000000,0,0
30,I4_J30,ga_greedy_only,2,0,12,0.000000,1500000.000000,0.000064,964.873022,964.873022,0.000000,0.000000,0.000000,0,0
30,I4_J30,ga_greedy_only,2,1,12,0.000000,1500000.000000,0.000064,967.958292,967.958292,0.000000,0.000000,0.000000,0,0
30,I4_J30,ga_greedy_only,2,0,13,0.000000,1500000.000000,0.000077,942.604206,942.604206,0.000000,0.000000,0.000000,0,0
30,I4_J30,ga_greedy_only,2,1,13,0.000000,1500000.000000,0.000077,915.347772,915.347772,0.000000,0.000000,0.000000,0,0
30,I4_J30,ga_greedy_only,2,0,14,100000.000000,1500000.000000,0.000051,987.987089,982.905889,5.081200,508120.000000,0.066667,0,1
30,I4_J30,ga_greedy_only,2,1,14,100000.000000,1500000.000000,0.000051,960.342824,955.261624,5.081200,508120.000000,0.066667,0,1
30,I4_J30,ga_greedy_only,2,0,15,209697.219675,1500000.000000,0.000044,868.562596,859.357727,9.204869,1930235.469243,0.139798,0,1
30,I4_J30,ga_greedy_only,2,1,15,200369.063301,1500000.000000,0.000044,936.746789,927.951388,8.795400,1762326.140047,0.133579,0,1
30,I4_J30,ga_greedy_only,2,0,16,100000.000000,1500000.000000,0.000003,853.112955,852.769355,0.343600,34360.000000,0.066667,0,1
30,I4_J30,ga_greedy_only,2,1,16,100000.000000,1500000.000000,0.000003,819.060419,818.716819,0.343600,34360.000000,0.066667,0,1
30,I4_J30,ga_greedy_only,2,0,17,100000.000000,1500000.000000,0.000009,801.213033,800.326133,0.886900,88690.000000,0.066667,0,1
30,I4_J30,ga_greedy_only,2,1,17,100000.000000,1500000.000000,0.000009,839.741882,838.854982,0.886900,88690.000000,0.066667,0,1
30,I4_J30,ga_greedy_only,2,0,18,100000.000000,1500000.000000,0.000042,907.455934,903.296534,4.159400,415940.000000,0.066667,0,1
30,I4_J30,ga_greedy_only,2,1,18,100000.000000,1500000.000000,0.000042,907.070218,902.910818,4.159400,415940.000000,0.066667,0,1
30,I4_J30,ga_greedy_only,2,0,19,100000.000000,1500000.000000,0.000045,941.437216,936.925516,4.511700,451170.000000,0.066667,0,1
30,I4_J30,ga_greedy_only,2,1,19,100000.000000,1500000.000000,0.000045,854.487776,849.976076,4.511700,451170.000000,0.066667,0,1
30,I4_J30,ga_greedy_only,2,0,20,100000.000000,1500000.000000,0.000073,878.820697,871.474247,7.346450,734645.000000,0.066667,0,1
30,I4_J30,ga_greedy_only,2,1,20,100000.000000,1500000.000000,0.000073,994.206555,986.860105,7.346450,734645.000000,0.066667,0,1
30,I4_J30,ga_greedy_only,2,0,21,100000.000000,1500000.000000,0.000052,950.635258,945.396498,5.238760,523876.000000,0.066667,0,1
30,I4_J30,ga_greedy_only,2,1,21,100000.000000,1500000.000000,0.000052,969.615714,964.376954,5.238760,523876.000000,0.066667,0,1
30,I4_J30,ga_greedy_only,2,0,22,100000.000000,1500000.000000,0.000047,869.992876,865.257916,4.734960,473496.000000,0.066667,0,1
30,I4_J30,ga_greedy_only,2,1,22,146451.924934,1500000.000000,0.000047,844.091747,837.157307,6.934440,1015562.095835,0.097635,0,1
30,I4_J30,ga_greedy_only,2,0,23,232041.339464,1500000.000000,0.000032,805.492193,798.022434,7.469759,1733292.832639,0.154694,0,1
30,I4_J30,ga_greedy_only,2,1,23,0.000000,1500000.000000,0.000032,942.527275,942.527275,0.000000,0.000000,0.000000,0,0
30,I4_J30,ga_greedy_only,2,0,24,100000.000000,1500000.000000,0.000081,888.671089,880.539359,8.131730,813173.000000,0.066667,0,1
30,I4_J30,ga_greedy_only,2,1,24,100000.000000,1500000.000000,0.000081,993.586430,985.454700,8.131730,813173.000000,0.066667,0,1
30,I4_J30,ga_greedy_only,2,0,25,100000.000000,1500000.000000,0.000039,998.714445,994.851015,3.863430,386343.000000,0.066667,0,1
30,I4_J30,ga_greedy_only,2,1,25,100000.000000,1500000.000000,0.000039,879.573407,875.709977,3.863430,386343.000000,0.066667,0,1
30,I4_J30,ga_greedy_only,2,0,26,0.000000,1500000.000000,0.000086,911.540900,911.540900,0.000000,0.000000,0.000000,0,0
30,I4_J30,ga_greedy_only,2,1,26,0.000000,1500000.000000,0.000086,870.957551,870.957551,0.000000,0.000000,0.000000,0,0
30,I4_J30,ga_greedy_only,2,0,27,0.000000,1500000.000000,0.000056,800.331752,800.331752,0.000000,0.000000,0.000000,0,0
30,I4_J30,ga_greedy_only,2,1,27,0.000000,1500000.000000,0.000056,945.390584,945.390584,0.000000,0.000000,0.000000,0,0
30,I4_J30,ga_greedy_only,2,0,28,0.000000,1500000.000000,0.000061,813.391385,813.391385,0.000000,0.000000,0.000000,0,0
30,I4_J30,ga_greedy_only,2,1,28,0.000000,1500000.000000,0.000061,937.569803,937.569803,0.000000,0.000000,0.000000,0,0
30,I4_J30,ga_greedy_only,2,0,29,539081.850650,1500000.000000,0.000060,970.022282,937.435809,32.586474,17566776.503194,0.359388,0,1
30,I4_J30,ga_greedy_only,2,1,29,1553763.183505,1500000.000000,0.000060,937.879443,847.207293,90.672150,140883048.439220,1.035842,1,1
30,I4_J30,ga_greedy_only,3,0,0,0.000000,1500000.000000,0.000027,862.655137,862.655137,0.000000,0.000000,0.000000,0,0
30,I4_J30,ga_greedy_only,3,1,0,0.000000,1500000.000000,0.000027,926.999545,926.999545,0.000000,0.000000,0.000000,0,0
30,I4_J30,ga_greedy_only,3,0,1,100000.000000,1500000.000000,0.000013,809.027682,807.761982,1.265700,126570.000000,0.066667,0,1
30,I4_J30,ga_greedy_only,3,1,1,0.000000,1500000.000000,0.000013,890.173310,890.173310,0.000000,0.000000,0.000000,0,0
30,I4_J30,ga_greedy_only,3,0,2,0.000000,1500000.000000,0.000050,923.901352,923.901352,0.000000,0.000000,0.000000,0,0
30,I4_J30,ga_greedy_only,3,1,2,0.000000,1500000.000000,0.000050,921.584641,921.584641,0.000000,0.000000,0.000000,0,0
30,I4_J30,ga_greedy_only,3,0,3,0.000000,1500000.000000,0.000041,906.078369,906.078369,0.000000,0.000000,0.000000,0,0
30,I4_J30,ga_greedy_only,3,1,3,0.000000,1500000.000000,0.000041,902.216840,902.216840,0.000000,0.000000,0.000000,0,0
30,I4_J30,ga_greedy_only,3,0,4,0.000000,1500000.000000,0.000027,877.099034,877.099034,0.000000,0.000000,0.000000,0,0
30,I4_J30,ga_greedy_only,3,1,4,100000.000000,1500000.000000,0.000027,879.055731,876.372531,2.683200,268320.000000,0.066667,0,1
30,I4_J30,ga_greedy_only,3,0,5,0.000000,1500000.000000,0.000030,980.058050,980.058050,0.000000,0.000000,0.000000,0,0
30,I4_J30,ga_greedy_only,3,1,5,0.000000,1500000.000000,0.000030,941.096515,941.096515,0.000000,0.000000,0.000000,0,0
30,I4_J30,ga_greedy_only,3,0,6,0.000000,1500000.000000,0.000033,897.130788,897.130788,0.000000,0.000000,0.000000,0,0
30,I4_J30,ga_greedy_only,3,1,6,0.000000,1500000.000000,0.000033,893.248166,893.248166,0.000000,0.000000,0.000000,0,0
30,I4_J30,ga_greedy_only,3,0,7,0.000000,1500000.000000,0.000050,921.652600,921.652600,0.000000,0.000000,0.000000,0,0
30,I4_J30,ga_greedy_only,3,1,7,0.000000,1500000.000000,0.000050,907.039295,907.039295,0.000000,0.000000,0.000000,0,0
30,I4_J30,ga_greedy_only,3,0,8,0.000000,1500000.000000,0.000009,964.597013,964.597013,0.000000,0.000000,0.000000,0,0
30,I4_J30,ga_greedy_only,3,1,8,0.000000,1500000.000000,0.000009,864.525103,864.525103,0.000000,0.000000,0.000000,0,0
30,I4_J30,ga_greedy_only,3,0,9,0.000000,1500000.000000,0.000076,996.559651,996.559651,0.000000,0.000000,0.000000,0,0
30,I4_J30,ga_greedy_only,3,1,9,0.000000,1500000.000000,0.000076,906.757771,906.757771,0.000000,0.000000,0.000000,0,0
30,I4_J30,ga_greedy_only,3,0,10,0.000000,1500000.000000,0.000049,888.146005,888.146005,0.000000,0.000000,0.000000,0,0
30,I4_J30,ga_greedy_only,3,1,10,0.000000,1500000.000000,0.000049,971.283957,971.283957,0.000000,0.000000,0.000000,0,0
30,I4_J30,ga_greedy_only,3,0,11,0.000000,1500000.000000,0.000038,838.189030,838.189030,0.000000,0.000000,0.000000,0,0
30,I4_J30,ga_greedy_only,3,1,11,0.000000,1500000.000000,0.000038,858.504466,858.504466,0.000000,0.000000,0.000000,0,0
30,I4_J30,ga_greedy_only,3,0,12,0.000000,1500000.000000,0.000064,964.873022,964.873022,0.000000,0.000000,0.000000,0,0
30,I4_J30,ga_greedy_only,3,1,12,0.000000,1500000.000000,0.000064,967.958292,967.958292,0.000000,0.000000,0.000000,0,0
30,I4_J30,ga_greedy_only,3,0,13,0.000000,1500000.000000,0.000077,942.604206,942.604206,0.000000,0.000000,0.000000,0,0
30,I4_J30,ga_greedy_only,3,1,13,0.000000,1500000.000000,0.000077,915.347772,915.347772,0.000000,0.000000,0.000000,0,0
30,I4_J30,ga_greedy_only,3,0,14,100000.000000,1500000.000000,0.000051,987.987089,982.905889,5.081200,508120.000000,0.066667,0,1
30,I4_J30,ga_greedy_only,3,1,14,100000.000000,1500000.000000,0.000051,960.342824,955.261624,5.081200,508120.000000,0.066667,0,1
30,I4_J30,ga_greedy_only,3,0,15,214501.381009,1500000.000000,0.000044,868.562596,859.146844,9.415753,2019691.940400,0.143001,0,1
30,I4_J30,ga_greedy_only,3,1,15,321049.079838,1500000.000000,0.000044,936.746789,922.654018,14.092770,4524470.972035,0.214033,0,1
30,I4_J30,ga_greedy_only,3,0,16,100000.000000,1500000.000000,0.000003,853.112955,852.769355,0.343600,34360.000000,0.066667,0,1
30,I4_J30,ga_greedy_only,3,1,16,100000.000000,1500000.000000,0.000003,819.060419,818.716819,0.343600,34360.000000,0.066667,0,1
30,I4_J30,ga_greedy_only,3,0,17,249570.810128,1500000.000000,0.000009,801.213033,798.999590,2.213444,552410.891217,0.166381,0,1
30,I4_J30,ga_greedy_only,3,1,17,0.000000,1500000.000000,0.000009,839.741882,839.741882,0.000000,0.000000,0.000000,0,0
30,I4_J30,ga_greedy_only,3,0,18,100000.000000,1500000.000000,0.000042,907.455934,903.296534,4.159400,415940.000000,0.066667,0,1
30,I4_J30,ga_greedy_only,3,1,18,100000.000000,1500000.000000,0.000042,907.070218,902.910818,4.159400,415940.000000,0.066667,0,1
30,I4_J30,ga_greedy_only,3,0,19,100000.000000,1500000.000000,0.000045,941.437216,936.925516,4.511700,451170.000000,0.066667,0,1
30,I4_J30,ga_greedy_only,3,1,19,100000.000000,1500000.000000,0.000045,854.487776,849.976076,4.511700,451170.000000,0.066667,0,1
30,I4_J30,ga_greedy_only,3,0,20,100000.000000,1500000.000000,0.000073,878.820697,871.474247,7.346450,734645.000000,0.066667,0,1
30,I4_J30,ga_greedy_only,3,1,20,100000.000000,1500000.000000,0.000073,994.206555,986.860105,7.346450,734645.000000,0.066667,0,1
30,I4_J30,ga_greedy_only,3,0,21,100000.000000,1500000.000000,0.000052,950.635258,945.396498,5.238760,523876.000000,0.066667,0,1
30,I4_J30,ga_greedy_only,3,1,21,100000.000000,1500000.000000,0.000052,969.615714,964.376954,5.238760,523876.000000,0.066667,0,1
30,I4_J30,ga_greedy_only,3,0,22,355700.269679,1500000.000000,0.000047,869.992876,853.150611,16.842265,5990798.376524,0.237134,0,1
30,I4_J30,ga_greedy_only,3,1,22,100000.000000,1500000.000000,0.000047,844.091747,839.356787,4.734960,473496.000000,0.066667,0,1
30,I4_J30,ga_greedy_only,3,0,23,100000.000000,1500000.000000,0.000032,805.492193,802.273043,3.219150,321915.000000,0.066667,0,1
30,I4_J30,ga_greedy_only,3,1,23,100000.000000,1500000.000000,0.000032,942.527275,939.308125,3.219150,321915.000000,0.066667,0,1
30,I4_J30,ga_greedy_only,3,0,24,100000.000000,1500000.000000,0.000081,888.671089,880.539359,8.131730,813173.000000,0.066667,0,1
30,I4_J30,ga_greedy_only,3,1,24,100000.000000,1500000.000000,0.000081,993.586430,985.454700,8.131730,813173.000000,0.066667,0,1
30,I4_J30,ga_greedy_only,3,0,25,100000.000000,1500000.000000,0.000039,998.714445,994.851015,3.863430,386343.000000,0.066667,0,1
30,I4_J30,ga_greedy_only,3,1,25,100000.000000,1500000.000000,0.000039,879.573407,875.709977,3.863430,386343.000000,0.066667,0,1
30,I4_J30,ga_greedy_only,3,0,26,0.000000,1500000.000000,0.000086,911.540900,911.540900,0.000000,0.000000,0.000000,0,0
30,I4_J30,ga_greedy_only,3,1,26,0.000000,1500000.000000,0.000086,870.957551,870.957551,0.000000,0.000000,0.000000,0,0
30,I4_J30,ga_greedy_only,3,0,27,0.000000,1500000.000000,0.000056,800.331752,800.331752,0.000000,0.000000,0.000000,0,0
30,I4_J30,ga_greedy_only,3,1,27,0.000000,1500000.000000,0.000056,945.390584,945.390584,0.000000,0.000000,0.000000,0,0
30,I4_J30,ga_greedy_only,3,0,28,0.000000,1500000.000000,0.000061,813.391385,813.391385,0.000000,0.000000,0.000000,0,0
30,I4_J30,ga_greedy_only,3,1,28,0.000000,1500000.000000,0.000061,937.569803,937.569803,0.000000,0.000000,0.000000,0,0
30,I4_J30,ga_greedy_only,3,0,29,169906.722239,1500000.000000,0.000060,970.022282,959.751744,10.270539,1745033.538384,0.113271,0,1
30,I4_J30,ga_greedy_only,3,1,29,1634152.381472,1500000.000000,0.000060,937.879443,847.207293,90.672150,148172109.855723,1.089435,1,1
30,I4_J30,ga_greedy_only,4,0,0,0.000000,1500000.000000,0.000027,862.655137,862.655137,0.000000,0.000000,0.000000,0,0
30,I4_J30,ga_greedy_only,4,1,0,0.000000,1500000.000000,0.000027,926.999545,926.999545,0.000000,0.000000,0.000000,0,0
30,I4_J30,ga_greedy_only,4,0,1,0.000000,1500000.000000,0.000013,809.027682,809.027682,0.000000,0.000000,0.000000,0,0
30,I4_J30,ga_greedy_only,4,1,1,0.000000,1500000.000000,0.000013,890.173310,890.173310,0.000000,0.000000,0.000000,0,0
30,I4_J30,ga_greedy_only,4,0,2,0.000000,1500000.000000,0.000050,923.901352,923.901352,0.000000,0.000000,0.000000,0,0
30,I4_J30,ga_greedy_only,4,1,2,100000.000000,1500000.000000,0.000050,921.584641,916.535141,5.049500,504950.000000,0.066667,0,1
30,I4_J30,ga_greedy_only,4,0,3,0.000000,1500000.000000,0.000041,906.078369,906.078369,0.000000,0.000000,0.000000,0,0
30,I4_J30,ga_greedy_only,4,1,3,0.000000,1500000.000000,0.000041,902.216840,902.216840,0.000000,0.000000,0.000000,0,0
30,I4_J30,ga_greedy_only,4,0,4,0.000000,1500000.000000,0.000027,877.099034,877.099034,0.000000,0.000000,0.000000,0,0
30,I4_J30,ga_greedy_only,4,1,4,100000.000000,1500000.000000,0.000027,879.055731,876.372531,2.683200,268320.000000,0.066667,0,1
30,I4_J30,ga_greedy_only,4,0,5,0.000000,1500000.000000,0.000030,980.058050,980.058050,0.000000,0.000000,0.000000,0,0
30,I4_J30,ga_greedy_only,4,1,5,0.000000,1500000.000000,0.000030,941.096515,941.096515,0.000000,0.000000,0.000000,0,0
30,I4_J30,ga_greedy_only,4,0,6,0.000000,1500000.000000,0.000033,897.130788,897.130788,0.000000,0.000000,0.000000,0,0
30,I4_J30,ga_greedy_only,4,1,6,0.000000,1500000.000000,0.000033,893.248166,893.248166,0.000000,0.000000,0.000000,0,0
30,I4_J30,ga_greedy_only,4,0,7,0.000000,1500000.000000,0.000050,921.652600,921.652600,0.000000,0.000000,0.000000,0,0
30,I4_J30,ga_greedy_only,4,1,7,0.000000,1500000.000000,0.000050,907.039295,907.039295,0.000000,0.000000,0.000000,0,0
30,I4_J30,ga_greedy_only,4,0,8,0.000000,1500000.000000,0.000009,964.597013,964.597013,0.000000,0.000000,0.000000,0,0
30,I4_J30,ga_greedy_only,4,1,8,0.000000,1500000.000000,0.000009,864.525103,864.525103,0.000000,0.000000,0.000000,0,0
30,I4_J30,ga_greedy_only,4,0,9,0.000000,1500000.000000,0.000076,996.559651,996.559651,0.000000,0.000000,0.000000,0,0
30,I4_J30,ga_greedy_only,4,1,9,100000.000000,1500000.000000,0.000076,906.757771,899.197571,7.560200,756020.000000,0.066667,0,1
30,I4_J30,ga_greedy_only,4,0,10,0.000000,1500000.000000,0.000049,888.146005,888.146005,0.000000,0.000000,0.000000,0,0
30,I4_J30,ga_greedy_only,4,1,10,0.000000,1500000.000000,0.000049,971.283957,971.283957,0.000000,0.000000,0.000000,0,0
30,I4_J30,ga_greedy_only,4,0,11,0.000000,1500000.000000,0.000038,838.189030,838.189030,0.000000,0.000000,0.000000,0,0
30,I4_J30,ga_greedy_only,4,1,11,0.000000,1500000.000000,0.000038,858.504466,858.504466,0.000000,0.000000,0.000000,0,0
30,I4_J30,ga_greedy_only,4,0,12,0.000000,1500000.000000,0.000064,964.873022,964.873022,0.000000,0.000000,0.000000,0,0
30,I4_J30,ga_greedy_only,4,1,12,0.000000,1500000.000000,0.000064,967.958292,967.958292,0.000000,0.000000,0.000000,0,0
30,I4_J30,ga_greedy_only,4,0,13,0.000000,1500000.000000,0.000077,942.604206,942.604206,0.000000,0.000000,0.000000,0,0
30,I4_J30,ga_greedy_only,4,1,13,0.000000,1500000.000000,0.000077,915.347772,915.347772,0.000000,0.000000,0.000000,0,0
30,I4_J30,ga_greedy_only,4,0,14,100000.000000,1500000.000000,0.000051,987.987089,982.905889,5.081200,508120.000000,0.066667,0,1
30,I4_J30,ga_greedy_only,4,1,14,99999.000000,1500000.000000,0.000051,960.342824,955.261675,5.081149,508109.837651,0.066666,0,1
30,I4_J30,ga_greedy_only,4,0,15,421680.760977,1500000.000000,0.000044,868.562596,850.052498,18.510099,7805352.498761,0.281121,0,1
30,I4_J30,ga_greedy_only,4,1,15,240989.782710,1500000.000000,0.000044,936.746789,926.168301,10.578488,2549307.404478,0.160660,0,1
30,I4_J30,ga_greedy_only,4,0,16,100000.000000,1500000.000000,0.000003,853.112955,852.769355,0.343600,34360.000000,0.066667,0,1
30,I4_J30,ga_greedy_only,4,1,16,99999.000000,1500000.000000,0.000003,819.060419,818.716822,0.343597,34359.312803,0.066666,0,1
30,I4_J30,ga_greedy_only,4,0,17,100000.000000,1500000.000000,0.000009,801.213033,800.326133,0.886900,88690.000000,0.066667,0,1
30,I4_J30,ga_greedy_only,4,1,17,100000.000000,1500000.000000,0.000009,839.741882,838.854982,0.886900,88690.000000,0.066667,0,1
30,I4_J30,ga_greedy_only,4,0,18,100000.000000,1500000.000000,0.000042,907.455934,903.296534,4.159400,415940.000000,0.066667,0,1
30,I4_J30,ga_greedy_only,4,1,18,99999.000000,1500000.000000,0.000042,907.070218,902.910859,4.159358,415931.681242,0.066666,0,1
30,I4_J30,ga_greedy_only,4,0,19,100000.000000,1500000.000000,0.000045,941.437216,936.925516,4.511700,451170.000000,0.066667,0,1
30,I4_J30,ga_greedy_only,4,1,19,99999.000000,1500000.000000,0.000045,854.487776,849.976121,4.511655,451160.976645,0.066666,0,1
30,I4_J30,ga_greedy_only,4,0,20,100000.000000,1500000.000000,0.000073,878.820697,871.474247,7.346450,734645.000000,0.066667,0,1
30,I4_J30,ga_greedy_only,4,1,20,100000.000000,1500000.000000,0.000073,994.206555,986.860105,7.346450,734645.000000,0.066667,0,1
30,I4_J30,ga_greedy_only,4,0,21,99999.000000,1500000.000000,0.000052,950.635258,945.396550,5.238708,523865.522532,0.066666,0,1
30,I4_J30,ga_greedy_only,4,1,21,100000.000000,1500000.000000,0.000052,969.615714,964.376954,5.238760,523876.000000,0.066667,0,1
30,I4_J30,ga_greedy_only,4,0,22,100000.000000,1500000.000000,0.000047,869.992876,865.257916,4.734960,473496.000000,0.066667,0,1
30,I4_J30,ga_greedy_only,4,1,22,99999.000000,1500000.000000,0.000047,844.091747,839.356834,4.734913,473486.530127,0.066666,0,1
30,I4_J30,ga_greedy_only,4,0,23,152259.657376,1500000.000000,0.000032,805.492193,800.590726,4.901467,746295.649582,0.101506,0,1
30,I4_J30,ga_greedy_only,4,1,23,99999.000000,1500000.000000,0.000032,942.527275,939.308157,3.219118,321908.561732,0.066666,0,1
30,I4_J30,ga_greedy_only,4,0,24,100000.000000,1500000.000000,0.000081,888.671089,880.539359,8.131730,813173.000000,0.066667,0,1
30,I4_J30,ga_greedy_only,4,1,24,100000.000000,1500000.000000,0.000081,993.586430,985.454700,8.131730,813173.000000,0.066667,0,1
30,I4_J30,ga_greedy_only,4,0,25,100000.000000,1500000.000000,0.000039,998.714445,994.851015,3.863430,386343.000000,0.066667,0,1
30,I4_J30,ga_greedy_only,4,1,25,99999.000000,1500000.000000,0.000039,879.573407,875.710016,3.863391,386335.273179,0.066666,0,1
30,I4_J30,ga_greedy_only,4,0,26,0.000000,1500000.000000,0.000086,911.540900,911.540900,0.000000,0.000000,0.000000,0,0
30,I4_J30,ga_greedy_only,4,1,26,0.000000,1500000.000000,0.000086,870.957551,870.957551,0.000000,0.000000,0.000000,0,0
30,I4_J30,ga_greedy_only,4,0,27,100000.000000,1500000.000000,0.000056,800.331752,794.766352,5.565400,556540.000000,0.066667,0,1
30,I4_J30,ga_greedy_only,4,1,27,0.000000,1500000.000000,0.000056,945.390584,945.390584,0.000000,0.000000,0.000000,0,0
30,I4_J30,ga_greedy_only,4,0,28,0.000000,1500000.000000,0.000061,813.391385,813.391385,0.000000,0.000000,0.000000,0,0
30,I4_J30,ga_greedy_only,4,1,28,0.000000,1500000.000000,0.000061,937.569803,937.569803,0.000000,0.000000,0.000000,0,0
30,I4_J30,ga_greedy_only,4,0,29,217259.729310,1500000.000000,0.000060,970.022282,956.889345,13.132938,2853258.520873,0.144840,0,1
30,I4_J30,ga_greedy_only,4,1,29,1541835.985238,1500000.000000,0.000060,937.879443,847.207293,90.672150,139801583.728925,1.027891,1,1
35,I4_J35,manual,-1,0,0,0.000000,1500000.000000,0.000027,862.655137,862.655137,0.000000,0.000000,0.000000,0,0
35,I4_J35,manual,-1,1,0,0.000000,1500000.000000,0.000027,926.999545,926.999545,0.000000,0.000000,0.000000,0,0
35,I4_J35,manual,-1,0,1,0.000000,1500000.000000,0.000013,809.027682,809.027682,0.000000,0.000000,0.000000,0,0
35,I4_J35,manual,-1,1,1,0.000000,1500000.000000,0.000013,890.173310,890.173310,0.000000,0.000000,0.000000,0,0
35,I4_J35,manual,-1,0,2,0.000000,1500000.000000,0.000050,923.901352,923.901352,0.000000,0.000000,0.000000,0,0
35,I4_J35,manual,-1,1,2,0.000000,1500000.000000,0.000050,921.584641,921.584641,0.000000,0.000000,0.000000,0,0
35,I4_J35,manual,-1,0,3,0.000000,1500000.000000,0.000041,906.078369,906.078369,0.000000,0.000000,0.000000,0,0
35,I4_J35,manual,-1,1,3,0.000000,1500000.000000,0.000041,902.216840,902.216840,0.000000,0.000000,0.000000,0,0
35,I4_J35,manual,-1,0,4,0.000000,1500000.000000,0.000027,877.099034,877.099034,0.000000,0.000000,0.000000,0,0
35,I4_J35,manual,-1,1,4,0.000000,1500000.000000,0.000027,879.055731,879.055731,0.000000,0.000000,0.000000,0,0
35,I4_J35,manual,-1,0,5,0.000000,1500000.000000,0.000030,980.058050,980.058050,0.000000,0.000000,0.000000,0,0
35,I4_J35,manual,-1,1,5,0.000000,1500000.000000,0.000030,941.096515,941.096515,0.000000,0.000000,0.000000,0,0
35,I4_J35,manual,-1,0,6,0.000000,1500000.000000,0.000033,897.130788,897.130788,0.000000,0.000000,0.000000,0,0
35,I4_J35,manual,-1,1,6,0.000000,1500000.000000,0.000033,893.248166,893.248166,0.000000,0.000000,0.000000,0,0
35,I4_J35,manual,-1,0,7,0.000000,1500000.000000,0.000050,921.652600,921.652600,0.000000,0.000000,0.000000,0,0
35,I4_J35,manual,-1,1,7,0.000000,1500000.000000,0.000050,907.039295,907.039295,0.000000,0.000000,0.000000,0,0
35,I4_J35,manual,-1,0,8,0.000000,1500000.000000,0.000009,964.597013,964.597013,0.000000,0.000000,0.000000,0,0
35,I4_J35,manual,-1,1,8,0.000000,1500000.000000,0.000009,864.525103,864.525103,0.000000,0.000000,0.000000,0,0
35,I4_J35,manual,-1,0,9,0.000000,1500000.000000,0.000076,996.559651,996.559651,0.000000,0.000000,0.000000,0,0
35,I4_J35,manual,-1,1,9,0.000000,1500000.000000,0.000076,906.757771,906.757771,0.000000,0.000000,0.000000,0,0
35,I4_J35,manual,-1,0,10,0.000000,1500000.000000,0.000049,888.146005,888.146005,0.000000,0.000000,0.000000,0,0
35,I4_J35,manual,-1,1,10,0.000000,1500000.000000,0.000049,971.283957,971.283957,0.000000,0.000000,0.000000,0,0
35,I4_J35,manual,-1,0,11,0.000000,1500000.000000,0.000038,838.189030,838.189030,0.000000,0.000000,0.000000,0,0
35,I4_J35,manual,-1,1,11,0.000000,1500000.000000,0.000038,858.504466,858.504466,0.000000,0.000000,0.000000,0,0
35,I4_J35,manual,-1,0,12,0.000000,1500000.000000,0.000064,964.873022,964.873022,0.000000,0.000000,0.000000,0,0
35,I4_J35,manual,-1,1,12,0.000000,1500000.000000,0.000064,967.958292,967.958292,0.000000,0.000000,0.000000,0,0
35,I4_J35,manual,-1,0,13,0.000000,1500000.000000,0.000077,942.604206,942.604206,0.000000,0.000000,0.000000,0,0
35,I4_J35,manual,-1,1,13,0.000000,1500000.000000,0.000077,915.347772,915.347772,0.000000,0.000000,0.000000,0,0
35,I4_J35,manual,-1,0,14,100000.000000,1500000.000000,0.000051,987.987089,982.905889,5.081200,508120.000000,0.066667,0,1
35,I4_J35,manual,-1,1,14,100000.000000,1500000.000000,0.000051,960.342824,955.261624,5.081200,508120.000000,0.066667,0,1
35,I4_J35,manual,-1,0,15,465699.037214,1500000.000000,0.000044,868.562596,848.120271,20.442325,9519971.041846,0.310466,0,1
35,I4_J35,manual,-1,1,15,287395.233935,1500000.000000,0.000044,936.746789,924.131287,12.615501,3625634.915373,0.191597,0,1
35,I4_J35,manual,-1,0,16,100000.000000,1500000.000000,0.000003,853.112955,852.769355,0.343600,34360.000000,0.066667,0,1
35,I4_J35,manual,-1,1,16,100000.000000,1500000.000000,0.000003,819.060419,818.716819,0.343600,34360.000000,0.066667,0,1
35,I4_J35,manual,-1,0,17,100000.000000,1500000.000000,0.000009,801.213033,800.326133,0.886900,88690.000000,0.066667,0,1
35,I4_J35,manual,-1,1,17,100000.000000,1500000.000000,0.000009,839.741882,838.854982,0.886900,88690.000000,0.066667,0,1
35,I4_J35,manual,-1,0,18,100000.000000,1500000.000000,0.000042,907.455934,903.296534,4.159400,415940.000000,0.066667,0,1
35,I4_J35,manual,-1,1,18,100000.000000,1500000.000000,0.000042,907.070218,902.910818,4.159400,415940.000000,0.066667,0,1
35,I4_J35,manual,-1,0,19,100000.000000,1500000.000000,0.000045,941.437216,936.925516,4.511700,451170.000000,0.066667,0,1
35,I4_J35,manual,-1,1,19,100000.000000,1500000.000000,0.000045,854.487776,849.976076,4.511700,451170.000000,0.066667,0,1
35,I4_J35,manual,-1,0,20,100000.000000,1500000.000000,0.000073,878.820697,871.474247,7.346450,734645.000000,0.066667,0,1
35,I4_J35,manual,-1,1,20,100000.000000,1500000.000000,0.000073,994.206555,986.860105,7.346450,734645.000000,0.066667,0,1
35,I4_J35,manual,-1,0,21,100000.000000,1500000.000000,0.000052,950.635258,945.396498,5.238760,523876.000000,0.066667,0,1
35,I4_J35,manual,-1,1,21,100000.000000,1500000.000000,0.000052,969.615714,964.376954,5.238760,523876.000000,0.066667,0,1
35,I4_J35,manual,-1,0,22,100000.000000,1500000.000000,0.000047,869.992876,865.257916,4.734960,473496.000000,0.066667,0,1
35,I4_J35,manual,-1,1,22,235023.333509,1500000.000000,0.000047,844.091747,832.963486,11.128261,2615400.956980,0.156682,0,1
35,I4_J35,manual,-1,0,23,100000.000000,1500000.000000,0.000032,805.492193,802.273043,3.219150,321915.000000,0.066667,0,1
35,I4_J35,manual,-1,1,23,100000.000000,1500000.000000,0.000032,942.527275,939.308125,3.219150,321915.000000,0.066667,0,1
35,I4_J35,manual,-1,0,24,100000.000000,1500000.000000,0.000081,888.671089,880.539359,8.131730,813173.000000,0.066667,0,1
35,I4_J35,manual,-1,1,24,100000.000000,1500000.000000,0.000081,993.586430,985.454700,8.131730,813173.000000,0.066667,0,1
35,I4_J35,manual,-1,0,25,100000.000000,1500000.000000,0.000039,998.714445,994.851015,3.863430,386343.000000,0.066667,0,1
35,I4_J35,manual,-1,1,25,100000.000000,1500000.000000,0.000039,879.573407,875.709977,3.863430,386343.000000,0.066667,0,1
35,I4_J35,manual,-1,0,26,0.000000,1500000.000000,0.000086,911.540900,911.540900,0.000000,0.000000,0.000000,0,0
35,I4_J35,manual,-1,1,26,0.000000,1500000.000000,0.000086,870.957551,870.957551,0.000000,0.000000,0.000000,0,0
35,I4_J35,manual,-1,0,27,0.000000,1500000.000000,0.000056,800.331752,800.331752,0.000000,0.000000,0.000000,0,0
35,I4_J35,manual,-1,1,27,0.000000,1500000.000000,0.000056,945.390584,945.390584,0.000000,0.000000,0.000000,0,0
35,I4_J35,manual,-1,0,28,0.000000,1500000.000000,0.000061,813.391385,813.391385,0.000000,0.000000,0.000000,0,0
35,I4_J35,manual,-1,1,28,0.000000,1500000.000000,0.000061,937.569803,937.569803,0.000000,0.000000,0.000000,0,0
35,I4_J35,manual,-1,0,29,332815.689752,1500000.000000,0.000060,970.022282,949.904206,20.118076,6695611.372277,0.221877,0,1
35,I4_J35,manual,-1,1,29,1667182.415526,1500000.000000,0.000060,937.879443,847.207293,90.672150,151167014.057972,1.111455,1,1
35,I4_J35,manual,-1,0,30,100000.000000,1500000.000000,0.000087,870.298012,861.597422,8.700590,870059.000000,0.066667,0,1
35,I4_J35,manual,-1,1,30,100000.000000,1500000.000000,0.000087,932.821086,924.120496,8.700590,870059.000000,0.066667,0,1
35,I4_J35,manual,-1,0,31,0.000000,1500000.000000,0.000022,989.869891,989.869891,0.000000,0.000000,0.000000,0,0
35,I4_J35,manual,-1,1,31,0.000000,1500000.000000,0.000022,886.311853,886.311853,0.000000,0.000000,0.000000,0,0
35,I4_J35,manual,-1,0,32,0.000000,1500000.000000,0.000098,891.395985,891.395985,0.000000,0.000000,0.000000,0,0
35,I4_J35,manual,-1,1,32,0.000000,1500000.000000,0.000098,921.448417,921.448417,0.000000,0.000000,0.000000,0,0
35,I4_J35,manual,-1,0,33,0.000000,1500000.000000,0.000078,929.839602,929.839602,0.000000,0.000000,0.000000,0,0
35,I4_J35,manual,-1,1,33,0.000000,1500000.000000,0.000078,916.900451,916.900451,0.000000,0.000000,0.000000,0,0
35,I4_J35,manual,-1,0,34,0.000000,1500000.000000,0.000060,948.392006,948.392006,0.000000,0.000000,0.000000,0,0
35,I4_J35,manual,-1,1,34,0.000000,1500000.000000,0.000060,834.476741,834.476741,0.000000,0.000000,0.000000,0,0
35,I4_J35,ga_greedy_only,0,0,0,0.000000,1500000.000000,0.000027,862.655137,862.655137,0.000000,0.000000,0.000000,0,0
35,I4_J35,ga_greedy_only,0,1,0,0.000000,1500000.000000,0.000027,926.999545,926.999545,0.000000,0.000000,0.000000,0,0
35,I4_J35,ga_greedy_only,0,0,1,0.000000,1500000.000000,0.000013,809.027682,809.027682,0.000000,0.000000,0.000000,0,0
35,I4_J35,ga_greedy_only,0,1,1,0.000000,1500000.000000,0.000013,890.173310,890.173310,0.000000,0.000000,0.000000,0,0
35,I4_J35,ga_greedy_only,0,0,2,0.000000,1500000.000000,0.000050,923.901352,923.901352,0.000000,0.000000,0.000000,0,0
35,I4_J35,ga_greedy_only,0,1,2,0.000000,1500000.000000,0.000050,921.584641,921.584641,0.000000,0.000000,0.000000,0,0
35,I4_J35,ga_greedy_only,0,0,3,0.000000,1500000.000000,0.000041,906.078369,906.078369,0.000000,0.000000,0.000000,0,0
35,I4_J35,ga_greedy_only,0,1,3,0.000000,1500000.000000,0.000041,902.216840,902.216840,0.000000,0.000000,0.000000,0,0
35,I4_J35,ga_greedy_only,0,0,4,0.000000,1500000.000000,0.000027,877.099034,877.099034,0.000000,0.000000,0.000000,0,0
35,I4_J35,ga_greedy_only,0,1,4,0.000000,1500000.000000,0.000027,879.055731,879.055731,0.000000,0.000000,0.000000,0,0
35,I4_J35,ga_greedy_only,0,0,5,0.000000,1500000.000000,0.000030,980.058050,980.058050,0.000000,0.000000,0.000000,0,0
35,I4_J35,ga_greedy_only,0,1,5,0.000000,1500000.000000,0.000030,941.096515,941.096515,0.000000,0.000000,0.000000,0,0
35,I4_J35,ga_greedy_only,0,0,6,0.000000,1500000.000000,0.000033,897.130788,897.130788,0.000000,0.000000,0.000000,0,0
35,I4_J35,ga_greedy_only,0,1,6,0.000000,1500000.000000,0.000033,893.248166,893.248166,0.000000,0.000000,0.000000,0,0
35,I4_J35,ga_greedy_only,0,0,7,0.000000,1500000.000000,0.000050,921.652600,921.652600,0.000000,0.000000,0.000000,0,0
35,I4_J35,ga_greedy_only,0,1,7,0.000000,1500000.000000,0.000050,907.039295,907.039295,0.000000,0.000000,0.000000,0,0
35,I4_J35,ga_greedy_only,0,0,8,0.000000,1500000.000000,0.000009,964.597013,964.597013,0.000000,0.000000,0.000000,0,0
35,I4_J35,ga_greedy_only,0,1,8,0.000000,1500000.000000,0.000009,864.525103,864.525103,0.000000,0.000000,0.000000,0,0
35,I4_J35,ga_greedy_only,0,0,9,0.000000,1500000.000000,0.000076,996.559651,996.559651,0.000000,0.000000,0.000000,0,0
35,I4_J35,ga_greedy_only,0,1,9,0.000000,1500000.000000,0.000076,906.757771,906.757771,0.000000,0.000000,0.000000,0,0
35,I4_J35,ga_greedy_only,0,0,10,0.000000,1500000.000000,0.000049,888.146005,888.146005,0.000000,0.000000,0.000000,0,0
35,I4_J35,ga_greedy_only,0,1,10,0.000000,1500000.000000,0.000049,971.283957,971.283957,0.000000,0.000000,0.000000,0,0
35,I4_J35,ga_greedy_only,0,0,11,0.000000,1500000.000000,0.000038,838.189030,838.189030,0.000000,0.000000,0.000000,0,0
35,I4_J35,ga_greedy_only,0,1,11,0.000000,1500000.000000,0.000038,858.504466,858.504466,0.000000,0.000000,0.000000,0,0
35,I4_J35,ga_greedy_only,0,0,12,0.000000,1500000.000000,0.000064,964.873022,964.873022,0.000000,0.000000,0.000000,0,0
35,I4_J35,ga_greedy_only,0,1,12,0.000000,1500000.000000,0.000064,967.958292,967.958292,0.000000,0.000000,0.000000,0,0
35,I4_J35,ga_greedy_only,0,0,13,0.000000,1500000.000000,0.000077,942.604206,942.604206,0.000000,0.000000,0.000000,0,0
35,I4_J35,ga_greedy_only,0,1,13,0.000000,1500000.000000,0.000077,915.347772,915.347772,0.000000,0.000000,0.000000,0,0
35,I4_J35,ga_greedy_only,0,0,14,100000.000000,1500000.000000,0.000051,987.987089,982.905889,5.081200,508120.000000,0.066667,0,1
35,I4_J35,ga_greedy_only,0,1,14,100000.000000,1500000.000000,0.000051,960.342824,955.261624,5.081200,508120.000000,0.066667,0,1
35,I4_J35,ga_greedy_only,0,0,15,179920.967928,1500000.000000,0.000044,868.562596,860.664786,7.897811,1420981.765120,0.119947,0,1
35,I4_J35,ga_greedy_only,0,1,15,100000.000000,1500000.000000,0.000044,936.746789,932.357189,4.389600,438960.000000,0.066667,0,1
35,I4_J35,ga_greedy_only,0,0,16,100000.000000,1500000.000000,0.000003,853.112955,852.769355,0.343600,34360.000000,0.066667,0,1
35,I4_J35,ga_greedy_only,0,1,16,100000.000000,1500000.000000,0.000003,819.060419,818.716819,0.343600,34360.000000,0.066667,0,1
35,I4_J35,ga_greedy_only,0,0,17,177710.444534,1500000.000000,0.000009,801.213033,799.636920,1.576114,280091.907595,0.118474,0,1
35,I4_J35,ga_greedy_only,0,1,17,100000.000000,1500000.000000,0.000009,839.741882,838.854982,0.886900,88690.000000,0.066667,0,1
35,I4_J35,ga_greedy_only,0,0,18,100000.000000,1500000.000000,0.000042,907.455934,903.296534,4.159400,415940.000000,0.066667,0,1
35,I4_J35,ga_greedy_only,0,1,18,100000.000000,1500000.000000,0.000042,907.070218,902.910818,4.159400,415940.000000,0.066667,0,1
35,I4_J35,ga_greedy_only,0,0,19,0.000000,1500000.000000,0.000045,941.437216,941.437216,0.000000,0.000000,0.000000,0,0
35,I4_J35,ga_greedy_only,0,1,19,398899.241939,1500000.000000,0.000045,854.487776,836.490639,17.997137,7179044.345673,0.265933,0,1
35,I4_J35,ga_greedy_only,0,0,20,100000.000000,1500000.000000,0.000073,878.820697,871.474247,7.346450,734645.000000,0.066667,0,1
35,I4_J35,ga_greedy_only,0,1,20,100000.000000,1500000.000000,0.000073,994.206555,986.860105,7.346450,734645.000000,0.066667,0,1
35,I4_J35,ga_greedy_only,0,0,21,100000.000000,1500000.000000,0.000052,950.635258,945.396498,5.238760,523876.000000,0.066667,0,1
35,I4_J35,ga_greedy_only,0,1,21,100000.000000,1500000.000000,0.000052,969.615714,964.376954,5.238760,523876.000000,0.066667,0,1
35,I4_J35,ga_greedy_only,0,0,22,224687.038376,1500000.000000,0.000047,869.992876,859.354035,10.638841,2390409.764178,0.149791,0,1
35,I4_J35,ga_greedy_only,0,1,22,0.000000,1500000.000000,0.000047,844.091747,844.091747,0.000000,0.000000,0.000000,0,0
35,I4_J35,ga_greedy_only,0,0,23,100000.000000,1500000.000000,0.000032,805.492193,802.273043,3.219150,321915.000000,0.066667,0,1
35,I4_J35,ga_greedy_only,0,1,23,100000.000000,1500000.000000,0.000032,942.527275,939.308125,3.219150,321915.000000,0.066667,0,1
35,I4_J35,ga_greedy_only,0,0,24,100000.000000,1500000.000000,0.000081,888.671089,880.539359,8.131730,813173.000000,0.066667,0,1
35,I4_J35,ga_greedy_only,0,1,24,100000.000000,1500000.000000,0.000081,993.586430,985.454700,8.131730,813173.000000,0.066667,0,1
35,I4_J35,ga_greedy_only,0,0,25,100000.000000,1500000.000000,0.000039,998.714445,994.851015,3.863430,386343.000000,0.066667,0,1
35,I4_J35,ga_greedy_only,0,1,25,100000.000000,1500000.000000,0.000039,879.573407,875.709977,3.863430,386343.000000,0.066667,0,1
35,I4_J35,ga_greedy_only,0,0,26,0.000000,1500000.000000,0.000086,911.540900,911.540900,0.000000,0.000000,0.000000,0,0
35,I4_J35,ga_greedy_only,0,1,26,0.000000,1500000.000000,0.000086,870.957551,870.957551,0.000000,0.000000,0.000000,0,0
35,I4_J35,ga_greedy_only,0,0,27,0.000000,1500000.000000,0.000056,800.331752,800.331752,0.000000,0.000000,0.000000,0,0
35,I4_J35,ga_greedy_only,0,1,27,0.000000,1500000.000000,0.000056,945.390584,945.390584,0.000000,0.000000,0.000000,0,0
35,I4_J35,ga_greedy_only,0,0,28,100000.000000,1500000.000000,0.000061,813.391385,807.279475,6.111910,611191.000000,0.066667,0,1
35,I4_J35,ga_greedy_only,0,1,28,0.000000,1500000.000000,0.000061,937.569803,937.569803,0.000000,0.000000,0.000000,0,0
35,I4_J35,ga_greedy_only,0,0,29,0.000000,1500000.000000,0.000060,970.022282,970.022282,0.000000,0.000000,0.000000,0,0
35,I4_J35,ga_greedy_only,0,1,29,1543380.337537,1500000.000000,0.000060,937.879443,847.207293,90.672150,139941613.472192,1.028920,1,1
35,I4_J35,ga_greedy_only,0,0,30,338178.234486,1500000.000000,0.000087,870.298012,840.874511,29.423502,9950387.841018,0.225452,0,1
35,I4_J35,ga_greedy_only,0,1,30,207923.940185,1500000.000000,0.000087,932.821086,914.730476,18.090610,3761470.817428,0.138616,0,1
35,I4_J35,ga_greedy_only,0,0,31,0.000000,1500000.000000,0.000022,989.869891,989.869891,0.000000,0.000000,0.000000,0,0
35,I4_J35,ga_greedy_only,0,1,31,0.000000,1500000.000000,0.000022,886.311853,886.311853,0.000000,0.000000,0.000000,0,0
35,I4_J35,ga_greedy_only,0,0,32,0.000000,1500000.000000,0.000098,891.395985,891.395985,0.000000,0.000000,0.000000,0,0
35,I4_J35,ga_greedy_only,0,1,32,0.000000,1500000.000000,0.000098,921.448417,921.448417,0.000000,0.000000,0.000000,0,0
35,I4_J35,ga_greedy_only,0,0,33,0.000000,1500000.000000,0.000078,929.839602,929.839602,0.000000,0.000000,0.000000,0,0
35,I4_J35,ga_greedy_only,0,1,33,0.000000,1500000.000000,0.000078,916.900451,916.900451,0.000000,0.000000,0.000000,0,0
35,I4_J35,ga_greedy_only,0,0,34,0.000000,1500000.000000,0.000060,948.392006,948.392006,0.000000,0.000000,0.000000,0,0
35,I4_J35,ga_greedy_only,0,1,34,0.000000,1500000.000000,0.000060,834.476741,834.476741,0.000000,0.000000,0.000000,0,0
35,I4_J35,ga_greedy_only,1,0,0,0.000000,1500000.000000,0.000027,862.655137,862.655137,0.000000,0.000000,0.000000,0,0
35,I4_J35,ga_greedy_only,1,1,0,0.000000,1500000.000000,0.000027,926.999545,926.999545,0.000000,0.000000,0.000000,0,0
35,I4_J35,ga_greedy_only,1,0,1,0.000000,1500000.000000,0.000013,809.027682,809.027682,0.000000,0.000000,0.000000,0,0
35,I4_J35,ga_greedy_only,1,1,1,0.000000,1500000.000000,0.000013,890.173310,890.173310,0.000000,0.000000,0.000000,0,0
35,I4_J35,ga_greedy_only,1,0,2,0.000000,1500000.000000,0.000050,923.901352,923.901352,0.000000,0.000000,0.000000,0,0
35,I4_J35,ga_greedy_only,1,1,2,0.000000,1500000.000000,0.000050,921.584641,921.584641,0.000000,0.000000,0.000000,0,0
35,I4_J35,ga_greedy_only,1,0,3,0.000000,1500000.000000,0.000041,906.078369,906.078369,0.000000,0.000000,0.000000,0,0
35,I4_J35,ga_greedy_only,1,1,3,0.000000,1500000.000000,0.000041,902.216840,902.216840,0.000000,0.000000,0.000000,0,0
35,I4_J35,ga_greedy_only,1,0,4,0.000000,1500000.000000,0.000027,877.099034,877.099034,0.000000,0.000000,0.000000,0,0
35,I4_J35,ga_greedy_only,1,1,4,0.000000,1500000.000000,0.000027,879.055731,879.055731,0.000000,0.000000,0.000000,0,0
35,I4_J35,ga_greedy_only,1,0,5,0.000000,1500000.000000,0.000030,980.058050,980.058050,0.000000,0.000000,0.000000,0,0
35,I4_J35,ga_greedy_only,1,1,5,0.000000,1500000.000000,0.000030,941.096515,941.096515,0.000000,0.000000,0.000000,0,0
35,I4_J35,ga_greedy_only,1,0,6,0.000000,1500000.000000,0.000033,897.130788,897.130788,0.000000,0.000000,0.000000,0,0
35,I4_J35,ga_greedy_only,1,1,6,0.000000,1500000.000000,0.000033,893.248166,893.248166,0.000000,0.000000,0.000000,0,0
35,I4_J35,ga_greedy_only,1,0,7,0.000000,1500000.000000,0.000050,921.652600,921.652600,0.000000,0.000000,0.000000,0,0
35,I4_J35,ga_greedy_only,1,1,7,0.000000,1500000.000000,0.000050,907.039295,907.039295,0.000000,0.000000,0.000000,0,0
35,I4_J35,ga_greedy_only,1,0,8,0.000000,1500000.000000,0.000009,964.597013,964.597013,0.000000,0.000000,0.000000,0,0
35,I4_J35,ga_greedy_only,1,1,8,0.000000,1500000.000000,0.000009,864.525103,864.525103,0.000000,0.000000,0.000000,0,0
35,I4_J35,ga_greedy_only,1,0,9,0.000000,1500000.000000,0.000076,996.559651,996.559651,0.000000,0.000000,0.000000,0,0
35,I4_J35,ga_greedy_only,1,1,9,0.000000,1500000.000000,0.000076,906.757771,906.757771,0.000000,0.000000,0.000000,0,0
35,I4_J35,ga_greedy_only,1,0,10,0.000000,1500000.000000,0.000049,888.146005,888.146005,0.000000,0.000000,0.000000,0,0
35,I4_J35,ga_greedy_only,1,1,10,0.000000,1500000.000000,0.000049,971.283957,971.283957,0.000000,0.000000,0.000000,0,0
35,I4_J35,ga_greedy_only,1,0,11,0.000000,1500000.000000,0.000038,838.189030,838.189030,0.000000,0.000000,0.000000,0,0
35,I4_J35,ga_greedy_only,1,1,11,0.000000,1500000.000000,0.000038,858.504466,858.504466,0.000000,0.000000,0.000000,0,0
35,I4_J35,ga_greedy_only,1,0,12,0.000000,1500000.000000,0.000064,964.873022,964.873022,0.000000,0.000000,0.000000,0,0
35,I4_J35,ga_greedy_only,1,1,12,0.000000,1500000.000000,0.000064,967.958292,967.958292,0.000000,0.000000,0.000000,0,0
35,I4_J35,ga_greedy_only,1,0,13,0.000000,1500000.000000,0.000077,942.604206,942.604206,0.000000,0.000000,0.000000,0,0
35,I4_J35,ga_greedy_only,1,1,13,0.000000,1500000.000000,0.000077,915.347772,915.347772,0.000000,0.000000,0.000000,0,0
35,I4_J35,ga_greedy_only,1,0,14,99999.000000,1500000.000000,0.000051,987.987089,982.905940,5.081149,508109.837651,0.066666,0,1
35,I4_J35,ga_greedy_only,1,1,14,100000.000000,1500000.000000,0.000051,960.342824,955.261624,5.081200,508120.000000,0.066667,0,1
35,I4_J35,ga_greedy_only,1,0,15,441597.640291,1500000.000000,0.000044,868.562596,849.178226,19.384370,8560092.058564,0.294398,0,1
35,I4_J35,ga_greedy_only,1,1,15,0.000000,1500000.000000,0.000044,936.746789,936.746789,0.000000,0.000000,0.000000,0,0
35,I4_J35,ga_greedy_only,1,0,16,100000.000000,1500000.000000,0.000003,853.112955,852.769355,0.343600,34360.000000,0.066667,0,1
35,I4_J35,ga_greedy_only,1,1,16,100000.000000,1500000.000000,0.000003,819.060419,818.716819,0.343600,34360.000000,0.066667,0,1
35,I4_J35,ga_greedy_only,1,0,17,100000.000000,1500000.000000,0.000009,801.213033,800.326133,0.886900,88690.000000,0.066667,0,1
35,I4_J35,ga_greedy_only,1,1,17,100000.000000,1500000.000000,0.000009,839.741882,838.854982,0.886900,88690.000000,0.066667,0,1
35,I4_J35,ga_greedy_only,1,0,18,100000.000000,1500000.000000,0.000042,907.455934,903.296534,4.159400,415940.000000,0.066667,0,1
35,I4_J35,ga_greedy_only,1,1,18,100000.000000,1500000.000000,0.000042,907.070218,902.910818,4.159400,415940.000000,0.066667,0,1
35,I4_J35,ga_greedy_only,1,0,19,100000.000000,1500000.000000,0.000045,941.437216,936.925516,4.511700,451170.000000,0.066667,0,1
35,I4_J35,ga_greedy_only,1,1,19,100000.000000,1500000.000000,0.000045,854.487776,849.976076,4.511700,451170.000000,0.066667,0,1
35,I4_J35,ga_greedy_only,1,0,20,100000.000000,1500000.000000,0.000073,878.820697,871.474247,7.346450,734645.000000,0.066667,0,1
35,I4_J35,ga_greedy_only,1,1,20,100000.000000,1500000.000000,0.000073,994.206555,986.860105,7.346450,734645.000000,0.066667,0,1
35,I4_J35,ga_greedy_only,1,0,21,100000.000000,1500000.000000,0.000052,950.635258,945.396498,5.238760,523876.000000,0.066667,0,1
35,I4_J35,ga_greedy_only,1,1,21,100000.000000,1500000.000000,0.000052,969.615714,964.376954,5.238760,523876.000000,0.066667,0,1
35,I4_J35,ga_greedy_only,1,0,22,205086.501443,1500000.000000,0.000047,869.992876,860.282113,9.710764,1991546.575872,0.136724,0,1
35,I4_J35,ga_greedy_only,1,1,22,0.000000,1500000.000000,0.000047,844.091747,844.091747,0.000000,0.000000,0.000000,0,0
35,I4_J35,ga_greedy_only,1,0,23,100000.000000,1500000.000000,0.000032,805.492193,802.273043,3.219150,321915.000000,0.066667,0,1
35,I4_J35,ga_greedy_only,1,1,23,100000.000000,1500000.000000,0.000032,942.527275,939.308125,3.219150,321915.000000,0.066667,0,1
35,I4_J35,ga_greedy_only,1,0,24,100000.000000,1500000.000000,0.000081,888.671089,880.539359,8.131730,813173.000000,0.066667,0,1
35,I4_J35,ga_greedy_only,1,1,24,100000.000000,1500000.000000,0.000081,993.586430,985.454700,8.131730,813173.000000,0.066667,0,1
35,I4_J35,ga_greedy_only,1,0,25,100000.000000,1500000.000000,0.000039,998.714445,994.851015,3.863430,386343.000000,0.066667,0,1
35,I4_J35,ga_greedy_only,1,1,25,100000.000000,1500000.000000,0.000039,879.573407,875.709977,3.863430,386343.000000,0.066667,0,1
35,I4_J35,ga_greedy_only,1,0,26,0.000000,1500000.000000,0.000086,911.540900,911.540900,0.000000,0.000000,0.000000,0,0
35,I4_J35,ga_greedy_only,1,1,26,0.000000,1500000.000000,0.000086,870.957551,870.957551,0.000000,0.000000,0.000000,0,0
35,I4_J35,ga_greedy_only,1,0,27,0.000000,1500000.000000,0.000056,800.331752,800.331752,0.000000,0.000000,0.000000,0,0
35,I4_J35,ga_greedy_only,1,1,27,0.000000,1500000.000000,0.000056,945.390584,945.390584,0.000000,0.000000,0.000000,0,0
35,I4_J35,ga_greedy_only,1,0,28,0.000000,1500000.000000,0.000061,813.391385,813.391385,0.000000,0.000000,0.000000,0,0
35,I4_J35,ga_greedy_only,1,1,28,0.000000,1500000.000000,0.000061,937.569803,937.569803,0.000000,0.000000,0.000000,0,0
35,I4_J35,ga_greedy_only,1,0,29,0.000000,1500000.000000,0.000060,970.022282,970.022282,0.000000,0.000000,0.000000,0,0
35,I4_J35,ga_greedy_only,1,1,29,1622232.161341,1500000.000000,0.000060,937.879443,847.207293,90.672150,147091277.867909,1.081488,1,1
35,I4_J35,ga_greedy_only,1,0,30,316163.246778,1500000.000000,0.000087,870.298012,842.789945,27.508068,8697040.038624,0.210775,0,1
35,I4_J35,ga_greedy_only,1,1,30,311319.379340,1500000.000000,0.000087,932.821086,905.734463,27.086623,8432590.594425,0.207546,0,1
35,I4_J35,ga_greedy_only,1,0,31,0.000000,1500000.000000,0.000022,989.869891,989.869891,0.000000,0.000000,0.000000,0,0
35,I4_J35,ga_greedy_only,1,1,31,0.000000,1500000.000000,0.000022,886.311853,886.311853,0.000000,0.000000,0.000000,0,0
35,I4_J35,ga_greedy_only,1,0,32,0.000000,1500000.000000,0.000098,891.395985,891.395985,0.000000,0.000000,0.000000,0,0
35,I4_J35,ga_greedy_only,1,1,32,0.000000,1500000.000000,0.000098,921.448417,921.448417,0.000000,0.000000,0.000000,0,0
35,I4_J35,ga_greedy_only,1,0,33,0.000000,1500000.000000,0.000078,929.839602,929.839602,0.000000,0.000000,0.000000,0,0
35,I4_J35,ga_greedy_only,1,1,33,0.000000,1500000.000000,0.000078,916.900451,916.900451,0.000000,0.000000,0.000000,0,0
35,I4_J35,ga_greedy_only,1,0,34,0.000000,1500000.000000,0.000060,948.392006,948.392006,0.000000,0.000000,0.000000,0,0
35,I4_J35,ga_greedy_only,1,1,34,0.000000,1500000.000000,0.000060,834.476741,834.476741,0.000000,0.000000,0.000000,0,0
35,I4_J35,ga_greedy_only,2,0,0,0.000000,1500000.000000,0.000027,862.655137,862.655137,0.000000,0.000000,0.000000,0,0
35,I4_J35,ga_greedy_only,2,1,0,0.000000,1500000.000000,0.000027,926.999545,926.999545,0.000000,0.000000,0.000000,0,0
35,I4_J35,ga_greedy_only,2,0,1,0.000000,1500000.000000,0.000013,809.027682,809.027682,0.000000,0.000000,0.000000,0,0
35,I4_J35,ga_greedy_only,2,1,1,0.000000,1500000.000000,0.000013,890.173310,890.173310,0.000000,0.000000,0.000000,0,0
35,I4_J35,ga_greedy_only,2,0,2,0.000000,1500000.000000,0.000050,923.901352,923.901352,0.000000,0.000000,0.000000,0,0
35,I4_J35,ga_greedy_only,2,1,2,0.000000,1500000.000000,0.000050,921.584641,921.584641,0.000000,0.000000,0.000000,0,0
35,I4_J35,ga_greedy_only,2,0,3,0.000000,1500000.000000,0.000041,906.078369,906.078369,0.000000,0.000000,0.000000,0,0
35,I4_J35,ga_greedy_only,2,1,3,100000.000000,1500000.000000,0.000041,902.216840,898.126540,4.090300,409030.000000,0.066667,0,1
35,I4_J35,ga_greedy_only,2,0,4,0.000000,1500000.000000,0.000027,877.099034,877.099034,0.000000,0.000000,0.000000,0,0
35,I4_J35,ga_greedy_only,2,1,4,0.000000,1500000.000000,0.000027,879.055731,879.055731,0.000000,0.000000,0.000000,0,0
35,I4_J35,ga_greedy_only,2,0,5,100000.000000,1500000.000000,0.000030,980.058050,977.042250,3.015800,301580.000000,0.066667,0,1
35,I4_J35,ga_greedy_only,2,1,5,0.000000,1500000.000000,0.000030,941.096515,941.096515,0.000000,0.000000,0.000000,0,0
35,I4_J35,ga_greedy_only,2,0,6,0.000000,1500000.000000,0.000033,897.130788,897.130788,0.000000,0.000000,0.000000,0,0
35,I4_J35,ga_greedy_only,2,1,6,0.000000,1500000.000000,0.000033,893.248166,893.248166,0.000000,0.000000,0.000000,0,0
35,I4_J35,ga_greedy_only,2,0,7,0.000000,1500000.000000,0.000050,921.652600,921.652600,0.000000,0.000000,0.000000,0,0
35,I4_J35,ga_greedy_only,2,1,7,0.000000,1500000.000000,0.000050,907.039295,907.039295,0.000000,0.000000,0.000000,0,0
35,I4_J35,ga_greedy_only,2,0,8,0.000000,1500000.000000,0.000009,964.597013,964.597013,0.000000,0.000000,0.000000,0,0
35,I4_J35,ga_greedy_only,2,1,8,0.000000,1500000.000000,0.000009,864.525103,864.525103,0.000000,0.000000,0.000000,0,0
35,I4_J35,ga_greedy_only,2,0,9,0.000000,1500000.000000,0.000076,996.559651,996.559651,0.000000,0.000000,0.000000,0,0
35,I4_J35,ga_greedy_only,2,1,9,0.000000,1500000.000000,0.000076,906.757771,906.757771,0.000000,0.000000,0.000000,0,0
35,I4_J35,ga_greedy_only,2,0,10,0.000000,1500000.000000,0.000049,888.146005,888.146005,0.000000,0.000000,0.000000,0,0
35,I4_J35,ga_greedy_only,2,1,10,0.000000,1500000.000000,0.000049,971.283957,971.283957,0.000000,0.000000,0.000000,0,0
35,I4_J35,ga_greedy_only,2,0,11,0.000000,1500000.000000,0.000038,838.189030,838.189030,0.000000,0.000000,0.000000,0,0
35,I4_J35,ga_greedy_only,2,1,11,0.000000,1500000.000000,0.000038,858.504466,858.504466,0.000000,0.000000,0.000000,0,0
35,I4_J35,ga_greedy_only,2,0,12,0.000000,1500000.000000,0.000064,964.873022,964.873022,0.000000,0.000000,0.000000,0,0
35,I4_J35,ga_greedy_only,2,1,12,0.000000,1500000.000000,0.000064,967.958292,967.958292,0.000000,0.000000,0.000000,0,0
35,I4_J35,ga_greedy_only,2,0,13,0.000000,1500000.000000,0.000077,942.604206,942.604206,0.000000,0.000000,0.000000,0,0
35,I4_J35,ga_greedy_only,2,1,13,0.000000,1500000.000000,0.000077,915.347772,915.347772,0.000000,0.000000,0.000000,0,0
35,I4_J35,ga_greedy_only,2,0,14,100000.000000,1500000.000000,0.000051,987.987089,982.905889,5.081200,508120.000000,0.066667,0,1
35,I4_J35,ga_greedy_only,2,1,14,100000.000000,1500000.000000,0.000051,960.342824,955.261624,5.081200,508120.000000,0.066667,0,1
35,I4_J35,ga_greedy_only,2,0,15,236186.431530,1500000.000000,0.000044,868.562596,858.194957,10.367640,2448695.800146,0.157458,0,1
35,I4_J35,ga_greedy_only,2,1,15,0.000000,1500000.000000,0.000044,936.746789,936.746789,0.000000,0.000000,0.000000,0,0
35,I4_J35,ga_greedy_only,2,0,16,100000.000000,1500000.000000,0.000003,853.112955,852.769355,0.343600,34360.000000,0.066667,0,1
35,I4_J35,ga_greedy_only,2,1,16,100000.000000,1500000.000000,0.000003,819.060419,818.716819,0.343600,34360.000000,0.066667,0,1
35,I4_J35,ga_greedy_only,2,0,17,100000.000000,1500000.000000,0.000009,801.213033,800.326133,0.886900,88690.000000,0.066667,0,1
35,I4_J35,ga_greedy_only,2,1,17,100000.000000,1500000.000000,0.000009,839.741882,838.854982,0.886900,88690.000000,0.066667,0,1
35,I4_J35,ga_greedy_only,2,0,18,100000.000000,1500000.000000,0.000042,907.455934,903.296534,4.159400,415940.000000,0.066667,0,1
35,I4_J35,ga_greedy_only,2,1,18,100000.000000,1500000.000000,0.000042,907.070218,902.910818,4.159400,415940.000000,0.066667,0,1
35,I4_J35,ga_greedy_only,2,0,19,100000.000000,1500000.000000,0.000045,941.437216,936.925516,4.511700,451170.000000,0.066667,0,1
35,I4_J35,ga_greedy_only,2,1,19,100000.000000,1500000.000000,0.000045,854.487776,849.976076,4.511700,451170.000000,0.066667,0,1
35,I4_J35,ga_greedy_only,2,0,20,100000.000000,1500000.000000,0.000073,878.820697,871.474247,7.346450,734645.000000,0.066667,0,1
35,I4_J35,ga_greedy_only,2,1,20,100000.000000,1500000.000000,0.000073,994.206555,986.860105,7.346450,734645.000000,0.066667,0,1
35,I4_J35,ga_greedy_only,2,0,21,100000.000000,1500000.000000,0.000052,950.635258,945.396498,5.238760,523876.000000,0.066667,0,1
35,I4_J35,ga_greedy_only,2,1,21,100000.000000,1500000.000000,0.000052,969.615714,964.376954,5.238760,523876.000000,0.066667,0,1
35,I4_J35,ga_greedy_only,2,0,22,100000.000000,1500000.000000,0.000047,869.992876,865.257916,4.734960,473496.000000,0.066667,0,1
35,I4_J35,ga_greedy_only,2,1,22,186529.299263,1500000.000000,0.000047,844.091747,835.259659,8.832088,1647443.131270,0.124353,0,1
35,I4_J35,ga_greedy_only,2,0,23,100000.000000,1500000.000000,0.000032,805.492193,802.273043,3.219150,321915.000000,0.066667,0,1
35,I4_J35,ga_greedy_only,2,1,23,100000.000000,1500000.000000,0.000032,942.527275,939.308125,3.219150,321915.000000,0.066667,0,1
35,I4_J35,ga_greedy_only,2,0,24,100000.000000,1500000.000000,0.000081,888.671089,880.539359,8.131730,813173.000000,0.066667,0,1
35,I4_J35,ga_greedy_only,2,1,24,100000.000000,1500000.000000,0.000081,993.586430,985.454700,8.131730,813173.000000,0.066667,0,1
35,I4_J35,ga_greedy_only,2,0,25,100000.000000,1500000.000000,0.000039,998.714445,994.851015,3.863430,386343.000000,0.066667,0,1
35,I4_J35,ga_greedy_only,2,1,25,100000.000000,1500000.000000,0.000039,879.573407,875.709977,3.863430,386343.000000,0.066667,0,1
35,I4_J35,ga_greedy_only,2,0,26,0.000000,1500000.000000,0.000086,911.540900,911.540900,0.000000,0.000000,0.000000,0,0
35,I4_J35,ga_greedy_only,2,1,26,0.000000,1500000.000000,0.000086,870.957551,870.957551,0.000000,0.000000,0.000000,0,0
35,I4_J35,ga_greedy_only,2,0,27,0.000000,1500000.000000,0.000056,800.331752,800.331752,0.000000,0.000000,0.000000,0,0
35,I4_J35,ga_greedy_only,2,1,27,0.000000,1500000.000000,0.000056,945.390584,945.390584,0.000000,0.000000,0.000000,0,0
35,I4_J35,ga_greedy_only,2,0,28,0.000000,1500000.000000,0.000061,813.391385,813.391385,0.000000,0.000000,0.000000,0,0
35,I4_J35,ga_greedy_only,2,1,28,0.000000,1500000.000000,0.000061,937.569803,937.569803,0.000000,0.000000,0.000000,0,0
35,I4_J35,ga_greedy_only,2,0,29,285250.994395,1500000.000000,0.000060,970.022282,952.779402,17.242881,4918548.847181,0.190167,0,1
35,I4_J35,ga_greedy_only,2,1,29,0.000000,1500000.000000,0.000060,937.879443,937.879443,0.000000,0.000000,0.000000,0,0
35,I4_J35,ga_greedy_only,2,0,30,245236.181623,1500000.000000,0.000087,870.298012,848.961018,21.336995,5232603.106246,0.163491,0,1
35,I4_J35,ga_greedy_only,2,1,30,0.000000,1500000.000000,0.000087,932.821086,932.821086,0.000000,0.000000,0.000000,0,0
35,I4_J35,ga_greedy_only,2,0,31,100000.000000,1500000.000000,0.000022,989.869891,987.648831,2.221060,222106.000000,0.066667,0,1
35,I4_J35,ga_greedy_only,2,1,31,100000.000000,1500000.000000,0.000022,886.311853,884.090793,2.221060,222106.000000,0.066667,0,1
35,I4_J35,ga_greedy_only,2,0,32,0.000000,1500000.000000,0.000098,891.395985,891.395985,0.000000,0.000000,0.000000,0,0
35,I4_J35,ga_greedy_only,2,1,32,1613369.754524,1500000.000000,0.000098,921.448417,774.552817,146.895600,236996918.112717,1.075580,1,1
35,I4_J35,ga_greedy_only,2,0,33,0.000000,1500000.000000,0.000078,929.839602,929.839602,0.000000,0.000000,0.000000,0,0
35,I4_J35,ga_greedy_only,2,1,33,0.000000,1500000.000000,0.000078,916.900451,916.900451,0.000000,0.000000,0.000000,0,0
35,I4_J35,ga_greedy_only,2,0,34,0.000000,1500000.000000,0.000060,948.392006,948.392006,0.000000,0.000000,0.000000,0,0
35,I4_J35,ga_greedy_only,2,1,34,100000.000000,1500000.000000,0.000060,834.476741,828.446951,6.029790,602979.000000,0.066667,0,1
35,I4_J35,ga_greedy_only,3,0,0,0.000000,1500000.000000,0.000027,862.655137,862.655137,0.000000,0.000000,0.000000,0,0
35,I4_J35,ga_greedy_only,3,1,0,0.000000,1500000.000000,0.000027,926.999545,926.999545,0.000000,0.000000,0.000000,0,0
35,I4_J35,ga_greedy_only,3,0,1,0.000000,1500000.000000,0.000013,809.027682,809.027682,0.000000,0.000000,0.000000,0,0
35,I4_J35,ga_greedy_only,3,1,1,0.000000,1500000.000000,0.000013,890.173310,890.173310,0.000000,0.000000,0.000000,0,0
35,I4_J35,ga_greedy_only,3,0,2,0.000000,1500000.000000,0.000050,923.901352,923.901352,0.000000,0.000000,0.000000,0,0
35,I4_J35,ga_greedy_only,3,1,2,100000.000000,1500000.000000,0.000050,921.584641,916.535141,5.049500,504950.000000,0.066667,0,1
35,I4_J35,ga_greedy_only,3,0,3,0.000000,1500000.000000,0.000041,906.078369,906.078369,0.000000,0.000000,0.000000,0,0
35,I4_J35,ga_greedy_only,3,1,3,0.000000,1500000.000000,0.000041,902.216840,902.216840,0.000000,0.000000,0.000000,0,0
35,I4_J35,ga_greedy_only,3,0,4,0.000000,1500000.000000,0.000027,877.099034,877.099034,0.000000,0.000000,0.000000,0,0
35,I4_J35,ga_greedy_only,3,1,4,0.000000,1500000.000000,0.000027,879.055731,879.055731,0.000000,0.000000,0.000000,0,0
35,I4_J35,ga_greedy_only,3,0,5,0.000000,1500000.000000,0.000030,980.058050,980.058050,0.000000,0.000000,0.000000,0,0
35,I4_J35,ga_greedy_only,3,1,5,0.000000,1500000.000000,0.000030,941.096515,941.096515,0.000000,0.000000,0.000000,0,0
35,I4_J35,ga_greedy_only,3,0,6,0.000000,1500000.000000,0.000033,897.130788,897.130788,0.000000,0.000000,0.000000,0,0
35,I4_J35,ga_greedy_only,3,1,6,0.000000,1500000.000000,0.000033,893.248166,893.248166,0.000000,0.000000,0.000000,0,0
35,I4_J35,ga_greedy_only,3,0,7,0.000000,1500000.000000,0.000050,921.652600,921.652600,0.000000,0.000000,0.000000,0,0
35,I4_J35,ga_greedy_only,3,1,7,0.000000,1500000.000000,0.000050,907.039295,907.039295,0.000000,0.000000,0.000000,0,0
35,I4_J35,ga_greedy_only,3,0,8,0.000000,1500000.000000,0.000009,964.597013,964.597013,0.000000,0.000000,0.000000,0,0
35,I4_J35,ga_greedy_only,3,1,8,0.000000,1500000.000000,0.000009,864.525103,864.525103,0.000000,0.000000,0.000000,0,0
35,I4_J35,ga_greedy_only,3,0,9,0.000000,1500000.000000,0.000076,996.559651,996.559651,0.000000,0.000000,0.000000,0,0
35,I4_J35,ga_greedy_only,3,1,9,0.000000,1500000.000000,0.000076,906.757771,906.757771,0.000000,0.000000,0.000000,0,0
35,I4_J35,ga_greedy_only,3,0,10,100000.000000,1500000.000000,0.000049,888.146005,883.216005,4.930000,493000.000000,0.066667,0,1
35,I4_J35,ga_greedy_only,3,1,10,0.000000,1500000.000000,0.000049,971.283957,971.283957,0.000000,0.000000,0.000000,0,0
35,I4_J35,ga_greedy_only,3,0,11,0.000000,1500000.000000,0.000038,838.189030,838.189030,0.000000,0.000000,0.000000,0,0
35,I4_J35,ga_greedy_only,3,1,11,0.000000,1500000.000000,0.000038,858.504466,858.504466,0.000000,0.000000,0.000000,0,0
35,I4_J35,ga_greedy_only,3,0,12,0.000000,1500000.000000,0.000064,964.873022,964.873022,0.000000,0.000000,0.000000,0,0
35,I4_J35,ga_greedy_only,3,1,12,0.000000,1500000.000000,0.000064,967.958292,967.958292,0.000000,0.000000,0.000000,0,0
35,I4_J35,ga_greedy_only,3,0,13,0.000000,1500000.000000,0.000077,942.604206,942.604206,0.000000,0.000000,0.000000,0,0
35,I4_J35,ga_greedy_only,3,1,13,0.000000,1500000.000000,0.000077,915.347772,915.347772,0.000000,0.000000,0.000000,0,0
35,I4_J35,ga_greedy_only,3,0,14,100000.000000,1500000.000000,0.000051,987.987089,982.905889,5.081200,508120.000000,0.066667,0,1
35,I4_J35,ga_greedy_only,3,1,14,100000.000000,1500000.000000,0.000051,960.342824,955.261624,5.081200,508120.000000,0.066667,0,1
35,I4_J35,ga_greedy_only,3,0,15,100000.000000,1500000.000000,0.000044,868.562596,864.172996,4.389600,438960.000000,0.066667,0,1
35,I4_J35,ga_greedy_only,3,1,15,361367.989786,1500000.000000,0.000044,936.746789,920.884179,15.862609,5732239.228138,0.240912,0,1
35,I4_J35,ga_greedy_only,3,0,16,100000.000000,1500000.000000,0.000003,853.112955,852.769355,0.343600,34360.000000,0.066667,0,1
35,I4_J35,ga_greedy_only,3,1,16,100000.000000,1500000.000000,0.000003,819.060419,818.716819,0.343600,34360.000000,0.066667,0,1
35,I4_J35,ga_greedy_only,3,0,17,100000.000000,1500000.000000,0.000009,801.213033,800.326133,0.886900,88690.000000,0.066667,0,1
35,I4_J35,ga_greedy_only,3,1,17,100000.000000,1500000.000000,0.000009,839.741882,838.854982,0.886900,88690.000000,0.066667,0,1
35,I4_J35,ga_greedy_only,3,0,18,100000.000000,1500000.000000,0.000042,907.455934,903.296534,4.159400,415940.000000,0.066667,0,1
35,I4_J35,ga_greedy_only,3,1,18,100000.000000,1500000.000000,0.000042,907.070218,902.910818,4.159400,415940.000000,0.066667,0,1
35,I4_J35,ga_greedy_only,3,0,19,100000.000000,1500000.000000,0.000045,941.437216,936.925516,4.511700,451170.000000,0.066667,0,1
35,I4_J35,ga_greedy_only,3,1,19,100000.000000,1500000.000000,0.000045,854.487776,849.976076,4.511700,451170.000000,0.066667,0,1
35,I4_J35,ga_greedy_only,3,0,20,100000.000000,1500000.000000,0.000073,878.820697,871.474247,7.346450,734645.000000,0.066667,0,1
35,I4_J35,ga_greedy_only,3,1,20,100000.000000,1500000.000000,0.000073,994.206555,986.860105,7.346450,734645.000000,0.066667,0,1
35,I4_J35,ga_greedy_only,3,0,21,100000.000000,1500000.000000,0.000052,950.635258,945.396498,5.238760,523876.000000,0.066667,0,1
35,I4_J35,ga_greedy_only,3,1,21,100000.000000,1500000.000000,0.000052,969.615714,964.376954,5.238760,523876.000000,0.066667,0,1
35,I4_J35,ga_greedy_only,3,0,22,100000.000000,1500000.000000,0.000047,869.992876,865.257916,4.734960,473496.000000,0.066667,0,1
35,I4_J35,ga_greedy_only,3,1,22,100000.000000,1500000.000000,0.000047,844.091747,839.356787,4.734960,473496.000000,0.066667,0,1
35,I4_J35,ga_greedy_only,3,0,23,100000.000000,1500000.000000,0.000032,805.492193,802.273043,3.219150,321915.000000,0.066667,0,1
35,I4_J35,ga_greedy_only,3,1,23,100000.000000,1500000.000000,0.000032,942.527275,939.308125,3.219150,321915.000000,0.066667,0,1
35,I4_J35,ga_greedy_only,3,0,24,100000.000000,1500000.000000,0.000081,888.671089,880.539359,8.131730,813173.000000,0.066667,0,1
35,I4_J35,ga_greedy_only,3,1,24,100000.000000,1500000.000000,0.000081,993.586430,985.454700,8.131730,813173.000000,0.066667,0,1
35,I4_J35,ga_greedy_only,3,0,25,100000.000000,1500000.000000,0.000039,998.714445,994.851015,3.863430,386343.000000,0.066667,0,1
35,I4_J35,ga_greedy_only,3,1,25,100000.000000,1500000.000000,0.000039,879.573407,875.709977,3.863430,386343.000000,0.066667,0,1
35,I4_J35,ga_greedy_only,3,0,26,0.000000,1500000.000000,0.000086,911.540900,911.540900,0.000000,0.000000,0.000000,0,0
35,I4_J35,ga_greedy_only,3,1,26,0.000000,1500000.000000,0.000086,870.957551,870.957551,0.000000,0.000000,0.000000,0,0
35,I4_J35,ga_greedy_only,3,0,27,0.000000,1500000.000000,0.000056,800.331752,800.331752,0.000000,0.000000,0.000000,0,0
35,I4_J35,ga_greedy_only,3,1,27,0.000000,1500000.000000,0.000056,945.390584,945.390584,0.000000,0.000000,0.000000,0,0
35,I4_J35,ga_greedy_only,3,0,28,0.000000,1500000.000000,0.000061,813.391385,813.391385,0.000000,0.000000,0.000000,0,0
35,I4_J35,ga_greedy_only,3,1,28,0.000000,1500000.000000,0.000061,937.569803,937.569803,0.000000,0.000000,0.000000,0,0
35,I4_J35,ga_greedy_only,3,0,29,272776.415403,1500000.000000,0.000060,970.022282,953.533466,16.488816,4497760.132508,0.181851,0,1
35,I4_J35,ga_greedy_only,3,1,29,1357609.910014,1500000.000000,0.000060,937.879443,855.814503,82.064940,111412175.267740,0.905073,0,1
35,I4_J35,ga_greedy_only,3,0,30,160917.026922,1500000.000000,0.000087,870.298012,856.297282,14.000731,2252955.967447,0.107278,0,1
35,I4_J35,ga_greedy_only,3,1,30,170691.425195,1500000.000000,0.000087,932.821086,917.969925,14.851161,2534965.849086,0.113794,0,1
35,I4_J35,ga_greedy_only,3,0,31,0.000000,1500000.000000,0.000022,989.869891,989.869891,0.000000,0.000000,0.000000,0,0
35,I4_J35,ga_greedy_only,3,1,31,0.000000,1500000.000000,0.000022,886.311853,886.311853,0.000000,0.000000,0.000000,0,0
35,I4_J35,ga_greedy_only,3,0,32,100607.881324,1500000.000000,0.000098,891.395985,881.543415,9.852570,991246.199455,0.067072,0,1
35,I4_J35,ga_greedy_only,3,1,32,100000.000000,1500000.000000,0.000098,921.448417,911.655377,9.793040,979304.000000,0.066667,0,1
35,I4_J35,ga_greedy_only,3,0,33,0.000000,1500000.000000,0.000078,929.839602,929.839602,0.000000,0.000000,0.000000,0,0
35,I4_J35,ga_greedy_only,3,1,33,0.000000,1500000.000000,0.000078,916.900451,916.900451,0.000000,0.000000,0.000000,0,0
35,I4_J35,ga_greedy_only,3,0,34,0.000000,1500000.000000,0.000060,948.392006,948.392006,0.000000,0.000000,0.000000,0,0
35,I4_J35,ga_greedy_only,3,1,34,0.000000,1500000.000000,0.000060,834.476741,834.476741,0.000000,0.000000,0.000000,0,0
35,I4_J35,ga_greedy_only,4,0,0,100000.000000,1500000.000000,0.000027,862.655137,859.987137,2.668000,266800.000000,0.066667,0,1
35,I4_J35,ga_greedy_only,4,1,0,0.000000,1500000.000000,0.000027,926.999545,926.999545,0.000000,0.000000,0.000000,0,0
35,I4_J35,ga_greedy_only,4,0,1,0.000000,1500000.000000,0.000013,809.027682,809.027682,0.000000,0.000000,0.000000,0,0
35,I4_J35,ga_greedy_only,4,1,1,0.000000,1500000.000000,0.000013,890.173310,890.173310,0.000000,0.000000,0.000000,0,0
35,I4_J35,ga_greedy_only,4,0,2,0.000000,1500000.000000,0.000050,923.901352,923.901352,0.000000,0.000000,0.000000,0,0
35,I4_J35,ga_greedy_only,4,1,2,0.000000,1500000.000000,0.000050,921.584641,921.584641,0.000000,0.000000,0.000000,0,0
35,I4_J35,ga_greedy_only,4,0,3,0.000000,1500000.000000,0.000041,906.078369,906.078369,0.000000,0.000000,0.000000,0,0
35,I4_J35,ga_greedy_only,4,1,3,0.000000,1500000.000000,0.000041,902.216840,902.216840,0.000000,0.000000,0.000000,0,0
35,I4_J35,ga_greedy_only,4,0,4,0.000000,1500000.000000,0.000027,877.099034,877.099034,0.000000,0.000000,0.000000,0,0
35,I4_J35,ga_greedy_only,4,1,4,0.000000,1500000.000000,0.000027,879.055731,879.055731,0.000000,0.000000,0.000000,0,0
35,I4_J35,ga_greedy_only,4,0,5,0.000000,1500000.000000,0.000030,980.058050,980.058050,0.000000,0.000000,0.000000,0,0
35,I4_J35,ga_greedy_only,4,1,5,0.000000,1500000.000000,0.000030,941.096515,941.096515,0.000000,0.000000,0.000000,0,0
35,I4_J35,ga_greedy_only,4,0,6,0.000000,1500000.000000,0.000033,897.130788,897.130788,0.000000,0.000000,0.000000,0,0
35,I4_J35,ga_greedy_only,4,1,6,0.000000,1500000.000000,0.000033,893.248166,893.248166,0.000000,0.000000,0.000000,0,0
35,I4_J35,ga_greedy_only,4,0,7,0.000000,1500000.000000,0.000050,921.652600,921.652600,0.000000,0.000000,0.000000,0,0
35,I4_J35,ga_greedy_only,4,1,7,0.000000,1500000.000000,0.000050,907.039295,907.039295,0.000000,0.000000,0.000000,0,0
35,I4_J35,ga_greedy_only,4,0,8,0.000000,1500000.000000,0.000009,964.597013,964.597013,0.000000,0.000000,0.000000,0,0
35,I4_J35,ga_greedy_only,4,1,8,0.000000,1500000.000000,0.000009,864.525103,864.525103,0.000000,0.000000,0.000000,0,0
35,I4_J35,ga_greedy_only,4,0,9,0.000000,1500000.000000,0.000076,996.559651,996.559651,0.000000,0.000000,0.000000,0,0
35,I4_J35,ga_greedy_only,4,1,9,0.000000,1500000.000000,0.000076,906.757771,906.757771,0.000000,0.000000,0.000000,0,0
35,I4_J35,ga_greedy_only,4,0,10,0.000000,1500000.000000,0.000049,888.146005,888.146005,0.000000,0.000000,0.000000,0,0
35,I4_J35,ga_greedy_only,4,1,10,0.000000,1500000.000000,0.000049,971.283957,971.283957,0.000000,0.000000,0.000000,0,0
35,I4_J35,ga_greedy_only,4,0,11,0.000000,1500000.000000,0.000038,838.189030,838.189030,0.000000,0.000000,0.000000,0,0
35,I4_J35,ga_greedy_only,4,1,11,0.000000,1500000.000000,0.000038,858.504466,858.504466,0.000000,0.000000,0.000000,0,0
35,I4_J35,ga_greedy_only,4,0,12,0.000000,1500000.000000,0.000064,964.873022,964.873022,0.000000,0.000000,0.000000,0,0
35,I4_J35,ga_greedy_only,4,1,12,0.000000,1500000.000000,0.000064,967.958292,967.958292,0.000000,0.000000,0.000000,0,0
35,I4_J35,ga_greedy_only,4,0,13,0.000000,1500000.000000,0.000077,942.604206,942.604206,0.000000,0.000000,0.000000,0,0
35,I4_J35,ga_greedy_only,4,1,13,0.000000,1500000.000000,0.000077,915.347772,915.347772,0.000000,0.000000,0.000000,0,0
35,I4_J35,ga_greedy_only,4,0,14,100000.000000,1500000.000000,0.000051,987.987089,982.905889,5.081200,508120.000000,0.066667,0,1
35,I4_J35,ga_greedy_only,4,1,14,100000.000000,1500000.000000,0.000051,960.342824,955.261624,5.081200,508120.000000,0.066667,0,1
35,I4_J35,ga_greedy_only,4,0,15,460190.929972,1500000.000000,0.000044,868.562596,848.362055,20.200541,9296105.777293,0.306794,0,1
35,I4_J35,ga_greedy_only,4,1,15,0.000000,1500000.000000,0.000044,936.746789,936.746789,0.000000,0.000000,0.000000,0,0
35,I4_J35,ga_greedy_only,4,0,16,100000.000000,1500000.000000,0.000003,853.112955,852.769355,0.343600,34360.000000,0.066667,0,1
35,I4_J35,ga_greedy_only,4,1,16,100000.000000,1500000.000000,0.000003,819.060419,818.716819,0.343600,34360.000000,0.066667,0,1
35,I4_J35,ga_greedy_only,4,0,17,100000.000000,1500000.000000,0.000009,801.213033,800.326133,0.886900,88690.000000,0.066667,0,1
35,I4_J35,ga_greedy_only,4,1,17,100000.000000,1500000.000000,0.000009,839.741882,838.854982,0.886900,88690.000000,0.066667,0,1
35,I4_J35,ga_greedy_only,4,0,18,100000.000000,1500000.000000,0.000042,907.455934,903.296534,4.159400,415940.000000,0.066667,0,1
35,I4_J35,ga_greedy_only,4,1,18,100000.000000,1500000.000000,0.000042,907.070218,902.910818,4.159400,415940.000000,0.066667,0,1
35,I4_J35,ga_greedy_only,4,0,19,100000.000000,1500000.000000,0.000045,941.437216,936.925516,4.511700,451170.000000,0.066667,0,1
35,I4_J35,ga_greedy_only,4,1,19,100000.000000,1500000.000000,0.000045,854.487776,849.976076,4.511700,451170.000000,0.066667,0,1
35,I4_J35,ga_greedy_only,4,0,20,100000.000000,1500000.000000,0.000073,878.820697,871.474247,7.346450,734645.000000,0.066667,0,1
35,I4_J35,ga_greedy_only,4,1,20,100000.000000,1500000.000000,0.000073,994.206555,986.860105,7.346450,734645.000000,0.066667,0,1
35,I4_J35,ga_greedy_only,4,0,21,100000.000000,1500000.000000,0.000052,950.635258,945.396498,5.238760,523876.000000,0.066667,0,1
35,I4_J35,ga_greedy_only,4,1,21,100000.000000,1500000.000000,0.000052,969.615714,964.376954,5.238760,523876.000000,0.066667,0,1
35,I4_J35,ga_greedy_only,4,0,22,100000.000000,1500000.000000,0.000047,869.992876,865.257916,4.734960,473496.000000,0.066667,0,1
35,I4_J35,ga_greedy_only,4,1,22,100000.000000,1500000.000000,0.000047,844.091747,839.356787,4.734960,473496.000000,0.066667,0,1
35,I4_J35,ga_greedy_only,4,0,23,100000.000000,1500000.000000,0.000032,805.492193,802.273043,3.219150,321915.000000,0.066667,0,1
35,I4_J35,ga_greedy_only,4,1,23,100000.000000,1500000.000000,0.000032,942.527275,939.308125,3.219150,321915.000000,0.066667,0,1
35,I4_J35,ga_greedy_only,4,0,24,100000.000000,1500000.000000,0.000081,888.671089,880.539359,8.131730,813173.000000,0.066667,0,1
35,I4_J35,ga_greedy_only,4,1,24,100000.000000,1500000.000000,0.000081,993.586430,985.454700,8.131730,813173.000000,0.066667,0,1
35,I4_J35,ga_greedy_only,4,0,25,100000.000000,1500000.000000,0.000039,998.714445,994.851015,3.863430,386343.000000,0.066667,0,1
35,I4_J35,ga_greedy_only,4,1,25,100000.000000,1500000.000000,0.000039,879.573407,875.709977,3.863430,386343.000000,0.066667,0,1
35,I4_J35,ga_greedy_only,4,0,26,0.000000,1500000.000000,0.000086,911.540900,911.540900,0.000000,0.000000,0.000000,0,0
35,I4_J35,ga_greedy_only,4,1,26,0.000000,1500000.000000,0.000086,870.957551,870.957551,0.000000,0.000000,0.000000,0,0
35,I4_J35,ga_greedy_only,4,0,27,0.000000,1500000.000000,0.000056,800.331752,800.331752,0.000000,0.000000,0.000000,0,0
35,I4_J35,ga_greedy_only,4,1,27,0.000000,1500000.000000,0.000056,945.390584,945.390584,0.000000,0.000000,0.000000,0,0
35,I4_J35,ga_greedy_only,4,0,28,0.000000,1500000.000000,0.000061,813.391385,813.391385,0.000000,0.000000,0.000000,0,0
35,I4_J35,ga_greedy_only,4,1,28,0.000000,1500000.000000,0.000061,937.569803,937.569803,0.000000,0.000000,0.000000,0,0
35,I4_J35,ga_greedy_only,4,0,29,0.000000,1500000.000000,0.000060,970.022282,970.022282,0.000000,0.000000,0.000000,0,0
35,I4_J35,ga_greedy_only,4,1,29,1416425.356534,1500000.000000,0.000060,937.879443,852.259221,85.620222,121274652.898294,0.944284,0,1
35,I4_J35,ga_greedy_only,4,0,30,248704.706898,1500000.000000,0.000087,870.298012,848.659236,21.638777,5381665.656074,0.165803,0,1
35,I4_J35,ga_greedy_only,4,1,30,392218.467240,1500000.000000,0.000087,932.821086,898.695765,34.125321,13384580.994259,0.261479,0,1
35,I4_J35,ga_greedy_only,4,0,31,0.000000,1500000.000000,0.000022,989.869891,989.869891,0.000000,0.000000,0.000000,0,0
35,I4_J35,ga_greedy_only,4,1,31,0.000000,1500000.000000,0.000022,886.311853,886.311853,0.000000,0.000000,0.000000,0,0
35,I4_J35,ga_greedy_only,4,0,32,0.000000,1500000.000000,0.000098,891.395985,891.395985,0.000000,0.000000,0.000000,0,0
35,I4_J35,ga_greedy_only,4,1,32,0.000000,1500000.000000,0.000098,921.448417,921.448417,0.000000,0.000000,0.000000,0,0
35,I4_J35,ga_greedy_only,4,0,33,0.000000,1500000.000000,0.000078,929.839602,929.839602,0.000000,0.000000,0.000000,0,0
35,I4_J35,ga_greedy_only,4,1,33,0.000000,1500000.000000,0.000078,916.900451,916.900451,0.000000,0.000000,0.000000,0,0
35,I4_J35,ga_greedy_only,4,0,34,0.000000,1500000.000000,0.000060,948.392006,948.392006,0.000000,0.000000,0.000000,0,0
35,I4_J35,ga_greedy_only,4,1,34,0.000000,1500000.000000,0.000060,834.476741,834.476741,0.000000,0.000000,0.000000,0,0
40,I4_J40,manual,-1,0,0,0.000000,1500000.000000,0.000027,862.655137,862.655137,0.000000,0.000000,0.000000,0,0
40,I4_J40,manual,-1,1,0,0.000000,1500000.000000,0.000027,926.999545,926.999545,0.000000,0.000000,0.000000,0,0
40,I4_J40,manual,-1,0,1,0.000000,1500000.000000,0.000013,809.027682,809.027682,0.000000,0.000000,0.000000,0,0
40,I4_J40,manual,-1,1,1,0.000000,1500000.000000,0.000013,890.173310,890.173310,0.000000,0.000000,0.000000,0,0
40,I4_J40,manual,-1,0,2,0.000000,1500000.000000,0.000050,923.901352,923.901352,0.000000,0.000000,0.000000,0,0
40,I4_J40,manual,-1,1,2,0.000000,1500000.000000,0.000050,921.584641,921.584641,0.000000,0.000000,0.000000,0,0
40,I4_J40,manual,-1,0,3,0.000000,1500000.000000,0.000041,906.078369,906.078369,0.000000,0.000000,0.000000,0,0
40,I4_J40,manual,-1,1,3,0.000000,1500000.000000,0.000041,902.216840,902.216840,0.000000,0.000000,0.000000,0,0
40,I4_J40,manual,-1,0,4,0.000000,1500000.000000,0.000027,877.099034,877.099034,0.000000,0.000000,0.000000,0,0
40,I4_J40,manual,-1,1,4,0.000000,1500000.000000,0.000027,879.055731,879.055731,0.000000,0.000000,0.000000,0,0
40,I4_J40,manual,-1,0,5,0.000000,1500000.000000,0.000030,980.058050,980.058050,0.000000,0.000000,0.000000,0,0
40,I4_J40,manual,-1,1,5,0.000000,1500000.000000,0.000030,941.096515,941.096515,0.000000,0.000000,0.000000,0,0
40,I4_J40,manual,-1,0,6,0.000000,1500000.000000,0.000033,897.130788,897.130788,0.000000,0.000000,0.000000,0,0
40,I4_J40,manual,-1,1,6,0.000000,1500000.000000,0.000033,893.248166,893.248166,0.000000,0.000000,0.000000,0,0
40,I4_J40,manual,-1,0,7,0.000000,1500000.000000,0.000050,921.652600,921.652600,0.000000,0.000000,0.000000,0,0
40,I4_J40,manual,-1,1,7,0.000000,1500000.000000,0.000050,907.039295,907.039295,0.000000,0.000000,0.000000,0,0
40,I4_J40,manual,-1,0,8,0.000000,1500000.000000,0.000009,964.597013,964.597013,0.000000,0.000000,0.000000,0,0
40,I4_J40,manual,-1,1,8,0.000000,1500000.000000,0.000009,864.525103,864.525103,0.000000,0.000000,0.000000,0,0
40,I4_J40,manual,-1,0,9,0.000000,1500000.000000,0.000076,996.559651,996.559651,0.000000,0.000000,0.000000,0,0
40,I4_J40,manual,-1,1,9,0.000000,1500000.000000,0.000076,906.757771,906.757771,0.000000,0.000000,0.000000,0,0
40,I4_J40,manual,-1,0,10,0.000000,1500000.000000,0.000049,888.146005,888.146005,0.000000,0.000000,0.000000,0,0
40,I4_J40,manual,-1,1,10,0.000000,1500000.000000,0.000049,971.283957,971.283957,0.000000,0.000000,0.000000,0,0
40,I4_J40,manual,-1,0,11,0.000000,1500000.000000,0.000038,838.189030,838.189030,0.000000,0.000000,0.000000,0,0
40,I4_J40,manual,-1,1,11,0.000000,1500000.000000,0.000038,858.504466,858.504466,0.000000,0.000000,0.000000,0,0
40,I4_J40,manual,-1,0,12,0.000000,1500000.000000,0.000064,964.873022,964.873022,0.000000,0.000000,0.000000,0,0
40,I4_J40,manual,-1,1,12,0.000000,1500000.000000,0.000064,967.958292,967.958292,0.000000,0.000000,0.000000,0,0
40,I4_J40,manual,-1,0,13,0.000000,1500000.000000,0.000077,942.604206,942.604206,0.000000,0.000000,0.000000,0,0
40,I4_J40,manual,-1,1,13,0.000000,1500000.000000,0.000077,915.347772,915.347772,0.000000,0.000000,0.000000,0,0
40,I4_J40,manual,-1,0,14,100000.000000,1500000.000000,0.000051,987.987089,982.905889,5.081200,508120.000000,0.066667,0,1
40,I4_J40,manual,-1,1,14,100000.000000,1500000.000000,0.000051,960.342824,955.261624,5.081200,508120.000000,0.066667,0,1
40,I4_J40,manual,-1,0,15,363936.923006,1500000.000000,0.000044,868.562596,852.587221,15.975375,5814028.884064,0.242625,0,1
40,I4_J40,manual,-1,1,15,100000.000000,1500000.000000,0.000044,936.746789,932.357189,4.389600,438960.000000,0.066667,0,1
40,I4_J40,manual,-1,0,16,100000.000000,1500000.000000,0.000003,853.112955,852.769355,0.343600,34360.000000,0.066667,0,1
40,I4_J40,manual,-1,1,16,100000.000000,1500000.000000,0.000003,819.060419,818.716819,0.343600,34360.000000,0.066667,0,1
40,I4_J40,manual,-1,0,17,100000.000000,1500000.000000,0.000009,801.213033,800.326133,0.886900,88690.000000,0.066667,0,1
40,I4_J40,manual,-1,1,17,100000.000000,1500000.000000,0.000009,839.741882,838.854982,0.886900,88690.000000,0.066667,0,1
40,I4_J40,manual,-1,0,18,100000.000000,1500000.000000,0.000042,907.455934,903.296534,4.159400,415940.000000,0.066667,0,1
40,I4_J40,manual,-1,1,18,100000.000000,1500000.000000,0.000042,907.070218,902.910818,4.159400,415940.000000,0.066667,0,1
40,I4_J40,manual,-1,0,19,100000.000000,1500000.000000,0.000045,941.437216,936.925516,4.511700,451170.000000,0.066667,0,1
40,I4_J40,manual,-1,1,19,100000.000000,1500000.000000,0.000045,854.487776,849.976076,4.511700,451170.000000,0.066667,0,1
40,I4_J40,manual,-1,0,20,100000.000000,1500000.000000,0.000073,878.820697,871.474247,7.346450,734645.000000,0.066667,0,1
40,I4_J40,manual,-1,1,20,100000.000000,1500000.000000,0.000073,994.206555,986.860105,7.346450,734645.000000,0.066667,0,1
40,I4_J40,manual,-1,0,21,100000.000000,1500000.000000,0.000052,950.635258,945.396498,5.238760,523876.000000,0.066667,0,1
40,I4_J40,manual,-1,1,21,100000.000000,1500000.000000,0.000052,969.615714,964.376954,5.238760,523876.000000,0.066667,0,1
40,I4_J40,manual,-1,0,22,100000.000000,1500000.000000,0.000047,869.992876,865.257916,4.734960,473496.000000,0.066667,0,1
40,I4_J40,manual,-1,1,22,100000.000000,1500000.000000,0.000047,844.091747,839.356787,4.734960,473496.000000,0.066667,0,1
40,I4_J40,manual,-1,0,23,100000.000000,1500000.000000,0.000032,805.492193,802.273043,3.219150,321915.000000,0.066667,0,1
40,I4_J40,manual,-1,1,23,100000.000000,1500000.000000,0.000032,942.527275,939.308125,3.219150,321915.000000,0.066667,0,1
40,I4_J40,manual,-1,0,24,100000.000000,1500000.000000,0.000081,888.671089,880.539359,8.131730,813173.000000,0.066667,0,1
40,I4_J40,manual,-1,1,24,100000.000000,1500000.000000,0.000081,993.586430,985.454700,8.131730,813173.000000,0.066667,0,1
40,I4_J40,manual,-1,0,25,100000.000000,1500000.000000,0.000039,998.714445,994.851015,3.863430,386343.000000,0.066667,0,1
40,I4_J40,manual,-1,1,25,100000.000000,1500000.000000,0.000039,879.573407,875.709977,3.863430,386343.000000,0.066667,0,1
40,I4_J40,manual,-1,0,26,0.000000,1500000.000000,0.000086,911.540900,911.540900,0.000000,0.000000,0.000000,0,0
40,I4_J40,manual,-1,1,26,0.000000,1500000.000000,0.000086,870.957551,870.957551,0.000000,0.000000,0.000000,0,0
40,I4_J40,manual,-1,0,27,0.000000,1500000.000000,0.000056,800.331752,800.331752,0.000000,0.000000,0.000000,0,0
40,I4_J40,manual,-1,1,27,0.000000,1500000.000000,0.000056,945.390584,945.390584,0.000000,0.000000,0.000000,0,0
40,I4_J40,manual,-1,0,28,0.000000,1500000.000000,0.000061,813.391385,813.391385,0.000000,0.000000,0.000000,0,0
40,I4_J40,manual,-1,1,28,0.000000,1500000.000000,0.000061,937.569803,937.569803,0.000000,0.000000,0.000000,0,0
40,I4_J40,manual,-1,0,29,0.000000,1500000.000000,0.000060,970.022282,970.022282,0.000000,0.000000,0.000000,0,0
40,I4_J40,manual,-1,1,29,386317.551339,1500000.000000,0.000060,937.879443,914.527281,23.352162,9021350.032702,0.257545,0,1
40,I4_J40,manual,-1,0,30,100000.000000,1500000.000000,0.000087,870.298012,861.597422,8.700590,870059.000000,0.066667,0,1
40,I4_J40,manual,-1,1,30,100000.000000,1500000.000000,0.000087,932.821086,924.120496,8.700590,870059.000000,0.066667,0,1
40,I4_J40,manual,-1,0,31,0.000000,1500000.000000,0.000022,989.869891,989.869891,0.000000,0.000000,0.000000,0,0
40,I4_J40,manual,-1,1,31,0.000000,1500000.000000,0.000022,886.311853,886.311853,0.000000,0.000000,0.000000,0,0
40,I4_J40,manual,-1,0,32,0.000000,1500000.000000,0.000098,891.395985,891.395985,0.000000,0.000000,0.000000,0,0
40,I4_J40,manual,-1,1,32,0.000000,1500000.000000,0.000098,921.448417,921.448417,0.000000,0.000000,0.000000,0,0
40,I4_J40,manual,-1,0,33,0.000000,1500000.000000,0.000078,929.839602,929.839602,0.000000,0.000000,0.000000,0,0
40,I4_J40,manual,-1,1,33,0.000000,1500000.000000,0.000078,916.900451,916.900451,0.000000,0.000000,0.000000,0,0
40,I4_J40,manual,-1,0,34,0.000000,1500000.000000,0.000060,948.392006,948.392006,0.000000,0.000000,0.000000,0,0
40,I4_J40,manual,-1,1,34,0.000000,1500000.000000,0.000060,834.476741,834.476741,0.000000,0.000000,0.000000,0,0
40,I4_J40,manual,-1,0,35,100000.000000,1500000.000000,0.000096,876.296932,866.684562,9.612370,961237.000000,0.066667,0,1
40,I4_J40,manual,-1,1,35,100000.000000,1500000.000000,0.000096,927.676002,918.063632,9.612370,961237.000000,0.066667,0,1
40,I4_J40,manual,-1,0,36,0.000000,1500000.000000,0.000082,800.046882,800.046882,0.000000,0.000000,0.000000,0,0
40,I4_J40,manual,-1,1,36,0.000000,1500000.000000,0.000082,902.997596,902.997596,0.000000,0.000000,0.000000,0,0
40,I4_J40,manual,-1,0,37,0.000000,1500000.000000,0.000058,942.423821,942.423821,0.000000,0.000000,0.000000,0,0
40,I4_J40,manual,-1,1,37,0.000000,1500000.000000,0.000058,914.143104,914.143104,0.000000,0.000000,0.000000,0,0
40,I4_J40,manual,-1,0,38,0.000000,1500000.000000,0.000067,992.793864,992.793864,0.000000,0.000000,0.000000,0,0
40,I4_J40,manual,-1,1,38,0.000000,1500000.000000,0.000067,973.709568,973.709568,0.000000,0.000000,0.000000,0,0
40,I4_J40,manual,-1,0,39,421844.813326,1500000.000000,0.000092,827.049977,788.434429,38.615548,16289768.493479,0.281230,0,1
40,I4_J40,manual,-1,1,39,1578153.531509,1500000.000000,0.000092,850.229145,712.919595,137.309550,216695551.242411,1.052102,1,1
40,I4_J40,ga_greedy_only,0,0,0,0.000000,1500000.000000,0.000027,862.655137,862.655137,0.000000,0.000000,0.000000,0,0
40,I4_J40,ga_greedy_only,0,1,0,100000.000000,1500000.000000,0.000027,926.999545,924.331545,2.668000,266800.000000,0.066667,0,1
40,I4_J40,ga_greedy_only,0,0,1,0.000000,1500000.000000,0.000013,809.027682,809.027682,0.000000,0.000000,0.000000,0,0
40,I4_J40,ga_greedy_only,0,1,1,0.000000,1500000.000000,0.000013,890.173310,890.173310,0.000000,0.000000,0.000000,0,0
40,I4_J40,ga_greedy_only,0,0,2,0.000000,1500000.000000,0.000050,923.901352,923.901352,0.000000,0.000000,0.000000,0,0
40,I4_J40,ga_greedy_only,0,1,2,0.000000,1500000.000000,0.000050,921.584641,921.584641,0.000000,0.000000,0.000000,0,0
40,I4_J40,ga_greedy_only,0,0,3,0.000000,1500000.000000,0.000041,906.078369,906.078369,0.000000,0.000000,0.000000,0,0
40,I4_J40,ga_greedy_only,0,1,3,100000.000000,1500000.000000,0.000041,902.216840,898.126540,4.090300,409030.000000,0.066667,0,1
40,I4_J40,ga_greedy_only,0,0,4,0.000000,1500000.000000,0.000027,877.099034,877.099034,0.000000,0.000000,0.000000,0,0
40,I4_J40,ga_greedy_only,0,1,4,0.000000,1500000.000000,0.000027,879.055731,879.055731,0.000000,0.000000,0.000000,0,0
40,I4_J40,ga_greedy_only,0,0,5,0.000000,1500000.000000,0.000030,980.058050,980.058050,0.000000,0.000000,0.000000,0,0
40,I4_J40,ga_greedy_only,0,1,5,0.000000,1500000.000000,0.000030,941.096515,941.096515,0.000000,0.000000,0.000000,0,0
40,I4_J40,ga_greedy_only,0,0,6,0.000000,1500000.000000,0.000033,897.130788,897.130788,0.000000,0.000000,0.000000,0,0
40,I4_J40,ga_greedy_only,0,1,6,0.000000,1500000.000000,0.000033,893.248166,893.248166,0.000000,0.000000,0.000000,0,0
40,I4_J40,ga_greedy_only,0,0,7,0.000000,1500000.000000,0.000050,921.652600,921.652600,0.000000,0.000000,0.000000,0,0
40,I4_J40,ga_greedy_only,0,1,7,0.000000,1500000.000000,0.000050,907.039295,907.039295,0.000000,0.000000,0.000000,0,0
40,I4_J40,ga_greedy_only,0,0,8,0.000000,1500000.000000,0.000009,964.597013,964.597013,0.000000,0.000000,0.000000,0,0
40,I4_J40,ga_greedy_only,0,1,8,0.000000,1500000.000000,0.000009,864.525103,864.525103,0.000000,0.000000,0.000000,0,0
40,I4_J40,ga_greedy_only,0,0,9,0.000000,1500000.000000,0.000076,996.559651,996.559651,0.000000,0.000000,0.000000,0,0
40,I4_J40,ga_greedy_only,0,1,9,100000.000000,1500000.000000,0.000076,906.757771,899.197571,7.560200,756020.000000,0.066667,0,1
40,I4_J40,ga_greedy_only,0,0,10,0.000000,1500000.000000,0.000049,888.146005,888.146005,0.000000,0.000000,0.000000,0,0
40,I4_J40,ga_greedy_only,0,1,10,0.000000,1500000.000000,0.000049,971.283957,971.283957,0.000000,0.000000,0.000000,0,0
40,I4_J40,ga_greedy_only,0,0,11,0.000000,1500000.000000,0.000038,838.189030,838.189030,0.000000,0.000000,0.000000,0,0
40,I4_J40,ga_greedy_only,0,1,11,0.000000,1500000.000000,0.000038,858.504466,858.504466,0.000000,0.000000,0.000000,0,0
40,I4_J40,ga_greedy_only,0,0,12,0.000000,1500000.000000,0.000064,964.873022,964.873022,0.000000,0.000000,0.000000,0,0
40,I4_J40,ga_greedy_only,0,1,12,0.000000,1500000.000000,0.000064,967.958292,967.958292,0.000000,0.000000,0.000000,0,0
40,I4_J40,ga_greedy_only,0,0,13,0.000000,1500000.000000,0.000077,942.604206,942.604206,0.000000,0.000000,0.000000,0,0
40,I4_J40,ga_greedy_only,0,1,13,100000.000000,1500000.000000,0.000077,915.347772,907.635872,7.711900,771190.000000,0.066667,0,1
40,I4_J40,ga_greedy_only,0,0,14,100000.000000,1500000.000000,0.000051,987.987089,982.905889,5.081200,508120.000000,0.066667,0,1
40,I4_J40,ga_greedy_only,0,1,14,100000.000000,1500000.000000,0.000051,960.342824,955.261624,5.081200,508120.000000,0.066667,0,1
40,I4_J40,ga_greedy_only,0,0,15,0.000000,1500000.000000,0.000044,868.562596,868.562596,0.000000,0.000000,0.000000,0,0
40,I4_J40,ga_greedy_only,0,1,15,255432.574177,1500000.000000,0.000044,936.746789,925.534320,11.212468,2864029.634631,0.170288,0,1
40,I4_J40,ga_greedy_only,0,0,16,100000.000000,1500000.000000,0.000003,853.112955,852.769355,0.343600,34360.000000,0.066667,0,1
40,I4_J40,ga_greedy_only,0,1,16,100000.000000,1500000.000000,0.000003,819.060419,818.716819,0.343600,34360.000000,0.066667,0,1
40,I4_J40,ga_greedy_only,0,0,17,100000.000000,1500000.000000,0.000009,801.213033,800.326133,0.886900,88690.000000,0.066667,0,1
40,I4_J40,ga_greedy_only,0,1,17,100000.000000,1500000.000000,0.000009,839.741882,838.854982,0.886900,88690.000000,0.066667,0,1
40,I4_J40,ga_greedy_only,0,0,18,100000.000000,1500000.000000,0.000042,907.455934,903.296534,4.159400,415940.000000,0.066667,0,1
40,I4_J40,ga_greedy_only,0,1,18,100000.000000,1500000.000000,0.000042,907.070218,902.910818,4.159400,415940.000000,0.066667,0,1
40,I4_J40,ga_greedy_only,0,0,19,100000.000000,1500000.000000,0.000045,941.437216,936.925516,4.511700,451170.000000,0.066667,0,1
40,I4_J40,ga_greedy_only,0,1,19,100000.000000,1500000.000000,0.000045,854.487776,849.976076,4.511700,451170.000000,0.066667,0,1
40,I4_J40,ga_greedy_only,0,0,20,100000.000000,1500000.000000,0.000073,878.820697,871.474247,7.346450,734645.000000,0.066667,0,1
40,I4_J40,ga_greedy_only,0,1,20,100000.000000,1500000.000000,0.000073,994.206555,986.860105,7.346450,734645.000000,0.066667,0,1
40,I4_J40,ga_greedy_only,0,0,21,100000.000000,1500000.000000,0.000052,950.635258,945.396498,5.238760,523876.000000,0.066667,0,1
40,I4_J40,ga_greedy_only,0,1,21,99999.000000,1500000.000000,0.000052,969.615714,964.377007,5.238708,523865.522532,0.066666,0,1
40,I4_J40,ga_greedy_only,0,0,22,100000.000000,1500000.000000,0.000047,869.992876,865.257916,4.734960,473496.000000,0.066667,0,1
40,I4_J40,ga_greedy_only,0,1,22,100000.000000,1500000.000000,0.000047,844.091747,839.356787,4.734960,473496.000000,0.066667,0,1
40,I4_J40,ga_greedy_only,0,0,23,102326.950865,1500000.000000,0.000032,805.492193,802.198135,3.294058,337070.915078,0.068218,0,1
40,I4_J40,ga_greedy_only,0,1,23,100000.000000,1500000.000000,0.000032,942.527275,939.308125,3.219150,321915.000000,0.066667,0,1
40,I4_J40,ga_greedy_only,0,0,24,100000.000000,1500000.000000,0.000081,888.671089,880.539359,8.131730,813173.000000,0.066667,0,1
40,I4_J40,ga_greedy_only,0,1,24,100000.000000,1500000.000000,0.000081,993.586430,985.454700,8.131730,813173.000000,0.066667,0,1
40,I4_J40,ga_greedy_only,0,0,25,100000.000000,1500000.000000,0.000039,998.714445,994.851015,3.863430,386343.000000,0.066667,0,1
40,I4_J40,ga_greedy_only,0,1,25,100000.000000,1500000.000000,0.000039,879.573407,875.709977,3.863430,386343.000000,0.066667,0,1
40,I4_J40,ga_greedy_only,0,0,26,0.000000,1500000.000000,0.000086,911.540900,911.540900,0.000000,0.000000,0.000000,0,0
40,I4_J40,ga_greedy_only,0,1,26,0.000000,1500000.000000,0.000086,870.957551,870.957551,0.000000,0.000000,0.000000,0,0
40,I4_J40,ga_greedy_only,0,0,27,100000.000000,1500000.000000,0.000056,800.331752,794.766352,5.565400,556540.000000,0.066667,0,1
40,I4_J40,ga_greedy_only,0,1,27,0.000000,1500000.000000,0.000056,945.390584,945.390584,0.000000,0.000000,0.000000,0,0
40,I4_J40,ga_greedy_only,0,0,28,0.000000,1500000.000000,0.000061,813.391385,813.391385,0.000000,0.000000,0.000000,0,0
40,I4_J40,ga_greedy_only,0,1,28,0.000000,1500000.000000,0.000061,937.569803,937.569803,0.000000,0.000000,0.000000,0,0
40,I4_J40,ga_greedy_only,0,0,29,0.000000,1500000.000000,0.000060,970.022282,970.022282,0.000000,0.000000,0.000000,0,0
40,I4_J40,ga_greedy_only,0,1,29,0.000000,1500000.000000,0.000060,937.879443,937.879443,0.000000,0.000000,0.000000,0,0
40,I4_J40,ga_greedy_only,0,0,30,340817.674146,1500000.000000,0.000087,870.298012,840.644864,29.653148,10106317.094359,0.227212,0,1
40,I4_J40,ga_greedy_only,0,1,30,0.000000,1500000.000000,0.000087,932.821086,932.821086,0.000000,0.000000,0.000000,0,0
40,I4_J40,ga_greedy_only,0,0,31,0.000000,1500000.000000,0.000022,989.869891,989.869891,0.000000,0.000000,0.000000,0,0
40,I4_J40,ga_greedy_only,0,1,31,0.000000,1500000.000000,0.000022,886.311853,886.311853,0.000000,0.000000,0.000000,0,0
40,I4_J40,ga_greedy_only,0,0,32,0.000000,1500000.000000,0.000098,891.395985,891.395985,0.000000,0.000000,0.000000,0,0
40,I4_J40,ga_greedy_only,0,1,32,100000.000000,1500000.000000,0.000098,921.448417,911.655377,9.793040,979304.000000,0.066667,0,1
40,I4_J40,ga_greedy_only,0,0,33,0.000000,1500000.000000,0.000078,929.839602,929.839602,0.000000,0.000000,0.000000,0,0
40,I4_J40,ga_greedy_only,0,1,33,0.000000,1500000.000000,0.000078,916.900451,916.900451,0.000000,0.000000,0.000000,0,0
40,I4_J40,ga_greedy_only,0,0,34,0.000000,1500000.000000,0.000060,948.392006,948.392006,0.000000,0.000000,0.000000,0,0
40,I4_J40,ga_greedy_only,0,1,34,0.000000,1500000.000000,0.000060,834.476741,834.476741,0.000000,0.000000,0.000000,0,0
40,I4_J40,ga_greedy_only,0,0,35,100000.000000,1500000.000000,0.000096,876.296932,866.684562,9.612370,961237.000000,0.066667,0,1
40,I4_J40,ga_greedy_only,0,1,35,100000.000000,1500000.000000,0.000096,927.676002,918.063632,9.612370,961237.000000,0.066667,0,1
40,I4_J40,ga_greedy_only,0,0,36,0.000000,1500000.000000,0.000082,800.046882,800.046882,0.000000,0.000000,0.000000,0,0
40,I4_J40,ga_greedy_only,0,1,36,0.000000,1500000.000000,0.000082,902.997596,902.997596,0.000000,0.000000,0.000000,0,0
40,I4_J40,ga_greedy_only,0,0,37,0.000000,1500000.000000,0.000058,942.423821,942.423821,0.000000,0.000000,0.000000,0,0
40,I4_J40,ga_greedy_only,0,1,37,0.000000,1500000.000000,0.000058,914.143104,914.143104,0.000000,0.000000,0.000000,0,0
40,I4_J40,ga_greedy_only,0,0,38,0.000000,1500000.000000,0.000067,992.793864,992.793864,0.000000,0.000000,0.000000,0,0
40,I4_J40,ga_greedy_only,0,1,38,0.000000,1500000.000000,0.000067,973.709568,973.709568,0.000000,0.000000,0.000000,0,0
40,I4_J40,ga_greedy_only,0,0,39,188191.976228,1500000.000000,0.000092,827.049977,809.822940,17.227037,3241990.146290,0.125461,0,1
40,I4_J40,ga_greedy_only,0,1,39,1305437.246016,1500000.000000,0.000092,850.229145,730.729812,119.499334,155998881.306957,0.870291,0,1
40,I4_J40,ga_greedy_only,1,0,0,0.000000,1500000.000000,0.000027,862.655137,862.655137,0.000000,0.000000,0.000000,0,0
40,I4_J40,ga_greedy_only,1,1,0,0.000000,1500000.000000,0.000027,926.999545,926.999545,0.000000,0.000000,0.000000,0,0
40,I4_J40,ga_greedy_only,1,0,1,0.000000,1500000.000000,0.000013,809.027682,809.027682,0.000000,0.000000,0.000000,0,0
40,I4_J40,ga_greedy_only,1,1,1,0.000000,1500000.000000,0.000013,890.173310,890.173310,0.000000,0.000000,0.000000,0,0
40,I4_J40,ga_greedy_only,1,0,2,0.000000,1500000.000000,0.000050,923.901352,923.901352,0.000000,0.000000,0.000000,0,0
40,I4_J40,ga_greedy_only,1,1,2,0.000000,1500000.000000,0.000050,921.584641,921.584641,0.000000,0.000000,0.000000,0,0
40,I4_J40,ga_greedy_only,1,0,3,0.000000,1500000.000000,0.000041,906.078369,906.078369,0.000000,0.000000,0.000000,0,0
40,I4_J40,ga_greedy_only,1,1,3,100000.000000,1500000.000000,0.000041,902.216840,898.126540,4.090300,409030.000000,0.066667,0,1
40,I4_J40,ga_greedy_only,1,0,4,0.000000,1500000.000000,0.000027,877.099034,877.099034,0.000000,0.000000,0.000000,0,0
40,I4_J40,ga_greedy_only,1,1,4,0.000000,1500000.000000,0.000027,879.055731,879.055731,0.000000,0.000000,0.000000,0,0
40,I4_J40,ga_greedy_only,1,0,5,0.000000,1500000.000000,0.000030,980.058050,980.058050,0.000000,0.000000,0.000000,0,0
40,I4_J40,ga_greedy_only,1,1,5,0.000000,1500000.000000,0.000030,941.096515,941.096515,0.000000,0.000000,0.000000,0,0
40,I4_J40,ga_greedy_only,1,0,6,0.000000,1500000.000000,0.000033,897.130788,897.130788,0.000000,0.000000,0.000000,0,0
40,I4_J40,ga_greedy_only,1,1,6,0.000000,1500000.000000,0.000033,893.248166,893.248166,0.000000,0.000000,0.000000,0,0
40,I4_J40,ga_greedy_only,1,0,7,0.000000,1500000.000000,0.000050,921.652600,921.652600,0.000000,0.000000,0.000000,0,0
40,I4_J40,ga_greedy_only,1,1,7,0.000000,1500000.000000,0.000050,907.039295,907.039295,0.000000,0.000000,0.000000,0,0
40,I4_J40,ga_greedy_only,1,0,8,0.000000,1500000.000000,0.000009,964.597013,964.597013,0.000000,0.000000,0.000000,0,0
40,I4_J40,ga_greedy_only,1,1,8,0.000000,1500000.000000,0.000009,864.525103,864.525103,0.000000,0.000000,0.000000,0,0
40,I4_J40,ga_greedy_only,1,0,9,0.000000,1500000.000000,0.000076,996.559651,996.559651,0.000000,0.000000,0.000000,0,0
40,I4_J40,ga_greedy_only,1,1,9,0.000000,1500000.000000,0.000076,906.757771,906.757771,0.000000,0.000000,0.000000,0,0
40,I4_J40,ga_greedy_only,1,0,10,0.000000,1500000.000000,0.000049,888.146005,888.146005,0.000000,0.000000,0.000000,0,0
40,I4_J40,ga_greedy_only,1,1,10,0.000000,1500000.000000,0.000049,971.283957,971.283957,0.000000,0.000000,0.000000,0,0
40,I4_J40,ga_greedy_only,1,0,11,0.000000,1500000.000000,0.000038,838.189030,838.189030,0.000000,0.000000,0.000000,0,0
40,I4_J40,ga_greedy_only,1,1,11,0.000000,1500000.000000,0.000038,858.504466,858.504466,0.000000,0.000000,0.000000,0,0
40,I4_J40,ga_greedy_only,1,0,12,0.000000,1500000.000000,0.000064,964.873022,964.873022,0.000000,0.000000,0.000000,0,0
40,I4_J40,ga_greedy_only,1,1,12,0.000000,1500000.000000,0.000064,967.958292,967.958292,0.000000,0.000000,0.000000,0,0
40,I4_J40,ga_greedy_only,1,0,13,0.000000,1500000.000000,0.000077,942.604206,942.604206,0.000000,0.000000,0.000000,0,0
40,I4_J40,ga_greedy_only,1,1,13,0.000000,1500000.000000,0.000077,915.347772,915.347772,0.000000,0.000000,0.000000,0,0
40,I4_J40,ga_greedy_only,1,0,14,100000.000000,1500000.000000,0.000051,987.987089,982.905889,5.081200,508120.000000,0.066667,0,1
40,I4_J40,ga_greedy_only,1,1,14,100000.000000,1500000.000000,0.000051,960.342824,955.261624,5.081200,508120.000000,0.066667,0,1
40,I4_J40,ga_greedy_only,1,0,15,0.000000,1500000.000000,0.000044,868.562596,868.562596,0.000000,0.000000,0.000000,0,0
40,I4_J40,ga_greedy_only,1,1,15,398494.797924,1500000.000000,0.000044,936.746789,919.254461,17.492328,6970601.571981,0.265663,0,1
40,I4_J40,ga_greedy_only,1,0,16,100000.000000,1500000.000000,0.000003,853.112955,852.769355,0.343600,34360.000000,0.066667,0,1
40,I4_J40,ga_greedy_only,1,1,16,100000.000000,1500000.000000,0.000003,819.060419,818.716819,0.343600,34360.000000,0.066667,0,1
40,I4_J40,ga_greedy_only,1,0,17,100000.000000,1500000.000000,0.000009,801.213033,800.326133,0.886900,88690.000000,0.066667,0,1
40,I4_J40,ga_greedy_only,1,1,17,100000.000000,1500000.000000,0.000009,839.741882,838.854982,0.886900,88690.000000,0.066667,0,1
40,I4_J40,ga_greedy_only,1,0,18,100000.000000,1500000.000000,0.000042,907.455934,903.296534,4.159400,415940.000000,0.066667,0,1
40,I4_J40,ga_greedy_only,1,1,18,100000.000000,1500000.000000,0.000042,907.070218,902.910818,4.159400,415940.000000,0.066667,0,1
40,I4_J40,ga_greedy_only,1,0,19,100000.000000,1500000.000000,0.000045,941.437216,936.925516,4.511700,451170.000000,0.066667,0,1
40,I4_J40,ga_greedy_only,1,1,19,100000.000000,1500000.000000,0.000045,854.487776,849.976076,4.511700,451170.000000,0.066667,0,1
40,I4_J40,ga_greedy_only,1,0,20,100000.000000,1500000.000000,0.000073,878.820697,871.474247,7.346450,734645.000000,0.066667,0,1
40,I4_J40,ga_greedy_only,1,1,20,100000.000000,1500000.000000,0.000073,994.206555,986.860105,7.346450,734645.000000,0.066667,0,1
40,I4_J40,ga_greedy_only,1,0,21,100000.000000,1500000.000000,0.000052,950.635258,945.396498,5.238760,523876.000000,0.066667,0,1
40,I4_J40,ga_greedy_only,1,1,21,100000.000000,1500000.000000,0.000052,969.615714,964.376954,5.238760,523876.000000,0.066667,0,1
40,I4_J40,ga_greedy_only,1,0,22,100000.000000,1500000.000000,0.000047,869.992876,865.257916,4.734960,473496.000000,0.066667,0,1
40,I4_J40,ga_greedy_only,1,1,22,100000.000000,1500000.000000,0.000047,844.091747,839.356787,4.734960,473496.000000,0.066667,0,1
40,I4_J40,ga_greedy_only,1,0,23,100000.000000,1500000.000000,0.000032,805.492193,802.273043,3.219150,321915.000000,0.066667,0,1
40,I4_J40,ga_greedy_only,1,1,23,100000.000000,1500000.000000,0.000032,942.527275,939.308125,3.219150,321915.000000,0.066667,0,1
40,I4_J40,ga_greedy_only,1,0,24,100000.000000,1500000.000000,0.000081,888.671089,880.539359,8.131730,813173.000000,0.066667,0,1
40,I4_J40,ga_greedy_only,1,1,24,100000.000000,1500000.000000,0.000081,993.586430,985.454700,8.131730,813173.000000,0.066667,0,1
40,I4_J40,ga_greedy_only,1,0,25,100000.000000,1500000.000000,0.000039,998.714445,994.851015,3.863430,386343.000000,0.066667,0,1
40,I4_J40,ga_greedy_only,1,1,25,100000.000000,1500000.000000,0.000039,879.573407,875.709977,3.863430,386343.000000,0.066667,0,1
40,I4_J40,ga_greedy_only,1,0,26,0.000000,1500000.000000,0.000086,911.540900,911.540900,0.000000,0.000000,0.000000,0,0
40,I4_J40,ga_greedy_only,1,1,26,0.000000,1500000.000000,0.000086,870.957551,870.957551,0.000000,0.000000,0.000000,0,0
40,I4_J40,ga_greedy_only,1,0,27,0.000000,1500000.000000,0.000056,800.331752,800.331752,0.000000,0.000000,0.000000,0,0
40,I4_J40,ga_greedy_only,1,1,27,0.000000,1500000.000000,0.000056,945.390584,945.390584,0.000000,0.000000,0.000000,0,0
40,I4_J40,ga_greedy_only,1,0,28,0.000000,1500000.000000,0.000061,813.391385,813.391385,0.000000,0.000000,0.000000,0,0
40,I4_J40,ga_greedy_only,1,1,28,0.000000,1500000.000000,0.000061,937.569803,937.569803,0.000000,0.000000,0.000000,0,0
40,I4_J40,ga_greedy_only,1,0,29,0.000000,1500000.000000,0.000060,970.022282,970.022282,0.000000,0.000000,0.000000,0,0
40,I4_J40,ga_greedy_only,1,1,29,100000.000000,1500000.000000,0.000060,937.879443,931.834633,6.044810,604481.000000,0.066667,0,1
40,I4_J40,ga_greedy_only,1,0,30,121766.105165,1500000.000000,0.000087,870.298012,859.703643,10.594370,1290035.119132,0.081177,0,1
40,I4_J40,ga_greedy_only,1,1,30,100000.000000,1500000.000000,0.000087,932.821086,924.120496,8.700590,870059.000000,0.066667,0,1
40,I4_J40,ga_greedy_only,1,0,31,0.000000,1500000.000000,0.000022,989.869891,989.869891,0.000000,0.000000,0.000000,0,0
40,I4_J40,ga_greedy_only,1,1,31,0.000000,1500000.000000,0.000022,886.311853,886.311853,0.000000,0.000000,0.000000,0,0
40,I4_J40,ga_greedy_only,1,0,32,453039.506704,1500000.000000,0.000098,891.395985,847.029645,44.366340,20099704.836491,0.302026,0,1
40,I4_J40,ga_greedy_only,1,1,32,100000.000000,1500000.000000,0.000098,921.448417,911.655377,9.793040,979304.000000,0.066667,0,1
40,I4_J40,ga_greedy_only,1,0,33,0.000000,1500000.000000,0.000078,929.839602,929.839602,0.000000,0.000000,0.000000,0,0
40,I4_J40,ga_greedy_only,1,1,33,0.000000,1500000.000000,0.000078,916.900451,916.900451,0.000000,0.000000,0.000000,0,0
40,I4_J40,ga_greedy_only,1,0,34,0.000000,1500000.000000,0.000060,948.392006,948.392006,0.000000,0.000000,0.000000,0,0
40,I4_J40,ga_greedy_only,1,1,34,0.000000,1500000.000000,0.000060,834.476741,834.476741,0.000000,0.000000,0.000000,0,0
40,I4_J40,ga_greedy_only,1,0,35,100000.000000,1500000.000000,0.000096,876.296932,866.684562,9.612370,961237.000000,0.066667,0,1
40,I4_J40,ga_greedy_only,1,1,35,100000.000000,1500000.000000,0.000096,927.676002,918.063632,9.612370,961237.000000,0.066667,0,1
40,I4_J40,ga_greedy_only,1,0,36,0.000000,1500000.000000,0.000082,800.046882,800.046882,0.000000,0.000000,0.000000,0,0
40,I4_J40,ga_greedy_only,1,1,36,0.000000,1500000.000000,0.000082,902.997596,902.997596,0.000000,0.000000,0.000000,0,0
40,I4_J40,ga_greedy_only,1,0,37,0.000000,1500000.000000,0.000058,942.423821,942.423821,0.000000,0.000000,0.000000,0,0
40,I4_J40,ga_greedy_only,1,1,37,0.000000,1500000.000000,0.000058,914.143104,914.143104,0.000000,0.000000,0.000000,0,0
40,I4_J40,ga_greedy_only,1,0,38,0.000000,1500000.000000,0.000067,992.793864,992.793864,0.000000,0.000000,0.000000,0,0
40,I4_J40,ga_greedy_only,1,1,38,0.000000,1500000.000000,0.000067,973.709568,973.709568,0.000000,0.000000,0.000000,0,0
40,I4_J40,ga_greedy_only,1,0,39,0.000000,1500000.000000,0.000092,827.049977,827.049977,0.000000,0.000000,0.000000,0,0
40,I4_J40,ga_greedy_only,1,1,39,1265180.333745,1500000.000000,0.000092,850.229145,734.414917,115.814228,146525883.882495,0.843454,0,1
40,I4_J40,ga_greedy_only,2,0,0,0.000000,1500000.000000,0.000027,862.655137,862.655137,0.000000,0.000000,0.000000,0,0
40,I4_J40,ga_greedy_only,2,1,0,0.000000,1500000.000000,0.000027,926.999545,926.999545,0.000000,0.000000,0.000000,0,0
40,I4_J40,ga_greedy_only,2,0,1,0.000000,1500000.000000,0.000013,809.027682,809.027682,0.000000,0.000000,0.000000,0,0
40,I4_J40,ga_greedy_only,2,1,1,0.000000,1500000.000000,0.000013,890.173310,890.173310,0.000000,0.000000,0.000000,0,0
40,I4_J40,ga_greedy_only,2,0,2,0.000000,1500000.000000,0.000050,923.901352,923.901352,0.000000,0.000000,0.000000,0,0
40,I4_J40,ga_greedy_only,2,1,2,0.000000,1500000.000000,0.000050,921.584641,921.584641,0.000000,0.000000,0.000000,0,0
40,I4_J40,ga_greedy_only,2,0,3,0.000000,1500000.000000,0.000041,906.078369,906.078369,0.000000,0.000000,0.000000,0,0
40,I4_J40,ga_greedy_only,2,1,3,0.000000,1500000.000000,0.000041,902.216840,902.216840,0.000000,0.000000,0.000000,0,0
40,I4_J40,ga_greedy_only,2,0,4,0.000000,1500000.000000,0.000027,877.099034,877.099034,0.000000,0.000000,0.000000,0,0
40,I4_J40,ga_greedy_only,2,1,4,0.000000,1500000.000000,0.000027,879.055731,879.055731,0.000000,0.000000,0.000000,0,0
40,I4_J40,ga_greedy_only,2,0,5,0.000000,1500000.000000,0.000030,980.058050,980.058050,0.000000,0.000000,0.000000,0,0
40,I4_J40,ga_greedy_only,2,1,5,0.000000,1500000.000000,0.000030,941.096515,941.096515,0.000000,0.000000,0.000000,0,0
40,I4_J40,ga_greedy_only,2,0,6,0.000000,1500000.000000,0.000033,897.130788,897.130788,0.000000,0.000000,0.000000,0,0
40,I4_J40,ga_greedy_only,2,1,6,0.000000,1500000.000000,0.000033,893.248166,893.248166,0.000000,0.000000,0.000000,0,0
40,I4_J40,ga_greedy_only,2,0,7,0.000000,1500000.000000,0.000050,921.652600,921.652600,0.000000,0.000000,0.000000,0,0
40,I4_J40,ga_greedy_only,2,1,7,0.000000,1500000.000000,0.000050,907.039295,907.039295,0.000000,0.000000,0.000000,0,0
40,I4_J40,ga_greedy_only,2,0,8,0.000000,1500000.000000,0.000009,964.597013,964.597013,0.000000,0.000000,0.000000,0,0
40,I4_J40,ga_greedy_only,2,1,8,0.000000,1500000.000000,0.000009,864.525103,864.525103,0.000000,0.000000,0.000000,0,0
40,I4_J40,ga_greedy_only,2,0,9,0.000000,1500000.000000,0.000076,996.559651,996.559651,0.000000,0.000000,0.000000,0,0
40,I4_J40,ga_greedy_only,2,1,9,0.000000,1500000.000000,0.000076,906.757771,906.757771,0.000000,0.000000,0.000000,0,0
40,I4_J40,ga_greedy_only,2,0,10,0.000000,1500000.000000,0.000049,888.146005,888.146005,0.000000,0.000000,0.000000,0,0
40,I4_J40,ga_greedy_only,2,1,10,0.000000,1500000.000000,0.000049,971.283957,971.283957,0.000000,0.000000,0.000000,0,0
40,I4_J40,ga_greedy_only,2,0,11,0.000000,1500000.000000,0.000038,838.189030,838.189030,0.000000,0.000000,0.000000,0,0
40,I4_J40,ga_greedy_only,2,1,11,0.000000,1500000.000000,0.000038,858.504466,858.504466,0.000000,0.000000,0.000000,0,0
40,I4_J40,ga_greedy_only,2,0,12,0.000000,1500000.000000,0.000064,964.873022,964.873022,0.000000,0.000000,0.000000,0,0
40,I4_J40,ga_greedy_only,2,1,12,0.000000,1500000.000000,0.000064,967.958292,967.958292,0.000000,0.000000,0.000000,0,0
40,I4_J40,ga_greedy_only,2,0,13,0.000000,1500000.000000,0.000077,942.604206,942.604206,0.000000,0.000000,0.000000,0,0
40,I4_J40,ga_greedy_only,2,1,13,0.000000,1500000.000000,0.000077,915.347772,915.347772,0.000000,0.000000,0.000000,0,0
40,I4_J40,ga_greedy_only,2,0,14,100000.000000,1500000.000000,0.000051,987.987089,982.905889,5.081200,508120.000000,0.066667,0,1
40,I4_J40,ga_greedy_only,2,1,14,100000.000000,1500000.000000,0.000051,960.342824,955.261624,5.081200,508120.000000,0.066667,0,1
40,I4_J40,ga_greedy_only,2,0,15,100000.000000,1500000.000000,0.000044,868.562596,864.172996,4.389600,438960.000000,0.066667,0,1
40,I4_J40,ga_greedy_only,2,1,15,100000.000000,1500000.000000,0.000044,936.746789,932.357189,4.389600,438960.000000,0.066667,0,1
40,I4_J40,ga_greedy_only,2,0,16,100000.000000,1500000.000000,0.000003,853.112955,852.769355,0.343600,34360.000000,0.066667,0,1
40,I4_J40,ga_greedy_only,2,1,16,100000.000000,1500000.000000,0.000003,819.060419,818.716819,0.343600,34360.000000,0.066667,0,1
40,I4_J40,ga_greedy_only,2,0,17,100000.000000,1500000.000000,0.000009,801.213033,800.326133,0.886900,88690.000000,0.066667,0,1
40,I4_J40,ga_greedy_only,2,1,17,100000.000000,1500000.000000,0.000009,839.741882,838.854982,0.886900,88690.000000,0.066667,0,1
40,I4_J40,ga_greedy_only,2,0,18,100000.000000,1500000.000000,0.000042,907.455934,903.296534,4.159400,415940.000000,0.066667,0,1
40,I4_J40,ga_greedy_only,2,1,18,100000.000000,1500000.000000,0.000042,907.070218,902.910818,4.159400,415940.000000,0.066667,0,1
40,I4_J40,ga_greedy_only,2,0,19,100000.000000,1500000.000000,0.000045,941.437216,936.925516,4.511700,451170.000000,0.066667,0,1
40,I4_J40,ga_greedy_only,2,1,19,100000.000000,1500000.000000,0.000045,854.487776,849.976076,4.511700,451170.000000,0.066667,0,1
40,I4_J40,ga_greedy_only,2,0,20,100000.000000,1500000.000000,0.000073,878.820697,871.474247,7.346450,734645.000000,0.066667,0,1
40,I4_J40,ga_greedy_only,2,1,20,100000.000000,1500000.000000,0.000073,994.206555,986.860105,7.346450,734645.000000,0.066667,0,1
40,I4_J40,ga_greedy_only,2,0,21,100000.000000,1500000.000000,0.000052,950.635258,945.396498,5.238760,523876.000000,0.066667,0,1
40,I4_J40,ga_greedy_only,2,1,21,100000.000000,1500000.000000,0.000052,969.615714,964.376954,5.238760,523876.000000,0.066667,0,1
40,I4_J40,ga_greedy_only,2,0,22,100000.000000,1500000.000000,0.000047,869.992876,865.257916,4.734960,473496.000000,0.066667,0,1
40,I4_J40,ga_greedy_only,2,1,22,100000.000000,1500000.000000,0.000047,844.091747,839.356787,4.734960,473496.000000,0.066667,0,1
40,I4_J40,ga_greedy_only,2,0,23,100000.000000,1500000.000000,0.000032,805.492193,802.273043,3.219150,321915.000000,0.066667,0,1
40,I4_J40,ga_greedy_only,2,1,23,100000.000000,1500000.000000,0.000032,942.527275,939.308125,3.219150,321915.000000,0.066667,0,1
40,I4_J40,ga_greedy_only,2,0,24,100000.000000,1500000.000000,0.000081,888.671089,880.539359,8.131730,813173.000000,0.066667,0,1
40,I4_J40,ga_greedy_only,2,1,24,100000.000000,1500000.000000,0.000081,993.586430,985.454700,8.131730,813173.000000,0.066667,0,1
40,I4_J40,ga_greedy_only,2,0,25,100000.000000,1500000.000000,0.000039,998.714445,994.851015,3.863430,386343.000000,0.066667,0,1
40,I4_J40,ga_greedy_only,2,1,25,100000.000000,1500000.000000,0.000039,879.573407,875.709977,3.863430,386343.000000,0.066667,0,1
40,I4_J40,ga_greedy_only,2,0,26,0.000000,1500000.000000,0.000086,911.540900,911.540900,0.000000,0.000000,0.000000,0,0
40,I4_J40,ga_greedy_only,2,1,26,0.000000,1500000.000000,0.000086,870.957551,870.957551,0.000000,0.000000,0.000000,0,0
40,I4_J40,ga_greedy_only,2,0,27,0.000000,1500000.000000,0.000056,800.331752,800.331752,0.000000,0.000000,0.000000,0,0
40,I4_J40,ga_greedy_only,2,1,27,0.000000,1500000.000000,0.000056,945.390584,945.390584,0.000000,0.000000,0.000000,0,0
40,I4_J40,ga_greedy_only,2,0,28,0.000000,1500000.000000,0.000061,813.391385,813.391385,0.000000,0.000000,0.000000,0,0
40,I4_J40,ga_greedy_only,2,1,28,0.000000,1500000.000000,0.000061,937.569803,937.569803,0.000000,0.000000,0.000000,0,0
40,I4_J40,ga_greedy_only,2,0,29,0.000000,1500000.000000,0.000060,970.022282,970.022282,0.000000,0.000000,0.000000,0,0
40,I4_J40,ga_greedy_only,2,1,29,0.000000,1500000.000000,0.000060,937.879443,937.879443,0.000000,0.000000,0.000000,0,0
40,I4_J40,ga_greedy_only,2,0,30,232590.861086,1500000.000000,0.000087,870.298012,850.061235,20.236777,4706889.434698,0.155061,0,1
40,I4_J40,ga_greedy_only,2,1,30,334501.047053,1500000.000000,0.000087,932.821086,903.717521,29.103565,9735172.848355,0.223001,0,1
40,I4_J40,ga_greedy_only,2,0,31,0.000000,1500000.000000,0.000022,989.869891,989.869891,0.000000,0.000000,0.000000,0,0
40,I4_J40,ga_greedy_only,2,1,31,0.000000,1500000.000000,0.000022,886.311853,886.311853,0.000000,0.000000,0.000000,0,0
40,I4_J40,ga_greedy_only,2,0,32,223623.640541,1500000.000000,0.000098,891.395985,869.496432,21.899553,4897257.671410,0.149082,0,1
40,I4_J40,ga_greedy_only,2,1,32,99999.000000,1500000.000000,0.000098,921.448417,911.655475,9.792942,979284.414018,0.066666,0,1
40,I4_J40,ga_greedy_only,2,0,33,0.000000,1500000.000000,0.000078,929.839602,929.839602,0.000000,0.000000,0.000000,0,0
40,I4_J40,ga_greedy_only,2,1,33,0.000000,1500000.000000,0.000078,916.900451,916.900451,0.000000,0.000000,0.000000,0,0
40,I4_J40,ga_greedy_only,2,0,34,0.000000,1500000.000000,0.000060,948.392006,948.392006,0.000000,0.000000,0.000000,0,0
40,I4_J40,ga_greedy_only,2,1,34,0.000000,1500000.000000,0.000060,834.476741,834.476741,0.000000,0.000000,0.000000,0,0
40,I4_J40,ga_greedy_only,2,0,35,100000.000000,1500000.000000,0.000096,876.296932,866.684562,9.612370,961237.000000,0.066667,0,1
40,I4_J40,ga_greedy_only,2,1,35,100000.000000,1500000.000000,0.000096,927.676002,918.063632,9.612370,961237.000000,0.066667,0,1
40,I4_J40,ga_greedy_only,2,0,36,0.000000,1500000.000000,0.000082,800.046882,800.046882,0.000000,0.000000,0.000000,0,0
40,I4_J40,ga_greedy_only,2,1,36,0.000000,1500000.000000,0.000082,902.997596,902.997596,0.000000,0.000000,0.000000,0,0
40,I4_J40,ga_greedy_only,2,0,37,0.000000,1500000.000000,0.000058,942.423821,942.423821,0.000000,0.000000,0.000000,0,0
40,I4_J40,ga_greedy_only,2,1,37,0.000000,1500000.000000,0.000058,914.143104,914.143104,0.000000,0.000000,0.000000,0,0
40,I4_J40,ga_greedy_only,2,0,38,0.000000,1500000.000000,0.000067,992.793864,992.793864,0.000000,0.000000,0.000000,0,0
40,I4_J40,ga_greedy_only,2,1,38,0.000000,1500000.000000,0.000067,973.709568,973.709568,0.000000,0.000000,0.000000,0,0
40,I4_J40,ga_greedy_only,2,0,39,229149.127971,1500000.000000,0.000092,827.049977,806.073734,20.976242,4806687.660894,0.152766,0,1
40,I4_J40,ga_greedy_only,2,1,39,1358648.127122,1500000.000000,0.000092,850.229145,725.858903,124.370242,168975396.311723,0.905765,0,1
40,I4_J40,ga_greedy_only,3,0,0,0.000000,1500000.000000,0.000027,862.655137,862.655137,0.000000,0.000000,0.000000,0,0
40,I4_J40,ga_greedy_only,3,1,0,0.000000,1500000.000000,0.000027,926.999545,926.999545,0.000000,0.000000,0.000000,0,0
40,I4_J40,ga_greedy_only,3,0,1,0.000000,1500000.000000,0.000013,809.027682,809.027682,0.000000,0.000000,0.000000,0,0
40,I4_J40,ga_greedy_only,3,1,1,0.000000,1500000.000000,0.000013,890.173310,890.173310,0.000000,0.000000,0.000000,0,0
40,I4_J40,ga_greedy_only,3,0,2,0.000000,1500000.000000,0.000050,923.901352,923.901352,0.000000,0.000000,0.000000,0,0
40,I4_J40,ga_greedy_only,3,1,2,0.000000,1500000.000000,0.000050,921.584641,921.584641,0.000000,0.000000,0.000000,0,0
40,I4_J40,ga_greedy_only,3,0,3,0.000000,1500000.000000,0.000041,906.078369,906.078369,0.000000,0.000000,0.000000,0,0
40,I4_J40,ga_greedy_only,3,1,3,0.000000,1500000.000000,0.000041,902.216840,902.216840,0.000000,0.000000,0.000000,0,0
40,I4_J40,ga_greedy_only,3,0,4,0.000000,1500000.000000,0.000027,877.099034,877.099034,0.000000,0.000000,0.000000,0,0
40,I4_J40,ga_greedy_only,3,1,4,0.000000,1500000.000000,0.000027,879.055731,879.055731,0.000000,0.000000,0.000000,0,0
40,I4_J40,ga_greedy_only,3,0,5,0.000000,1500000.000000,0.000030,980.058050,980.058050,0.000000,0.000000,0.000000,0,0
40,I4_J40,ga_greedy_only,3,1,5,0.000000,1500000.000000,0.000030,941.096515,941.096515,0.000000,0.000000,0.000000,0,0
40,I4_J40,ga_greedy_only,3,0,6,0.000000,1500000.000000,0.000033,897.130788,897.130788,0.000000,0.000000,0.000000,0,0
40,I4_J40,ga_greedy_only,3,1,6,0.000000,1500000.000000,0.000033,893.248166,893.248166,0.000000,0.000000,0.000000,0,0
40,I4_J40,ga_greedy_only,3,0,7,0.000000,1500000.000000,0.000050,921.652600,921.652600,0.000000,0.000000,0.000000,0,0
40,I4_J40,ga_greedy_only,3,1,7,0.000000,1500000.000000,0.000050,907.039295,907.039295,0.000000,0.000000,0.000000,0,0
40,I4_J40,ga_greedy_only,3,0,8,0.000000,1500000.000000,0.000009,964.597013,964.597013,0.000000,0.000000,0.000000,0,0
40,I4_J40,ga_greedy_only,3,1,8,0.000000,1500000.000000,0.000009,864.525103,864.525103,0.000000,0.000000,0.000000,0,0
40,I4_J40,ga_greedy_only,3,0,9,0.000000,1500000.000000,0.000076,996.559651,996.559651,0.000000,0.000000,0.000000,0,0
40,I4_J40,ga_greedy_only,3,1,9,0.000000,1500000.000000,0.000076,906.757771,906.757771,0.000000,0.000000,0.000000,0,0
40,I4_J40,ga_greedy_only,3,0,10,0.000000,1500000.000000,0.000049,888.146005,888.146005,0.000000,0.000000,0.000000,0,0
40,I4_J40,ga_greedy_only,3,1,10,0.000000,1500000.000000,0.000049,971.283957,971.283957,0.000000,0.000000,0.000000,0,0
40,I4_J40,ga_greedy_only,3,0,11,0.000000,1500000.000000,0.000038,838.189030,838.189030,0.000000,0.000000,0.000000,0,0
40,I4_J40,ga_greedy_only,3,1,11,0.000000,1500000.000000,0.000038,858.504466,858.504466,0.000000,0.000000,0.000000,0,0
40,I4_J40,ga_greedy_only,3,0,12,0.000000,1500000.000000,0.000064,964.873022,964.873022,0.000000,0.000000,0.000000,0,0
40,I4_J40,ga_greedy_only,3,1,12,0.000000,1500000.000000,0.000064,967.958292,967.958292,0.000000,0.000000,0.000000,0,0
40,I4_J40,ga_greedy_only,3,0,13,0.000000,1500000.000000,0.000077,942.604206,942.604206,0.000000,0.000000,0.000000,0,0
40,I4_J40,ga_greedy_only,3,1,13,0.000000,1500000.000000,0.000077,915.347772,915.347772,0.000000,0.000000,0.000000,0,0
40,I4_J40,ga_greedy_only,3,0,14,100000.000000,1500000.000000,0.000051,987.987089,982.905889,5.081200,508120.000000,0.066667,0,1
40,I4_J40,ga_greedy_only,3,1,14,100000.000000,1500000.000000,0.000051,960.342824,955.261624,5.081200,508120.000000,0.066667,0,1
40,I4_J40,ga_greedy_only,3,0,15,237764.677731,1500000.000000,0.000044,868.562596,858.125678,10.436918,2481530.514601,0.158510,0,1
40,I4_J40,ga_greedy_only,3,1,15,0.000000,1500000.000000,0.000044,936.746789,936.746789,0.000000,0.000000,0.000000,0,0
40,I4_J40,ga_greedy_only,3,0,16,100000.000000,1500000.000000,0.000003,853.112955,852.769355,0.343600,34360.000000,0.066667,0,1
40,I4_J40,ga_greedy_only,3,1,16,100000.000000,1500000.000000,0.000003,819.060419,818.716819,0.343600,34360.000000,0.066667,0,1
40,I4_J40,ga_greedy_only,3,0,17,100000.000000,1500000.000000,0.000009,801.213033,800.326133,0.886900,88690.000000,0.066667,0,1
40,I4_J40,ga_greedy_only,3,1,17,100000.000000,1500000.000000,0.000009,839.741882,838.854982,0.886900,88690.000000,0.066667,0,1
40,I4_J40,ga_greedy_only,3,0,18,100000.000000,1500000.000000,0.000042,907.455934,903.296534,4.159400,415940.000000,0.066667,0,1
40,I4_J40,ga_greedy_only,3,1,18,100000.000000,1500000.000000,0.000042,907.070218,902.910818,4.159400,415940.000000,0.066667,0,1
40,I4_J40,ga_greedy_only,3,0,19,100000.000000,1500000.000000,0.000045,941.437216,936.925516,4.511700,451170.000000,0.066667,0,1
40,I4_J40,ga_greedy_only,3,1,19,100001.000000,1500000.000000,0.000045,854.487776,849.976031,4.511745,451179.023445,0.066667,0,1
40,I4_J40,ga_greedy_only,3,0,20,100000.000000,1500000.000000,0.000073,878.820697,871.474247,7.346450,734645.000000,0.066667,0,1
40,I4_J40,ga_greedy_only,3,1,20,100000.000000,1500000.000000,0.000073,994.206555,986.860105,7.346450,734645.000000,0.066667,0,1
40,I4_J40,ga_greedy_only,3,0,21,100000.000000,1500000.000000,0.000052,950.635258,945.396498,5.238760,523876.000000,0.066667,0,1
40,I4_J40,ga_greedy_only,3,1,21,100000.000000,1500000.000000,0.000052,969.615714,964.376954,5.238760,523876.000000,0.066667,0,1
40,I4_J40,ga_greedy_only,3,0,22,100000.000000,1500000.000000,0.000047,869.992876,865.257916,4.734960,473496.000000,0.066667,0,1
40,I4_J40,ga_greedy_only,3,1,22,100001.000000,1500000.000000,0.000047,844.091747,839.356739,4.735007,473505.469967,0.066667,0,1
40,I4_J40,ga_greedy_only,3,0,23,100000.000000,1500000.000000,0.000032,805.492193,802.273043,3.219150,321915.000000,0.066667,0,1
40,I4_J40,ga_greedy_only,3,1,23,100000.000000,1500000.000000,0.000032,942.527275,939.308125,3.219150,321915.000000,0.066667,0,1
40,I4_J40,ga_greedy_only,3,0,24,100000.000000,1500000.000000,0.000081,888.671089,880.539359,8.131730,813173.000000,0.066667,0,1
40,I4_J40,ga_greedy_only,3,1,24,100000.000000,1500000.000000,0.000081,993.586430,985.454700,8.131730,813173.000000,0.066667,0,1
40,I4_J40,ga_greedy_only,3,0,25,100000.000000,1500000.000000,0.000039,998.714445,994.851015,3.863430,386343.000000,0.066667,0,1
40,I4_J40,ga_greedy_only,3,1,25,100000.000000,1500000.000000,0.000039,879.573407,875.709977,3.863430,386343.000000,0.066667,0,1
40,I4_J40,ga_greedy_only,3,0,26,0.000000,1500000.000000,0.000086,911.540900,911.540900,0.000000,0.000000,0.000000,0,0
40,I4_J40,ga_greedy_only,3,1,26,0.000000,1500000.000000,0.000086,870.957551,870.957551,0.000000,0.000000,0.000000,0,0
40,I4_J40,ga_greedy_only,3,0,27,0.000000,1500000.000000,0.000056,800.331752,800.331752,0.000000,0.000000,0.000000,0,0
40,I4_J40,ga_greedy_only,3,1,27,0.000000,1500000.000000,0.000056,945.390584,945.390584,0.000000,0.000000,0.000000,0,0
40,I4_J40,ga_greedy_only,3,0,28,0.000000,1500000.000000,0.000061,813.391385,813.391385,0.000000,0.000000,0.000000,0,0
40,I4_J40,ga_greedy_only,3,1,28,0.000000,1500000.000000,0.000061,937.569803,937.569803,0.000000,0.000000,0.000000,0,0
40,I4_J40,ga_greedy_only,3,0,29,0.000000,1500000.000000,0.000060,970.022282,970.022282,0.000000,0.000000,0.000000,0,0
40,I4_J40,ga_greedy_only,3,1,29,100000.000000,1500000.000000,0.000060,937.879443,931.834633,6.044810,604481.000000,0.066667,0,1
40,I4_J40,ga_greedy_only,3,0,30,317144.240090,1500000.000000,0.000087,870.298012,842.704592,27.593420,8751094.229687,0.211429,0,1
40,I4_J40,ga_greedy_only,3,1,30,0.000000,1500000.000000,0.000087,932.821086,932.821086,0.000000,0.000000,0.000000,0,0
40,I4_J40,ga_greedy_only,3,0,31,0.000000,1500000.000000,0.000022,989.869891,989.869891,0.000000,0.000000,0.000000,0,0
40,I4_J40,ga_greedy_only,3,1,31,0.000000,1500000.000000,0.000022,886.311853,886.311853,0.000000,0.000000,0.000000,0,0
40,I4_J40,ga_greedy_only,3,0,32,0.000000,1500000.000000,0.000098,891.395985,891.395985,0.000000,0.000000,0.000000,0,0
40,I4_J40,ga_greedy_only,3,1,32,0.000000,1500000.000000,0.000098,921.448417,921.448417,0.000000,0.000000,0.000000,0,0
40,I4_J40,ga_greedy_only,3,0,33,0.000000,1500000.000000,0.000078,929.839602,929.839602,0.000000,0.000000,0.000000,0,0
40,I4_J40,ga_greedy_only,3,1,33,0.000000,1500000.000000,0.000078,916.900451,916.900451,0.000000,0.000000,0.000000,0,0
40,I4_J40,ga_greedy_only,3,0,34,0.000000,1500000.000000,0.000060,948.392006,948.392006,0.000000,0.000000,0.000000,0,0
40,I4_J40,ga_greedy_only,3,1,34,0.000000,1500000.000000,0.000060,834.476741,834.476741,0.000000,0.000000,0.000000,0,0
40,I4_J40,ga_greedy_only,3,0,35,100000.000000,1500000.000000,0.000096,876.296932,866.684562,9.612370,961237.000000,0.066667,0,1
40,I4_J40,ga_greedy_only,3,1,35,100000.000000,1500000.000000,0.000096,927.676002,918.063632,9.612370,961237.000000,0.066667,0,1
40,I4_J40,ga_greedy_only,3,0,36,0.000000,1500000.000000,0.000082,800.046882,800.046882,0.000000,0.000000,0.000000,0,0
40,I4_J40,ga_greedy_only,3,1,36,0.000000,1500000.000000,0.000082,902.997596,902.997596,0.000000,0.000000,0.000000,0,0
40,I4_J40,ga_greedy_only,3,0,37,0.000000,1500000.000000,0.000058,942.423821,942.423821,0.000000,0.000000,0.000000,0,0
40,I4_J40,ga_greedy_only,3,1,37,0.000000,1500000.000000,0.000058,914.143104,914.143104,0.000000,0.000000,0.000000,0,0
40,I4_J40,ga_greedy_only,3,0,38,0.000000,1500000.000000,0.000067,992.793864,992.793864,0.000000,0.000000,0.000000,0,0
40,I4_J40,ga_greedy_only,3,1,38,0.000000,1500000.000000,0.000067,973.709568,973.709568,0.000000,0.000000,0.000000,0,0
40,I4_J40,ga_greedy_only,3,0,39,234017.160496,1500000.000000,0.000092,827.049977,805.628116,21.421861,5013083.005740,0.156011,0,1
40,I4_J40,ga_greedy_only,3,1,39,1832522.864087,1500000.000000,0.000092,850.229145,712.919595,137.309550,251622889.832434,1.221682,1,1
40,I4_J40,ga_greedy_only,4,0,0,0.000000,1500000.000000,0.000027,862.655137,862.655137,0.000000,0.000000,0.000000,0,0
40,I4_J40,ga_greedy_only,4,1,0,0.000000,1500000.000000,0.000027,926.999545,926.999545,0.000000,0.000000,0.000000,0,0
40,I4_J40,ga_greedy_only,4,0,1,0.000000,1500000.000000,0.000013,809.027682,809.027682,0.000000,0.000000,0.000000,0,0
40,I4_J40,ga_greedy_only,4,1,1,0.000000,1500000.000000,0.000013,890.173310,890.173310,0.000000,0.000000,0.000000,0,0
40,I4_J40,ga_greedy_only,4,0,2,0.000000,1500000.000000,0.000050,923.901352,923.901352,0.000000,0.000000,0.000000,0,0
40,I4_J40,ga_greedy_only,4,1,2,0.000000,1500000.000000,0.000050,921.584641,921.584641,0.000000,0.000000,0.000000,0,0
40,I4_J40,ga_greedy_only,4,0,3,99999.000000,1500000.000000,0.000041,906.078369,901.988110,4.090259,409021.819441,0.066666,0,1
40,I4_J40,ga_greedy_only,4,1,3,0.000000,1500000.000000,0.000041,902.216840,902.216840,0.000000,0.000000,0.000000,0,0
40,I4_J40,ga_greedy_only,4,0,4,0.000000,1500000.000000,0.000027,877.099034,877.099034,0.000000,0.000000,0.000000,0,0
40,I4_J40,ga_greedy_only,4,1,4,100000.000000,1500000.000000,0.000027,879.055731,876.372531,2.683200,268320.000000,0.066667,0,1
40,I4_J40,ga_greedy_only,4,0,5,0.000000,1500000.000000,0.000030,980.058050,980.058050,0.000000,0.000000,0.000000,0,0
40,I4_J40,ga_greedy_only,4,1,5,0.000000,1500000.000000,0.000030,941.096515,941.096515,0.000000,0.000000,0.000000,0,0
40,I4_J40,ga_greedy_only,4,0,6,0.000000,1500000.000000,0.000033,897.130788,897.130788,0.000000,0.000000,0.000000,0,0
40,I4_J40,ga_greedy_only,4,1,6,0.000000,1500000.000000,0.000033,893.248166,893.248166,0.000000,0.000000,0.000000,0,0
40,I4_J40,ga_greedy_only,4,0,7,0.000000,1500000.000000,0.000050,921.652600,921.652600,0.000000,0.000000,0.000000,0,0
40,I4_J40,ga_greedy_only,4,1,7,0.000000,1500000.000000,0.000050,907.039295,907.039295,0.000000,0.000000,0.000000,0,0
40,I4_J40,ga_greedy_only,4,0,8,0.000000,1500000.000000,0.000009,964.597013,964.597013,0.000000,0.000000,0.000000,0,0
40,I4_J40,ga_greedy_only,4,1,8,100000.000000,1500000.000000,0.000009,864.525103,863.673303,0.851800,85180.000000,0.066667,0,1
40,I4_J40,ga_greedy_only,4,0,9,0.000000,1500000.000000,0.000076,996.559651,996.559651,0.000000,0.000000,0.000000,0,0
40,I4_J40,ga_greedy_only,4,1,9,0.000000,1500000.000000,0.000076,906.757771,906.757771,0.000000,0.000000,0.000000,0,0
40,I4_J40,ga_greedy_only,4,0,10,0.000000,1500000.000000,0.000049,888.146005,888.146005,0.000000,0.000000,0.000000,0,0
40,I4_J40,ga_greedy_only,4,1,10,0.000000,1500000.000000,0.000049,971.283957,971.283957,0.000000,0.000000,0.000000,0,0
40,I4_J40,ga_greedy_only,4,0,11,0.000000,1500000.000000,0.000038,838.189030,838.189030,0.000000,0.000000,0.000000,0,0
40,I4_J40,ga_greedy_only,4,1,11,0.000000,1500000.000000,0.000038,858.504466,858.504466,0.000000,0.000000,0.000000,0,0
40,I4_J40,ga_greedy_only,4,0,12,0.000000,1500000.000000,0.000064,964.873022,964.873022,0.000000,0.000000,0.000000,0,0
40,I4_J40,ga_greedy_only,4,1,12,0.000000,1500000.000000,0.000064,967.958292,967.958292,0.000000,0.000000,0.000000,0,0
40,I4_J40,ga_greedy_only,4,0,13,0.000000,1500000.000000,0.000077,942.604206,942.604206,0.000000,0.000000,0.000000,0,0
40,I4_J40,ga_greedy_only,4,1,13,0.000000,1500000.000000,0.000077,915.347772,915.347772,0.000000,0.000000,0.000000,0,0
40,I4_J40,ga_greedy_only,4,0,14,99999.000000,1500000.000000,0.000051,987.987089,982.905940,5.081149,508109.837651,0.066666,0,1
40,I4_J40,ga_greedy_only,4,1,14,100000.000000,1500000.000000,0.000051,960.342824,955.261624,5.081200,508120.000000,0.066667,0,1
40,I4_J40,ga_greedy_only,4,0,15,204574.302406,1500000.000000,0.000044,868.562596,859.582603,8.979994,1837075.921909,0.136383,0,1
40,I4_J40,ga_greedy_only,4,1,15,0.000000,1500000.000000,0.000044,936.746789,936.746789,0.000000,0.000000,0.000000,0,0
40,I4_J40,ga_greedy_only,4,0,16,100000.000000,1500000.000000,0.000003,853.112955,852.769355,0.343600,34360.000000,0.066667,0,1
40,I4_J40,ga_greedy_only,4,1,16,100000.000000,1500000.000000,0.000003,819.060419,818.716819,0.343600,34360.000000,0.066667,0,1
40,I4_J40,ga_greedy_only,4,0,17,100000.000000,1500000.000000,0.000009,801.213033,800.326133,0.886900,88690.000000,0.066667,0,1
40,I4_J40,ga_greedy_only,4,1,17,100000.000000,1500000.000000,0.000009,839.741882,838.854982,0.886900,88690.000000,0.066667,0,1
40,I4_J40,ga_greedy_only,4,0,18,100000.000000,1500000.000000,0.000042,907.455934,903.296534,4.159400,415940.000000,0.066667,0,1
40,I4_J40,ga_greedy_only,4,1,18,100000.000000,1500000.000000,0.000042,907.070218,902.910818,4.159400,415940.000000,0.066667,0,1
40,I4_J40,ga_greedy_only,4,0,19,100000.000000,1500000.000000,0.000045,941.437216,936.925516,4.511700,451170.000000,0.066667,0,1
40,I4_J40,ga_greedy_only,4,1,19,116971.201775,1500000.000000,0.000045,854.487776,849.210386,5.277390,617302.616670,0.077981,0,1
40,I4_J40,ga_greedy_only,4,0,20,100000.000000,1500000.000000,0.000073,878.820697,871.474247,7.346450,734645.000000,0.066667,0,1
40,I4_J40,ga_greedy_only,4,1,20,100000.000000,1500000.000000,0.000073,994.206555,986.860105,7.346450,734645.000000,0.066667,0,1
40,I4_J40,ga_greedy_only,4,0,21,100000.000000,1500000.000000,0.000052,950.635258,945.396498,5.238760,523876.000000,0.066667,0,1
40,I4_J40,ga_greedy_only,4,1,21,100000.000000,1500000.000000,0.000052,969.615714,964.376954,5.238760,523876.000000,0.066667,0,1
40,I4_J40,ga_greedy_only,4,0,22,100000.000000,1500000.000000,0.000047,869.992876,865.257916,4.734960,473496.000000,0.066667,0,1
40,I4_J40,ga_greedy_only,4,1,22,100000.000000,1500000.000000,0.000047,844.091747,839.356787,4.734960,473496.000000,0.066667,0,1
40,I4_J40,ga_greedy_only,4,0,23,100000.000000,1500000.000000,0.000032,805.492193,802.273043,3.219150,321915.000000,0.066667,0,1
40,I4_J40,ga_greedy_only,4,1,23,100000.000000,1500000.000000,0.000032,942.527275,939.308125,3.219150,321915.000000,0.066667,0,1
40,I4_J40,ga_greedy_only,4,0,24,100000.000000,1500000.000000,0.000081,888.671089,880.539359,8.131730,813173.000000,0.066667,0,1
40,I4_J40,ga_greedy_only,4,1,24,100000.000000,1500000.000000,0.000081,993.586430,985.454700,8.131730,813173.000000,0.066667,0,1
40,I4_J40,ga_greedy_only,4,0,25,100000.000000,1500000.000000,0.000039,998.714445,994.851015,3.863430,386343.000000,0.066667,0,1
40,I4_J40,ga_greedy_only,4,1,25,100000.000000,1500000.000000,0.000039,879.573407,875.709977,3.863430,386343.000000,0.066667,0,1
40,I4_J40,ga_greedy_only,4,0,26,0.000000,1500000.000000,0.000086,911.540900,911.540900,0.000000,0.000000,0.000000,0,0
40,I4_J40,ga_greedy_only,4,1,26,0.000000,1500000.000000,0.000086,870.957551,870.957551,0.000000,0.000000,0.000000,0,0
40,I4_J40,ga_greedy_only,4,0,27,0.000000,1500000.000000,0.000056,800.331752,800.331752,0.000000,0.000000,0.000000,0,0
40,I4_J40,ga_greedy_only,4,1,27,0.000000,1500000.000000,0.000056,945.390584,945.390584,0.000000,0.000000,0.000000,0,0
40,I4_J40,ga_greedy_only,4,0,28,0.000000,1500000.000000,0.000061,813.391385,813.391385,0.000000,0.000000,0.000000,0,0
40,I4_J40,ga_greedy_only,4,1,28,0.000000,1500000.000000,0.000061,937.569803,937.569803,0.000000,0.000000,0.000000,0,0
40,I4_J40,ga_greedy_only,4,0,29,100000.000000,1500000.000000,0.000060,970.022282,963.977472,6.044810,604481.000000,0.066667,0,1
40,I4_J40,ga_greedy_only,4,1,29,0.000000,1500000.000000,0.000060,937.879443,937.879443,0.000000,0.000000,0.000000,0,0
40,I4_J40,ga_greedy_only,4,0,30,0.000000,1500000.000000,0.000087,870.298012,870.298012,0.000000,0.000000,0.000000,0,0
40,I4_J40,ga_greedy_only,4,1,30,327296.816142,1500000.000000,0.000087,932.821086,904.344332,28.476754,9320350.936418,0.218198,0,1
40,I4_J40,ga_greedy_only,4,0,31,0.000000,1500000.000000,0.000022,989.869891,989.869891,0.000000,0.000000,0.000000,0,0
40,I4_J40,ga_greedy_only,4,1,31,0.000000,1500000.000000,0.000022,886.311853,886.311853,0.000000,0.000000,0.000000,0,0
40,I4_J40,ga_greedy_only,4,0,32,0.000000,1500000.000000,0.000098,891.395985,891.395985,0.000000,0.000000,0.000000,0,0
40,I4_J40,ga_greedy_only,4,1,32,0.000000,1500000.000000,0.000098,921.448417,921.448417,0.000000,0.000000,0.000000,0,0
40,I4_J40,ga_greedy_only,4,0,33,0.000000,1500000.000000,0.000078,929.839602,929.839602,0.000000,0.000000,0.000000,0,0
40,I4_J40,ga_greedy_only,4,1,33,0.000000,1500000.000000,0.000078,916.900451,916.900451,0.000000,0.000000,0.000000,0,0
40,I4_J40,ga_greedy_only,4,0,34,0.000000,1500000.000000,0.000060,948.392006,948.392006,0.000000,0.000000,0.000000,0,0
40,I4_J40,ga_greedy_only,4,1,34,0.000000,1500000.000000,0.000060,834.476741,834.476741,0.000000,0.000000,0.000000,0,0
40,I4_J40,ga_greedy_only,4,0,35,100000.000000,1500000.000000,0.000096,876.296932,866.684562,9.612370,961237.000000,0.066667,0,1
40,I4_J40,ga_greedy_only,4,1,35,100000.000000,1500000.000000,0.000096,927.676002,918.063632,9.612370,961237.000000,0.066667,0,1
40,I4_J40,ga_greedy_only,4,0,36,0.000000,1500000.000000,0.000082,800.046882,800.046882,0.000000,0.000000,0.000000,0,0
40,I4_J40,ga_greedy_only,4,1,36,0.000000,1500000.000000,0.000082,902.997596,902.997596,0.000000,0.000000,0.000000,0,0
40,I4_J40,ga_greedy_only,4,0,37,0.000000,1500000.000000,0.000058,942.423821,942.423821,0.000000,0.000000,0.000000,0,0
40,I4_J40,ga_greedy_only,4,1,37,0.000000,1500000.000000,0.000058,914.143104,914.143104,0.000000,0.000000,0.000000,0,0
40,I4_J40,ga_greedy_only,4,0,38,0.000000,1500000.000000,0.000067,992.793864,992.793864,0.000000,0.000000,0.000000,0,0
40,I4_J40,ga_greedy_only,4,1,38,0.000000,1500000.000000,0.000067,973.709568,973.709568,0.000000,0.000000,0.000000,0,0
40,I4_J40,ga_greedy_only,4,0,39,315827.510524,1500000.000000,0.000092,827.049977,798.139221,28.910756,9130811.957485,0.210552,0,1
40,I4_J40,ga_greedy_only,4,1,39,1358378.931089,1500000.000000,0.000092,850.229145,725.883546,124.345600,168908442.993919,0.905586,0,1
45,I4_J45,manual,-1,0,0,0.000000,1500000.000000,0.000027,862.655137,862.655137,0.000000,0.000000,0.000000,0,0
45,I4_J45,manual,-1,1,0,0.000000,1500000.000000,0.000027,926.999545,926.999545,0.000000,0.000000,0.000000,0,0
45,I4_J45,manual,-1,0,1,0.000000,1500000.000000,0.000013,809.027682,809.027682,0.000000,0.000000,0.000000,0,0
45,I4_J45,manual,-1,1,1,0.000000,1500000.000000,0.000013,890.173310,890.173310,0.000000,0.000000,0.000000,0,0
45,I4_J45,manual,-1,0,2,0.000000,1500000.000000,0.000050,923.901352,923.901352,0.000000,0.000000,0.000000,0,0
45,I4_J45,manual,-1,1,2,0.000000,1500000.000000,0.000050,921.584641,921.584641,0.000000,0.000000,0.000000,0,0
45,I4_J45,manual,-1,0,3,0.000000,1500000.000000,0.000041,906.078369,906.078369,0.000000,0.000000,0.000000,0,0
45,I4_J45,manual,-1,1,3,0.000000,1500000.000000,0.000041,902.216840,902.216840,0.000000,0.000000,0.000000,0,0
45,I4_J45,manual,-1,0,4,0.000000,1500000.000000,0.000027,877.099034,877.099034,0.000000,0.000000,0.000000,0,0
45,I4_J45,manual,-1,1,4,0.000000,1500000.000000,0.000027,879.055731,879.055731,0.000000,0.000000,0.000000,0,0
45,I4_J45,manual,-1,0,5,0.000000,1500000.000000,0.000030,980.058050,980.058050,0.000000,0.000000,0.000000,0,0
45,I4_J45,manual,-1,1,5,0.000000,1500000.000000,0.000030,941.096515,941.096515,0.000000,0.000000,0.000000,0,0
45,I4_J45,manual,-1,0,6,0.000000,1500000.000000,0.000033,897.130788,897.130788,0.000000,0.000000,0.000000,0,0
45,I4_J45,manual,-1,1,6,0.000000,1500000.000000,0.000033,893.248166,893.248166,0.000000,0.000000,0.000000,0,0
45,I4_J45,manual,-1,0,7,0.000000,1500000.000000,0.000050,921.652600,921.652600,0.000000,0.000000,0.000000,0,0
45,I4_J45,manual,-1,1,7,0.000000,1500000.000000,0.000050,907.039295,907.039295,0.000000,0.000000,0.000000,0,0
45,I4_J45,manual,-1,0,8,0.000000,1500000.000000,0.000009,964.597013,964.597013,0.000000,0.000000,0.000000,0,0
45,I4_J45,manual,-1,1,8,0.000000,1500000.000000,0.000009,864.525103,864.525103,0.000000,0.000000,0.000000,0,0
45,I4_J45,manual,-1,0,9,0.000000,1500000.000000,0.000076,996.559651,996.559651,0.000000,0.000000,0.000000,0,0
45,I4_J45,manual,-1,1,9,0.000000,1500000.000000,0.000076,906.757771,906.757771,0.000000,0.000000,0.000000,0,0
45,I4_J45,manual,-1,0,10,0.000000,1500000.000000,0.000049,888.146005,888.146005,0.000000,0.000000,0.000000,0,0
45,I4_J45,manual,-1,1,10,0.000000,1500000.000000,0.000049,971.283957,971.283957,0.000000,0.000000,0.000000,0,0
45,I4_J45,manual,-1,0,11,0.000000,1500000.000000,0.000038,838.189030,838.189030,0.000000,0.000000,0.000000,0,0
45,I4_J45,manual,-1,1,11,0.000000,1500000.000000,0.000038,858.504466,858.504466,0.000000,0.000000,0.000000,0,0
45,I4_J45,manual,-1,0,12,0.000000,1500000.000000,0.000064,964.873022,964.873022,0.000000,0.000000,0.000000,0,0
45,I4_J45,manual,-1,1,12,0.000000,1500000.000000,0.000064,967.958292,967.958292,0.000000,0.000000,0.000000,0,0
45,I4_J45,manual,-1,0,13,0.000000,1500000.000000,0.000077,942.604206,942.604206,0.000000,0.000000,0.000000,0,0
45,I4_J45,manual,-1,1,13,0.000000,1500000.000000,0.000077,915.347772,915.347772,0.000000,0.000000,0.000000,0,0
45,I4_J45,manual,-1,0,14,100000.000000,1500000.000000,0.000051,987.987089,982.905889,5.081200,508120.000000,0.066667,0,1
45,I4_J45,manual,-1,1,14,100000.000000,1500000.000000,0.000051,960.342824,955.261624,5.081200,508120.000000,0.066667,0,1
45,I4_J45,manual,-1,0,15,363936.923006,1500000.000000,0.000044,868.562596,852.587221,15.975375,5814028.884064,0.242625,0,1
45,I4_J45,manual,-1,1,15,100000.000000,1500000.000000,0.000044,936.746789,932.357189,4.389600,438960.000000,0.066667,0,1
45,I4_J45,manual,-1,0,16,100000.000000,1500000.000000,0.000003,853.112955,852.769355,0.343600,34360.000000,0.066667,0,1
45,I4_J45,manual,-1,1,16,100000.000000,1500000.000000,0.000003,819.060419,818.716819,0.343600,34360.000000,0.066667,0,1
45,I4_J45,manual,-1,0,17,100000.000000,1500000.000000,0.000009,801.213033,800.326133,0.886900,88690.000000,0.066667,0,1
45,I4_J45,manual,-1,1,17,100000.000000,1500000.000000,0.000009,839.741882,838.854982,0.886900,88690.000000,0.066667,0,1
45,I4_J45,manual,-1,0,18,100000.000000,1500000.000000,0.000042,907.455934,903.296534,4.159400,415940.000000,0.066667,0,1
45,I4_J45,manual,-1,1,18,100000.000000,1500000.000000,0.000042,907.070218,902.910818,4.159400,415940.000000,0.066667,0,1
45,I4_J45,manual,-1,0,19,100000.000000,1500000.000000,0.000045,941.437216,936.925516,4.511700,451170.000000,0.066667,0,1
45,I4_J45,manual,-1,1,19,100000.000000,1500000.000000,0.000045,854.487776,849.976076,4.511700,451170.000000,0.066667,0,1
45,I4_J45,manual,-1,0,20,100000.000000,1500000.000000,0.000073,878.820697,871.474247,7.346450,734645.000000,0.066667,0,1
45,I4_J45,manual,-1,1,20,100000.000000,1500000.000000,0.000073,994.206555,986.860105,7.346450,734645.000000,0.066667,0,1
45,I4_J45,manual,-1,0,21,100000.000000,1500000.000000,0.000052,950.635258,945.396498,5.238760,523876.000000,0.066667,0,1
45,I4_J45,manual,-1,1,21,100000.000000,1500000.000000,0.000052,969.615714,964.376954,5.238760,523876.000000,0.066667,0,1
45,I4_J45,manual,-1,0,22,100000.000000,1500000.000000,0.000047,869.992876,865.257916,4.734960,473496.000000,0.066667,0,1
45,I4_J45,manual,-1,1,22,100000.000000,1500000.000000,0.000047,844.091747,839.356787,4.734960,473496.000000,0.066667,0,1
45,I4_J45,manual,-1,0,23,100000.000000,1500000.000000,0.000032,805.492193,802.273043,3.219150,321915.000000,0.066667,0,1
45,I4_J45,manual,-1,1,23,100000.000000,1500000.000000,0.000032,942.527275,939.308125,3.219150,321915.000000,0.066667,0,1
45,I4_J45,manual,-1,0,24,100000.000000,1500000.000000,0.000081,888.671089,880.539359,8.131730,813173.000000,0.066667,0,1
45,I4_J45,manual,-1,1,24,100000.000000,1500000.000000,0.000081,993.586430,985.454700,8.131730,813173.000000,0.066667,0,1
45,I4_J45,manual,-1,0,25,100000.000000,1500000.000000,0.000039,998.714445,994.851015,3.863430,386343.000000,0.066667,0,1
45,I4_J45,manual,-1,1,25,100000.000000,1500000.000000,0.000039,879.573407,875.709977,3.863430,386343.000000,0.066667,0,1
45,I4_J45,manual,-1,0,26,0.000000,1500000.000000,0.000086,911.540900,911.540900,0.000000,0.000000,0.000000,0,0
45,I4_J45,manual,-1,1,26,0.000000,1500000.000000,0.000086,870.957551,870.957551,0.000000,0.000000,0.000000,0,0
45,I4_J45,manual,-1,0,27,0.000000,1500000.000000,0.000056,800.331752,800.331752,0.000000,0.000000,0.000000,0,0
45,I4_J45,manual,-1,1,27,0.000000,1500000.000000,0.000056,945.390584,945.390584,0.000000,0.000000,0.000000,0,0
45,I4_J45,manual,-1,0,28,0.000000,1500000.000000,0.000061,813.391385,813.391385,0.000000,0.000000,0.000000,0,0
45,I4_J45,manual,-1,1,28,0.000000,1500000.000000,0.000061,937.569803,937.569803,0.000000,0.000000,0.000000,0,0
45,I4_J45,manual,-1,0,29,0.000000,1500000.000000,0.000060,970.022282,970.022282,0.000000,0.000000,0.000000,0,0
45,I4_J45,manual,-1,1,29,333172.528681,1500000.000000,0.000060,937.879443,917.739796,20.139646,6709976.894841,0.222115,0,1
45,I4_J45,manual,-1,0,30,100000.000000,1500000.000000,0.000087,870.298012,861.597422,8.700590,870059.000000,0.066667,0,1
45,I4_J45,manual,-1,1,30,100000.000000,1500000.000000,0.000087,932.821086,924.120496,8.700590,870059.000000,0.066667,0,1
45,I4_J45,manual,-1,0,31,0.000000,1500000.000000,0.000022,989.869891,989.869891,0.000000,0.000000,0.000000,0,0
45,I4_J45,manual,-1,1,31,0.000000,1500000.000000,0.000022,886.311853,886.311853,0.000000,0.000000,0.000000,0,0
45,I4_J45,manual,-1,0,32,0.000000,1500000.000000,0.000098,891.395985,891.395985,0.000000,0.000000,0.000000,0,0
45,I4_J45,manual,-1,1,32,0.000000,1500000.000000,0.000098,921.448417,921.448417,0.000000,0.000000,0.000000,0,0
45,I4_J45,manual,-1,0,33,0.000000,1500000.000000,0.000078,929.839602,929.839602,0.000000,0.000000,0.000000,0,0
45,I4_J45,manual,-1,1,33,0.000000,1500000.000000,0.000078,916.900451,916.900451,0.000000,0.000000,0.000000,0,0
45,I4_J45,manual,-1,0,34,0.000000,1500000.000000,0.000060,948.392006,948.392006,0.000000,0.000000,0.000000,0,0
45,I4_J45,manual,-1,1,34,0.000000,1500000.000000,0.000060,834.476741,834.476741,0.000000,0.000000,0.000000,0,0
45,I4_J45,manual,-1,0,35,100000.000000,1500000.000000,0.000096,876.296932,866.684562,9.612370,961237.000000,0.066667,0,1
45,I4_J45,manual,-1,1,35,100000.000000,1500000.000000,0.000096,927.676002,918.063632,9.612370,961237.000000,0.066667,0,1
45,I4_J45,manual,-1,0,36,0.000000,1500000.000000,0.000082,800.046882,800.046882,0.000000,0.000000,0.000000,0,0
45,I4_J45,manual,-1,1,36,0.000000,1500000.000000,0.000082,902.997596,902.997596,0.000000,0.000000,0.000000,0,0
45,I4_J45,manual,-1,0,37,0.000000,1500000.000000,0.000058,942.423821,942.423821,0.000000,0.000000,0.000000,0,0
45,I4_J45,manual,-1,1,37,0.000000,1500000.000000,0.000058,914.143104,914.143104,0.000000,0.000000,0.000000,0,0
45,I4_J45,manual,-1,0,38,0.000000,1500000.000000,0.000067,992.793864,992.793864,0.000000,0.000000,0.000000,0,0
45,I4_J45,manual,-1,1,38,0.000000,1500000.000000,0.000067,973.709568,973.709568,0.000000,0.000000,0.000000,0,0
45,I4_J45,manual,-1,0,39,369724.553212,1500000.000000,0.000092,827.049977,793.205502,33.844475,12513133.281082,0.246483,0,1
45,I4_J45,manual,-1,1,39,1553711.826536,1500000.000000,0.000092,850.229145,712.919595,137.309550,213339471.731338,1.035808,1,1
45,I4_J45,manual,-1,0,40,100000.000000,1500000.000000,0.000095,840.158468,830.689258,9.469210,946921.000000,0.066667,0,1
45,I4_J45,manual,-1,1,40,100000.000000,1500000.000000,0.000095,842.872771,833.403561,9.469210,946921.000000,0.066667,0,1
45,I4_J45,manual,-1,0,41,0.000000,1500000.000000,0.000066,903.776478,903.776478,0.000000,0.000000,0.000000,0,0
45,I4_J45,manual,-1,1,41,0.000000,1500000.000000,0.000066,920.814578,920.814578,0.000000,0.000000,0.000000,0,0
45,I4_J45,manual,-1,0,42,0.000000,1500000.000000,0.000033,971.248581,971.248581,0.000000,0.000000,0.000000,0,0
45,I4_J45,manual,-1,1,42,0.000000,1500000.000000,0.000033,881.599606,881.599606,0.000000,0.000000,0.000000,0,0
45,I4_J45,manual,-1,0,43,0.000000,1500000.000000,0.000090,803.070413,803.070413,0.000000,0.000000,0.000000,0,0
45,I4_J45,manual,-1,1,43,0.000000,1500000.000000,0.000090,938.240131,938.240131,0.000000,0.000000,0.000000,0,0
45,I4_J45,manual,-1,0,44,0.000000,1500000.000000,0.000094,859.667473,859.667473,0.000000,0.000000,0.000000,0,0
45,I4_J45,manual,-1,1,44,0.000000,1500000.000000,0.000094,927.548132,927.548132,0.000000,0.000000,0.000000,0,0
45,I4_J45,ga_greedy_only,0,0,0,0.000000,1500000.000000,0.000027,862.655137,862.655137,0.000000,0.000000,0.000000,0,0
45,I4_J45,ga_greedy_only,0,1,0,0.000000,1500000.000000,0.000027,926.999545,926.999545,0.000000,0.000000,0.000000,0,0
45,I4_J45,ga_greedy_only,0,0,1,100000.000000,1500000.000000,0.000013,809.027682,807.761982,1.265700,126570.000000,0.066667,0,1
45,I4_J45,ga_greedy_only,0,1,1,0.000000,1500000.000000,0.000013,890.173310,890.173310,0.000000,0.000000,0.000000,0,0
45,I4_J45,ga_greedy_only,0,0,2,0.000000,1500000.000000,0.000050,923.901352,923.901352,0.000000,0.000000,0.000000,0,0
45,I4_J45,ga_greedy_only,0,1,2,0.000000,1500000.000000,0.000050,921.584641,921.584641,0.000000,0.000000,0.000000,0,0
45,I4_J45,ga_greedy_only,0,0,3,0.000000,1500000.000000,0.000041,906.078369,906.078369,0.000000,0.000000,0.000000,0,0
45,I4_J45,ga_greedy_only,0,1,3,0.000000,1500000.000000,0.000041,902.216840,902.216840,0.000000,0.000000,0.000000,0,0
45,I4_J45,ga_greedy_only,0,0,4,0.000000,1500000.000000,0.000027,877.099034,877.099034,0.000000,0.000000,0.000000,0,0
45,I4_J45,ga_greedy_only,0,1,4,0.000000,1500000.000000,0.000027,879.055731,879.055731,0.000000,0.000000,0.000000,0,0
45,I4_J45,ga_greedy_only,0,0,5,0.000000,1500000.000000,0.000030,980.058050,980.058050,0.000000,0.000000,0.000000,0,0
45,I4_J45,ga_greedy_only,0,1,5,0.000000,1500000.000000,0.000030,941.096515,941.096515,0.000000,0.000000,0.000000,0,0
45,I4_J45,ga_greedy_only,0,0,6,0.000000,1500000.000000,0.000033,897.130788,897.130788,0.000000,0.000000,0.000000,0,0
45,I4_J45,ga_greedy_only,0,1,6,0.000000,1500000.000000,0.000033,893.248166,893.248166,0.000000,0.000000,0.000000,0,0
45,I4_J45,ga_greedy_only,0,0,7,0.000000,1500000.000000,0.000050,921.652600,921.652600,0.000000,0.000000,0.000000,0,0
45,I4_J45,ga_greedy_only,0,1,7,0.000000,1500000.000000,0.000050,907.039295,907.039295,0.000000,0.000000,0.000000,0,0
45,I4_J45,ga_greedy_only,0,0,8,0.000000,1500000.000000,0.000009,964.597013,964.597013,0.000000,0.000000,0.000000,0,0
45,I4_J45,ga_greedy_only,0,1,8,0.000000,1500000.000000,0.000009,864.525103,864.525103,0.000000,0.000000,0.000000,0,0
45,I4_J45,ga_greedy_only,0,0,9,0.000000,1500000.000000,0.000076,996.559651,996.559651,0.000000,0.000000,0.000000,0,0
45,I4_J45,ga_greedy_only,0,1,9,0.000000,1500000.000000,0.000076,906.757771,906.757771,0.000000,0.000000,0.000000,0,0
45,I4_J45,ga_greedy_only,0,0,10,0.000000,1500000.000000,0.000049,888.146005,888.146005,0.000000,0.000000,0.000000,0,0
45,I4_J45,ga_greedy_only,0,1,10,0.000000,1500000.000000,0.000049,971.283957,971.283957,0.000000,0.000000,0.000000,0,0
45,I4_J45,ga_greedy_only,0,0,11,0.000000,1500000.000000,0.000038,838.189030,838.189030,0.000000,0.000000,0.000000,0,0
45,I4_J45,ga_greedy_only,0,1,11,0.000000,1500000.000000,0.000038,858.504466,858.504466,0.000000,0.000000,0.000000,0,0
45,I4_J45,ga_greedy_only,0,0,12,0.000000,1500000.000000,0.000064,964.873022,964.873022,0.000000,0.000000,0.000000,0,0
45,I4_J45,ga_greedy_only,0,1,12,0.000000,1500000.000000,0.000064,967.958292,967.958292,0.000000,0.000000,0.000000,0,0
45,I4_J45,ga_greedy_only,0,0,13,0.000000,1500000.000000,0.000077,942.604206,942.604206,0.000000,0.000000,0.000000,0,0
45,I4_J45,ga_greedy_only,0,1,13,0.000000,1500000.000000,0.000077,915.347772,915.347772,0.000000,0.000000,0.000000,0,0
45,I4_J45,ga_greedy_only,0,0,14,100000.000000,1500000.000000,0.000051,987.987089,982.905889,5.081200,508120.000000,0.066667,0,1
45,I4_J45,ga_greedy_only,0,1,14,100000.000000,1500000.000000,0.000051,960.342824,955.261624,5.081200,508120.000000,0.066667,0,1
45,I4_J45,ga_greedy_only,0,0,15,100000.000000,1500000.000000,0.000044,868.562596,864.172996,4.389600,438960.000000,0.066667,0,1
45,I4_J45,ga_greedy_only,0,1,15,120676.443402,1500000.000000,0.000044,936.746789,931.449575,5.297213,639248.844042,0.080451,0,1
45,I4_J45,ga_greedy_only,0,0,16,100000.000000,1500000.000000,0.000003,853.112955,852.769355,0.343600,34360.000000,0.066667,0,1
45,I4_J45,ga_greedy_only,0,1,16,100000.000000,1500000.000000,0.000003,819.060419,818.716819,0.343600,34360.000000,0.066667,0,1
45,I4_J45,ga_greedy_only,0,0,17,100000.000000,1500000.000000,0.000009,801.213033,800.326133,0.886900,88690.000000,0.066667,0,1
45,I4_J45,ga_greedy_only,0,1,17,100000.000000,1500000.000000,0.000009,839.741882,838.854982,0.886900,88690.000000,0.066667,0,1
45,I4_J45,ga_greedy_only,0,0,18,100000.000000,1500000.000000,0.000042,907.455934,903.296534,4.159400,415940.000000,0.066667,0,1
45,I4_J45,ga_greedy_only,0,1,18,100000.000000,1500000.000000,0.000042,907.070218,902.910818,4.159400,415940.000000,0.066667,0,1
45,I4_J45,ga_greedy_only,0,0,19,100000.000000,1500000.000000,0.000045,941.437216,936.925516,4.511700,451170.000000,0.066667,0,1
45,I4_J45,ga_greedy_only,0,1,19,100000.000000,1500000.000000,0.000045,854.487776,849.976076,4.511700,451170.000000,0.066667,0,1
45,I4_J45,ga_greedy_only,0,0,20,99999.000000,1500000.000000,0.000073,878.820697,871.474320,7.346377,734630.307173,0.066666,0,1
45,I4_J45,ga_greedy_only,0,1,20,100000.000000,1500000.000000,0.000073,994.206555,986.860105,7.346450,734645.000000,0.066667,0,1
45,I4_J45,ga_greedy_only,0,0,21,100000.000000,1500000.000000,0.000052,950.635258,945.396498,5.238760,523876.000000,0.066667,0,1
45,I4_J45,ga_greedy_only,0,1,21,100000.000000,1500000.000000,0.000052,969.615714,964.376954,5.238760,523876.000000,0.066667,0,1
45,I4_J45,ga_greedy_only,0,0,22,100000.000000,1500000.000000,0.000047,869.992876,865.257916,4.734960,473496.000000,0.066667,0,1
45,I4_J45,ga_greedy_only,0,1,22,100000.000000,1500000.000000,0.000047,844.091747,839.356787,4.734960,473496.000000,0.066667,0,1
45,I4_J45,ga_greedy_only,0,0,23,213778.062834,1500000.000000,0.000032,805.492193,798.610356,6.881837,1471185.677790,0.142519,0,1
45,I4_J45,ga_greedy_only,0,1,23,0.000000,1500000.000000,0.000032,942.527275,942.527275,0.000000,0.000000,0.000000,0,0
45,I4_J45,ga_greedy_only,0,0,24,100000.000000,1500000.000000,0.000081,888.671089,880.539359,8.131730,813173.000000,0.066667,0,1
45,I4_J45,ga_greedy_only,0,1,24,100000.000000,1500000.000000,0.000081,993.586430,985.454700,8.131730,813173.000000,0.066667,0,1
45,I4_J45,ga_greedy_only,0,0,25,99999.000000,1500000.000000,0.000039,998.714445,994.851054,3.863391,386335.273179,0.066666,0,1
45,I4_J45,ga_greedy_only,0,1,25,100000.000000,1500000.000000,0.000039,879.573407,875.709977,3.863430,386343.000000,0.066667,0,1
45,I4_J45,ga_greedy_only,0,0,26,0.000000,1500000.000000,0.000086,911.540900,911.540900,0.000000,0.000000,0.000000,0,0
45,I4_J45,ga_greedy_only,0,1,26,0.000000,1500000.000000,0.000086,870.957551,870.957551,0.000000,0.000000,0.000000,0,0
45,I4_J45,ga_greedy_only,0,0,27,0.000000,1500000.000000,0.000056,800.331752,800.331752,0.000000,0.000000,0.000000,0,0
45,I4_J45,ga_greedy_only,0,1,27,0.000000,1500000.000000,0.000056,945.390584,945.390584,0.000000,0.000000,0.000000,0,0
45,I4_J45,ga_greedy_only,0,0,28,0.000000,1500000.000000,0.000061,813.391385,813.391385,0.000000,0.000000,0.000000,0,0
45,I4_J45,ga_greedy_only,0,1,28,0.000000,1500000.000000,0.000061,937.569803,937.569803,0.000000,0.000000,0.000000,0,0
45,I4_J45,ga_greedy_only,0,0,29,0.000000,1500000.000000,0.000060,970.022282,970.022282,0.000000,0.000000,0.000000,0,0
45,I4_J45,ga_greedy_only,0,1,29,0.000000,1500000.000000,0.000060,937.879443,937.879443,0.000000,0.000000,0.000000,0,0
45,I4_J45,ga_greedy_only,0,0,30,191694.094123,1500000.000000,0.000087,870.298012,853.619495,16.678517,3197173.242870,0.127796,0,1
45,I4_J45,ga_greedy_only,0,1,30,287051.883823,1500000.000000,0.000087,932.821086,907.845879,24.975207,7169180.361375,0.191368,0,1
45,I4_J45,ga_greedy_only,0,0,31,0.000000,1500000.000000,0.000022,989.869891,989.869891,0.000000,0.000000,0.000000,0,0
45,I4_J45,ga_greedy_only,0,1,31,0.000000,1500000.000000,0.000022,886.311853,886.311853,0.000000,0.000000,0.000000,0,0
45,I4_J45,ga_greedy_only,0,0,32,0.000000,1500000.000000,0.000098,891.395985,891.395985,0.000000,0.000000,0.000000,0,0
45,I4_J45,ga_greedy_only,0,1,32,0.000000,1500000.000000,0.000098,921.448417,921.448417,0.000000,0.000000,0.000000,0,0
45,I4_J45,ga_greedy_only,0,0,33,0.000000,1500000.000000,0.000078,929.839602,929.839602,0.000000,0.000000,0.000000,0,0
45,I4_J45,ga_greedy_only,0,1,33,0.000000,1500000.000000,0.000078,916.900451,916.900451,0.000000,0.000000,0.000000,0,0
45,I4_J45,ga_greedy_only,0,0,34,0.000000,1500000.000000,0.000060,948.392006,948.392006,0.000000,0.000000,0.000000,0,0
45,I4_J45,ga_greedy_only,0,1,34,0.000000,1500000.000000,0.000060,834.476741,834.476741,0.000000,0.000000,0.000000,0,0
45,I4_J45,ga_greedy_only,0,0,35,100000.000000,1500000.000000,0.000096,876.296932,866.684562,9.612370,961237.000000,0.066667,0,1
45,I4_J45,ga_greedy_only,0,1,35,100000.000000,1500000.000000,0.000096,927.676002,918.063632,9.612370,961237.000000,0.066667,0,1
45,I4_J45,ga_greedy_only,0,0,36,0.000000,1500000.000000,0.000082,800.046882,800.046882,0.000000,0.000000,0.000000,0,0
45,I4_J45,ga_greedy_only,0,1,36,0.000000,1500000.000000,0.000082,902.997596,902.997596,0.000000,0.000000,0.000000,0,0
45,I4_J45,ga_greedy_only,0,0,37,0.000000,1500000.000000,0.000058,942.423821,942.423821,0.000000,0.000000,0.000000,0,0
45,I4_J45,ga_greedy_only,0,1,37,0.000000,1500000.000000,0.000058,914.143104,914.143104,0.000000,0.000000,0.000000,0,0
45,I4_J45,ga_greedy_only,0,0,38,0.000000,1500000.000000,0.000067,992.793864,992.793864,0.000000,0.000000,0.000000,0,0
45,I4_J45,ga_greedy_only,0,1,38,0.000000,1500000.000000,0.000067,973.709568,973.709568,0.000000,0.000000,0.000000,0,0
45,I4_J45,ga_greedy_only,0,0,39,276290.275755,1500000.000000,0.000092,827.049977,801.758448,25.291529,6987803.509408,0.184194,0,1
45,I4_J45,ga_greedy_only,0,1,39,1340809.645557,1500000.000000,0.000092,850.229145,727.491833,122.737313,164567372.753291,0.893873,0,1
45,I4_J45,ga_greedy_only,0,0,40,100000.000000,1500000.000000,0.000095,840.158468,830.689258,9.469210,946921.000000,0.066667,0,1
45,I4_J45,ga_greedy_only,0,1,40,100000.000000,1500000.000000,0.000095,842.872771,833.403561,9.469210,946921.000000,0.066667,0,1
45,I4_J45,ga_greedy_only,0,0,41,0.000000,1500000.000000,0.000066,903.776478,903.776478,0.000000,0.000000,0.000000,0,0
45,I4_J45,ga_greedy_only,0,1,41,0.000000,1500000.000000,0.000066,920.814578,920.814578,0.000000,0.000000,0.000000,0,0
45,I4_J45,ga_greedy_only,0,0,42,0.000000,1500000.000000,0.000033,971.248581,971.248581,0.000000,0.000000,0.000000,0,0
45,I4_J45,ga_greedy_only,0,1,42,0.000000,1500000.000000,0.000033,881.599606,881.599606,0.000000,0.000000,0.000000,0,0
45,I4_J45,ga_greedy_only,0,0,43,0.000000,1500000.000000,0.000090,803.070413,803.070413,0.000000,0.000000,0.000000,0,0
45,I4_J45,ga_greedy_only,0,1,43,0.000000,1500000.000000,0.000090,938.240131,938.240131,0.000000,0.000000,0.000000,0,0
45,I4_J45,ga_greedy_only,0,0,44,0.000000,1500000.000000,0.000094,859.667473,859.667473,0.000000,0.000000,0.000000,0,0
45,I4_J45,ga_greedy_only,0,1,44,0.000000,1500000.000000,0.000094,927.548132,927.548132,0.000000,0.000000,0.000000,0,0
45,I4_J45,ga_greedy_only,1,0,0,0.000000,1500000.000000,0.000027,862.655137,862.655137,0.000000,0.000000,0.000000,0,0
45,I4_J45,ga_greedy_only,1,1,0,0.000000,1500000.000000,0.000027,926.999545,926.999545,0.000000,0.000000,0.000000,0,0
45,I4_J45,ga_greedy_only,1,0,1,0.000000,1500000.000000,0.000013,809.027682,809.027682,0.000000,0.000000,0.000000,0,0
45,I4_J45,ga_greedy_only,1,1,1,0.000000,1500000.000000,0.000013,890.173310,890.173310,0.000000,0.000000,0.000000,0,0
45,I4_J45,ga_greedy_only,1,0,2,0.000000,1500000.000000,0.000050,923.901352,923.901352,0.000000,0.000000,0.000000,0,0
45,I4_J45,ga_greedy_only,1,1,2,0.000000,1500000.000000,0.000050,921.584641,921.584641,0.000000,0.000000,0.000000,0,0
45,I4_J45,ga_greedy_only,1,0,3,0.000000,1500000.000000,0.000041,906.078369,906.078369,0.000000,0.000000,0.000000,0,0
45,I4_J45,ga_greedy_only,1,1,3,0.000000,1500000.000000,0.000041,902.216840,902.216840,0.000000,0.000000,0.000000,0,0
45,I4_J45,ga_greedy_only,1,0,4,0.000000,1500000.000000,0.000027,877.099034,877.099034,0.000000,0.000000,0.000000,0,0
45,I4_J45,ga_greedy_only,1,1,4,0.000000,1500000.000000,0.000027,879.055731,879.055731,0.000000,0.000000,0.000000,0,0
45,I4_J45,ga_greedy_only,1,0,5,0.000000,1500000.000000,0.000030,980.058050,980.058050,0.000000,0.000000,0.000000,0,0
45,I4_J45,ga_greedy_only,1,1,5,0.000000,1500000.000000,0.000030,941.096515,941.096515,0.000000,0.000000,0.000000,0,0
45,I4_J45,ga_greedy_only,1,0,6,0.000000,1500000.000000,0.000033,897.130788,897.130788,0.000000,0.000000,0.000000,0,0
45,I4_J45,ga_greedy_only,1,1,6,0.000000,1500000.000000,0.000033,893.248166,893.248166,0.000000,0.000000,0.000000,0,0
45,I4_J45,ga_greedy_only,1,0,7,0.000000,1500000.000000,0.000050,921.652600,921.652600,0.000000,0.000000,0.000000,0,0
45,I4_J45,ga_greedy_only,1,1,7,100000.000000,1500000.000000,0.000050,907.039295,902.084095,4.955200,495520.000000,0.066667,0,1
45,I4_J45,ga_greedy_only,1,0,8,0.000000,1500000.000000,0.000009,964.597013,964.597013,0.000000,0.000000,0.000000,0,0
45,I4_J45,ga_greedy_only,1,1,8,100000.000000,1500000.000000,0.000009,864.525103,863.673303,0.851800,85180.000000,0.066667,0,1
45,I4_J45,ga_greedy_only,1,0,9,0.000000,1500000.000000,0.000076,996.559651,996.559651,0.000000,0.000000,0.000000,0,0
45,I4_J45,ga_greedy_only,1,1,9,0.000000,1500000.000000,0.000076,906.757771,906.757771,0.000000,0.000000,0.000000,0,0
45,I4_J45,ga_greedy_only,1,0,10,0.000000,1500000.000000,0.000049,888.146005,888.146005,0.000000,0.000000,0.000000,0,0
45,I4_J45,ga_greedy_only,1,1,10,0.000000,1500000.000000,0.000049,971.283957,971.283957,0.000000,0.000000,0.000000,0,0
45,I4_J45,ga_greedy_only,1,0,11,0.000000,1500000.000000,0.000038,838.189030,838.189030,0.000000,0.000000,0.000000,0,0
45,I4_J45,ga_greedy_only,1,1,11,0.000000,1500000.000000,0.000038,858.504466,858.504466,0.000000,0.000000,0.000000,0,0
45,I4_J45,ga_greedy_only,1,0,12,0.000000,1500000.000000,0.000064,964.873022,964.873022,0.000000,0.000000,0.000000,0,0
45,I4_J45,ga_greedy_only,1,1,12,0.000000,1500000.000000,0.000064,967.958292,967.958292,0.000000,0.000000,0.000000,0,0
45,I4_J45,ga_greedy_only,1,0,13,0.000000,1500000.000000,0.000077,942.604206,942.604206,0.000000,0.000000,0.000000,0,0
45,I4_J45,ga_greedy_only,1,1,13,0.000000,1500000.000000,0.000077,915.347772,915.347772,0.000000,0.000000,0.000000,0,0
45,I4_J45,ga_greedy_only,1,0,14,100000.000000,1500000.000000,0.000051,987.987089,982.905889,5.081200,508120.000000,0.066667,0,1
45,I4_J45,ga_greedy_only,1,1,14,100000.000000,1500000.000000,0.000051,960.342824,955.261624,5.081200,508120.000000,0.066667,0,1
45,I4_J45,ga_greedy_only,1,0,15,100000.000000,1500000.000000,0.000044,868.562596,864.172996,4.389600,438960.000000,0.066667,0,1
45,I4_J45,ga_greedy_only,1,1,15,100000.000000,1500000.000000,0.000044,936.746789,932.357189,4.389600,438960.000000,0.066667,0,1
45,I4_J45,ga_greedy_only,1,0,16,100000.000000,1500000.000000,0.000003,853.112955,852.769355,0.343600,34360.000000,0.066667,0,1
45,I4_J45,ga_greedy_only,1,1,16,100000.000000,1500000.000000,0.000003,819.060419,818.716819,0.343600,34360.000000,0.066667,0,1
45,I4_J45,ga_greedy_only,1,0,17,100000.000000,1500000.000000,0.000009,801.213033,800.326133,0.886900,88690.000000,0.066667,0,1
45,I4_J45,ga_greedy_only,1,1,17,100000.000000,1500000.000000,0.000009,839.741882,838.854982,0.886900,88690.000000,0.066667,0,1
45,I4_J45,ga_greedy_only,1,0,18,100000.000000,1500000.000000,0.000042,907.455934,903.296534,4.159400,415940.000000,0.066667,0,1
45,I4_J45,ga_greedy_only,1,1,18,100000.000000,1500000.000000,0.000042,907.070218,902.910818,4.159400,415940.000000,0.066667,0,1
45,I4_J45,ga_greedy_only,1,0,19,100000.000000,1500000.000000,0.000045,941.437216,936.925516,4.511700,451170.000000,0.066667,0,1
45,I4_J45,ga_greedy_only,1,1,19,100000.000000,1500000.000000,0.000045,854.487776,849.976076,4.511700,451170.000000,0.066667,0,1
45,I4_J45,ga_greedy_only,1,0,20,100000.000000,1500000.000000,0.000073,878.820697,871.474247,7.346450,734645.000000,0.066667,0,1
45,I4_J45,ga_greedy_only,1,1,20,100000.000000,1500000.000000,0.000073,994.206555,986.860105,7.346450,734645.000000,0.066667,0,1
45,I4_J45,ga_greedy_only,1,0,21,100000.000000,1500000.000000,0.000052,950.635258,945.396498,5.238760,523876.000000,0.066667,0,1
45,I4_J45,ga_greedy_only,1,1,21,100000.000000,1500000.000000,0.000052,969.615714,964.376954,5.238760,523876.000000,0.066667,0,1
45,I4_J45,ga_greedy_only,1,0,22,100000.000000,1500000.000000,0.000047,869.992876,865.257916,4.734960,473496.000000,0.066667,0,1
45,I4_J45,ga_greedy_only,1,1,22,471821.995114,1500000.000000,0.000047,844.091747,821.751164,22.340583,10540778.320309,0.314548,0,1
45,I4_J45,ga_greedy_only,1,0,23,99999.000000,1500000.000000,0.000032,805.492193,802.273075,3.219118,321908.561732,0.066666,0,1
45,I4_J45,ga_greedy_only,1,1,23,100000.000000,1500000.000000,0.000032,942.527275,939.308125,3.219150,321915.000000,0.066667,0,1
45,I4_J45,ga_greedy_only,1,0,24,100000.000000,1500000.000000,0.000081,888.671089,880.539359,8.131730,813173.000000,0.066667,0,1
45,I4_J45,ga_greedy_only,1,1,24,100000.000000,1500000.000000,0.000081,993.586430,985.454700,8.131730,813173.000000,0.066667,0,1
45,I4_J45,ga_greedy_only,1,0,25,100000.000000,1500000.000000,0.000039,998.714445,994.851015,3.863430,386343.000000,0.066667,0,1
45,I4_J45,ga_greedy_only,1,1,25,100000.000000,1500000.000000,0.000039,879.573407,875.709977,3.863430,386343.000000,0.066667,0,1
45,I4_J45,ga_greedy_only,1,0,26,0.000000,1500000.000000,0.000086,911.540900,911.540900,0.000000,0.000000,0.000000,0,0
45,I4_J45,ga_greedy_only,1,1,26,0.000000,1500000.000000,0.000086,870.957551,870.957551,0.000000,0.000000,0.000000,0,0
45,I4_J45,ga_greedy_only,1,0,27,0.000000,1500000.000000,0.000056,800.331752,800.331752,0.000000,0.000000,0.000000,0,0
45,I4_J45,ga_greedy_only,1,1,27,0.000000,1500000.000000,0.000056,945.390584,945.390584,0.000000,0.000000,0.000000,0,0
45,I4_J45,ga_greedy_only,1,0,28,0.000000,1500000.000000,0.000061,813.391385,813.391385,0.000000,0.000000,0.000000,0,0
45,I4_J45,ga_greedy_only,1,1,28,0.000000,1500000.000000,0.000061,937.569803,937.569803,0.000000,0.000000,0.000000,0,0
45,I4_J45,ga_greedy_only,1,0,29,0.000000,1500000.000000,0.000060,970.022282,970.022282,0.000000,0.000000,0.000000,0,0
45,I4_J45,ga_greedy_only,1,1,29,0.000000,1500000.000000,0.000060,937.879443,937.879443,0.000000,0.000000,0.000000,0,0
45,I4_J45,ga_greedy_only,1,0,30,293581.855667,1500000.000000,0.000087,870.298012,844.754659,25.543354,7499065.142786,0.195721,0,1
45,I4_J45,ga_greedy_only,1,1,30,0.000000,1500000.000000,0.000087,932.821086,932.821086,0.000000,0.000000,0.000000,0,0
45,I4_J45,ga_greedy_only,1,0,31,0.000000,1500000.000000,0.000022,989.869891,989.869891,0.000000,0.000000,0.000000,0,0
45,I4_J45,ga_greedy_only,1,1,31,0.000000,1500000.000000,0.000022,886.311853,886.311853,0.000000,0.000000,0.000000,0,0
45,I4_J45,ga_greedy_only,1,0,32,0.000000,1500000.000000,0.000098,891.395985,891.395985,0.000000,0.000000,0.000000,0,0
45,I4_J45,ga_greedy_only,1,1,32,0.000000,1500000.000000,0.000098,921.448417,921.448417,0.000000,0.000000,0.000000,0,0
45,I4_J45,ga_greedy_only,1,0,33,0.000000,1500000.000000,0.000078,929.839602,929.839602,0.000000,0.000000,0.000000,0,0
45,I4_J45,ga_greedy_only,1,1,33,0.000000,1500000.000000,0.000078,916.900451,916.900451,0.000000,0.000000,0.000000,0,0
45,I4_J45,ga_greedy_only,1,0,34,0.000000,1500000.000000,0.000060,948.392006,948.392006,0.000000,0.000000,0.000000,0,0
45,I4_J45,ga_greedy_only,1,1,34,0.000000,1500000.000000,0.000060,834.476741,834.476741,0.000000,0.000000,0.000000,0,0
45,I4_J45,ga_greedy_only,1,0,35,100000.000000,1500000.000000,0.000096,876.296932,866.684562,9.612370,961237.000000,0.066667,0,1
45,I4_J45,ga_greedy_only,1,1,35,100000.000000,1500000.000000,0.000096,927.676002,918.063632,9.612370,961237.000000,0.066667,0,1
45,I4_J45,ga_greedy_only,1,0,36,0.000000,1500000.000000,0.000082,800.046882,800.046882,0.000000,0.000000,0.000000,0,0
45,I4_J45,ga_greedy_only,1,1,36,0.000000,1500000.000000,0.000082,902.997596,902.997596,0.000000,0.000000,0.000000,0,0
45,I4_J45,ga_greedy_only,1,0,37,0.000000,1500000.000000,0.000058,942.423821,942.423821,0.000000,0.000000,0.000000,0,0
45,I4_J45,ga_greedy_only,1,1,37,0.000000,1500000.000000,0.000058,914.143104,914.143104,0.000000,0.000000,0.000000,0,0
45,I4_J45,ga_greedy_only,1,0,38,0.000000,1500000.000000,0.000067,992.793864,992.793864,0.000000,0.000000,0.000000,0,0
45,I4_J45,ga_greedy_only,1,1,38,0.000000,1500000.000000,0.000067,973.709568,973.709568,0.000000,0.000000,0.000000,0,0
45,I4_J45,ga_greedy_only,1,0,39,100000.000000,1500000.000000,0.000092,827.049977,817.896007,9.153970,915397.000000,0.066667,0,1
45,I4_J45,ga_greedy_only,1,1,39,1357792.751634,1500000.000000,0.000092,850.229145,725.937204,124.291941,168762696.775459,0.905195,0,1
45,I4_J45,ga_greedy_only,1,0,40,404571.124323,1500000.000000,0.000095,840.158468,801.848779,38.309689,15498994.097452,0.269714,0,1
45,I4_J45,ga_greedy_only,1,1,40,0.000000,1500000.000000,0.000095,842.872771,842.872771,0.000000,0.000000,0.000000,0,0
45,I4_J45,ga_greedy_only,1,0,41,0.000000,1500000.000000,0.000066,903.776478,903.776478,0.000000,0.000000,0.000000,0,0
45,I4_J45,ga_greedy_only,1,1,41,0.000000,1500000.000000,0.000066,920.814578,920.814578,0.000000,0.000000,0.000000,0,0
45,I4_J45,ga_greedy_only,1,0,42,0.000000,1500000.000000,0.000033,971.248581,971.248581,0.000000,0.000000,0.000000,0,0
45,I4_J45,ga_greedy_only,1,1,42,0.000000,1500000.000000,0.000033,881.599606,881.599606,0.000000,0.000000,0.000000,0,0
45,I4_J45,ga_greedy_only,1,0,43,0.000000,1500000.000000,0.000090,803.070413,803.070413,0.000000,0.000000,0.000000,0,0
45,I4_J45,ga_greedy_only,1,1,43,0.000000,1500000.000000,0.000090,938.240131,938.240131,0.000000,0.000000,0.000000,0,0
45,I4_J45,ga_greedy_only,1,0,44,0.000000,1500000.000000,0.000094,859.667473,859.667473,0.000000,0.000000,0.000000,0,0
45,I4_J45,ga_greedy_only,1,1,44,0.000000,1500000.000000,0.000094,927.548132,927.548132,0.000000,0.000000,0.000000,0,0
45,I4_J45,ga_greedy_only,2,0,0,0.000000,1500000.000000,0.000027,862.655137,862.655137,0.000000,0.000000,0.000000,0,0
45,I4_J45,ga_greedy_only,2,1,0,0.000000,1500000.000000,0.000027,926.999545,926.999545,0.000000,0.000000,0.000000,0,0
45,I4_J45,ga_greedy_only,2,0,1,0.000000,1500000.000000,0.000013,809.027682,809.027682,0.000000,0.000000,0.000000,0,0
45,I4_J45,ga_greedy_only,2,1,1,0.000000,1500000.000000,0.000013,890.173310,890.173310,0.000000,0.000000,0.000000,0,0
45,I4_J45,ga_greedy_only,2,0,2,0.000000,1500000.000000,0.000050,923.901352,923.901352,0.000000,0.000000,0.000000,0,0
45,I4_J45,ga_greedy_only,2,1,2,0.000000,1500000.000000,0.000050,921.584641,921.584641,0.000000,0.000000,0.000000,0,0
45,I4_J45,ga_greedy_only,2,0,3,0.000000,1500000.000000,0.000041,906.078369,906.078369,0.000000,0.000000,0.000000,0,0
45,I4_J45,ga_greedy_only,2,1,3,100000.000000,1500000.000000,0.000041,902.216840,898.126540,4.090300,409030.000000,0.066667,0,1
45,I4_J45,ga_greedy_only,2,0,4,0.000000,1500000.000000,0.000027,877.099034,877.099034,0.000000,0.000000,0.000000,0,0
45,I4_J45,ga_greedy_only,2,1,4,0.000000,1500000.000000,0.000027,879.055731,879.055731,0.000000,0.000000,0.000000,0,0
45,I4_J45,ga_greedy_only,2,0,5,0.000000,1500000.000000,0.000030,980.058050,980.058050,0.000000,0.000000,0.000000,0,0
45,I4_J45,ga_greedy_only,2,1,5,0.000000,1500000.000000,0.000030,941.096515,941.096515,0.000000,0.000000,0.000000,0,0
45,I4_J45,ga_greedy_only,2,0,6,0.000000,1500000.000000,0.000033,897.130788,897.130788,0.000000,0.000000,0.000000,0,0
45,I4_J45,ga_greedy_only,2,1,6,0.000000,1500000.000000,0.000033,893.248166,893.248166,0.000000,0.000000,0.000000,0,0
45,I4_J45,ga_greedy_only,2,0,7,0.000000,1500000.000000,0.000050,921.652600,921.652600,0.000000,0.000000,0.000000,0,0
45,I4_J45,ga_greedy_only,2,1,7,0.000000,1500000.000000,0.000050,907.039295,907.039295,0.000000,0.000000,0.000000,0,0
45,I4_J45,ga_greedy_only,2,0,8,0.000000,1500000.000000,0.000009,964.597013,964.597013,0.000000,0.000000,0.000000,0,0
45,I4_J45,ga_greedy_only,2,1,8,0.000000,1500000.000000,0.000009,864.525103,864.525103,0.000000,0.000000,0.000000,0,0
45,I4_J45,ga_greedy_only,2,0,9,0.000000,1500000.000000,0.000076,996.559651,996.559651,0.000000,0.000000,0.000000,0,0
45,I4_J45,ga_greedy_only,2,1,9,100000.000000,1500000.000000,0.000076,906.757771,899.197571,7.560200,756020.000000,0.066667,0,1
45,I4_J45,ga_greedy_only,2,0,10,0.000000,1500000.000000,0.000049,888.146005,888.146005,0.000000,0.000000,0.000000,0,0
45,I4_J45,ga_greedy_only,2,1,10,0.000000,1500000.000000,0.000049,971.283957,971.283957,0.000000,0.000000,0.000000,0,0
45,I4_J45,ga_greedy_only,2,0,11,0.000000,1500000.000000,0.000038,838.189030,838.189030,0.000000,0.000000,0.000000,0,0
45,I4_J45,ga_greedy_only,2,1,11,100000.000000,1500000.000000,0.000038,858.504466,854.697666,3.806800,380680.000000,0.066667,0,1
45,I4_J45,ga_greedy_only,2,0,12,0.000000,1500000.000000,0.000064,964.873022,964.873022,0.000000,0.000000,0.000000,0,0
45,I4_J45,ga_greedy_only,2,1,12,0.000000,1500000.000000,0.000064,967.958292,967.958292,0.000000,0.000000,0.000000,0,0
45,I4_J45,ga_greedy_only,2,0,13,0.000000,1500000.000000,0.000077,942.604206,942.604206,0.000000,0.000000,0.000000,0,0
45,I4_J45,ga_greedy_only,2,1,13,0.000000,1500000.000000,0.000077,915.347772,915.347772,0.000000,0.000000,0.000000,0,0
45,I4_J45,ga_greedy_only,2,0,14,100000.000000,1500000.000000,0.000051,987.987089,982.905889,5.081200,508120.000000,0.066667,0,1
45,I4_J45,ga_greedy_only,2,1,14,100000.000000,1500000.000000,0.000051,960.342824,955.261624,5.081200,508120.000000,0.066667,0,1
45,I4_J45,ga_greedy_only,2,0,15,100000.000000,1500000.000000,0.000044,868.562596,864.172996,4.389600,438960.000000,0.066667,0,1
45,I4_J45,ga_greedy_only,2,1,15,100000.000000,1500000.000000,0.000044,936.746789,932.357189,4.389600,438960.000000,0.066667,0,1
45,I4_J45,ga_greedy_only,2,0,16,100000.000000,1500000.000000,0.000003,853.112955,852.769355,0.343600,34360.000000,0.066667,0,1
45,I4_J45,ga_greedy_only,2,1,16,100000.000000,1500000.000000,0.000003,819.060419,818.716819,0.343600,34360.000000,0.066667,0,1
45,I4_J45,ga_greedy_only,2,0,17,100000.000000,1500000.000000,0.000009,801.213033,800.326133,0.886900,88690.000000,0.066667,0,1
45,I4_J45,ga_greedy_only,2,1,17,100000.000000,1500000.000000,0.000009,839.741882,838.854982,0.886900,88690.000000,0.066667,0,1
45,I4_J45,ga_greedy_only,2,0,18,100000.000000,1500000.000000,0.000042,907.455934,903.296534,4.159400,415940.000000,0.066667,0,1
45,I4_J45,ga_greedy_only,2,1,18,100000.000000,1500000.000000,0.000042,907.070218,902.910818,4.159400,415940.000000,0.066667,0,1
45,I4_J45,ga_greedy_only,2,0,19,100000.000000,1500000.000000,0.000045,941.437216,936.925516,4.511700,451170.000000,0.066667,0,1
45,I4_J45,ga_greedy_only,2,1,19,100000.000000,1500000.000000,0.000045,854.487776,849.976076,4.511700,451170.000000,0.066667,0,1
45,I4_J45,ga_greedy_only,2,0,20,100000.000000,1500000.000000,0.000073,878.820697,871.474247,7.346450,734645.000000,0.066667,0,1
45,I4_J45,ga_greedy_only,2,1,20,100000.000000,1500000.000000,0.000073,994.206555,986.860105,7.346450,734645.000000,0.066667,0,1
45,I4_J45,ga_greedy_only,2,0,21,100000.000000,1500000.000000,0.000052,950.635258,945.396498,5.238760,523876.000000,0.066667,0,1
45,I4_J45,ga_greedy_only,2,1,21,100000.000000,1500000.000000,0.000052,969.615714,964.376954,5.238760,523876.000000,0.066667,0,1
45,I4_J45,ga_greedy_only,2,0,22,259299.593570,1500000.000000,0.000047,869.992876,857.715144,12.277732,3183610.926812,0.172866,0,1
45,I4_J45,ga_greedy_only,2,1,22,0.000000,1500000.000000,0.000047,844.091747,844.091747,0.000000,0.000000,0.000000,0,0
45,I4_J45,ga_greedy_only,2,0,23,100000.000000,1500000.000000,0.000032,805.492193,802.273043,3.219150,321915.000000,0.066667,0,1
45,I4_J45,ga_greedy_only,2,1,23,100000.000000,1500000.000000,0.000032,942.527275,939.308125,3.219150,321915.000000,0.066667,0,1
45,I4_J45,ga_greedy_only,2,0,24,99999.000000,1500000.000000,0.000081,888.671089,880.539440,8.131649,813156.736621,0.066666,0,1
45,I4_J45,ga_greedy_only,2,1,24,100000.000000,1500000.000000,0.000081,993.586430,985.454700,8.131730,813173.000000,0.066667,0,1
45,I4_J45,ga_greedy_only,2,0,25,100000.000000,1500000.000000,0.000039,998.714445,994.851015,3.863430,386343.000000,0.066667,0,1
45,I4_J45,ga_greedy_only,2,1,25,100000.000000,1500000.000000,0.000039,879.573407,875.709977,3.863430,386343.000000,0.066667,0,1
45,I4_J45,ga_greedy_only,2,0,26,0.000000,1500000.000000,0.000086,911.540900,911.540900,0.000000,0.000000,0.000000,0,0
45,I4_J45,ga_greedy_only,2,1,26,0.000000,1500000.000000,0.000086,870.957551,870.957551,0.000000,0.000000,0.000000,0,0
45,I4_J45,ga_greedy_only,2,0,27,99999.000000,1500000.000000,0.000056,800.331752,794.766408,5.565344,556528.869256,0.066666,0,1
45,I4_J45,ga_greedy_only,2,1,27,0.000000,1500000.000000,0.000056,945.390584,945.390584,0.000000,0.000000,0.000000,0,0
45,I4_J45,ga_greedy_only,2,0,28,0.000000,1500000.000000,0.000061,813.391385,813.391385,0.000000,0.000000,0.000000,0,0
45,I4_J45,ga_greedy_only,2,1,28,0.000000,1500000.000000,0.000061,937.569803,937.569803,0.000000,0.000000,0.000000,0,0
45,I4_J45,ga_greedy_only,2,0,29,0.000000,1500000.000000,0.000060,970.022282,970.022282,0.000000,0.000000,0.000000,0,0
45,I4_J45,ga_greedy_only,2,1,29,100000.000000,1500000.000000,0.000060,937.879443,931.834633,6.044810,604481.000000,0.066667,0,1
45,I4_J45,ga_greedy_only,2,0,30,156525.166426,1500000.000000,0.000087,870.298012,856.679399,13.618613,2131655.662808,0.104350,0,1
45,I4_J45,ga_greedy_only,2,1,30,379111.996335,1500000.000000,0.000087,932.821086,899.836106,32.984980,12505001.784404,0.252741,0,1
45,I4_J45,ga_greedy_only,2,0,31,0.000000,1500000.000000,0.000022,989.869891,989.869891,0.000000,0.000000,0.000000,0,0
45,I4_J45,ga_greedy_only,2,1,31,0.000000,1500000.000000,0.000022,886.311853,886.311853,0.000000,0.000000,0.000000,0,0
45,I4_J45,ga_greedy_only,2,0,32,0.000000,1500000.000000,0.000098,891.395985,891.395985,0.000000,0.000000,0.000000,0,0
45,I4_J45,ga_greedy_only,2,1,32,0.000000,1500000.000000,0.000098,921.448417,921.448417,0.000000,0.000000,0.000000,0,0
45,I4_J45,ga_greedy_only,2,0,33,0.000000,1500000.000000,0.000078,929.839602,929.839602,0.000000,0.000000,0.000000,0,0
45,I4_J45,ga_greedy_only,2,1,33,0.000000,1500000.000000,0.000078,916.900451,916.900451,0.000000,0.000000,0.000000,0,0
45,I4_J45,ga_greedy_only,2,0,34,0.000000,1500000.000000,0.000060,948.392006,948.392006,0.000000,0.000000,0.000000,0,0
45,I4_J45,ga_greedy_only,2,1,34,100000.000000,1500000.000000,0.000060,834.476741,828.446951,6.029790,602979.000000,0.066667,0,1
45,I4_J45,ga_greedy_only,2,0,35,100000.000000,1500000.000000,0.000096,876.296932,866.684562,9.612370,961237.000000,0.066667,0,1
45,I4_J45,ga_greedy_only,2,1,35,100000.000000,1500000.000000,0.000096,927.676002,918.063632,9.612370,961237.000000,0.066667,0,1
45,I4_J45,ga_greedy_only,2,0,36,0.000000,1500000.000000,0.000082,800.046882,800.046882,0.000000,0.000000,0.000000,0,0
45,I4_J45,ga_greedy_only,2,1,36,0.000000,1500000.000000,0.000082,902.997596,902.997596,0.000000,0.000000,0.000000,0,0
45,I4_J45,ga_greedy_only,2,0,37,0.000000,1500000.000000,0.000058,942.423821,942.423821,0.000000,0.000000,0.000000,0,0
45,I4_J45,ga_greedy_only,2,1,37,0.000000,1500000.000000,0.000058,914.143104,914.143104,0.000000,0.000000,0.000000,0,0
45,I4_J45,ga_greedy_only,2,0,38,0.000000,1500000.000000,0.000067,992.793864,992.793864,0.000000,0.000000,0.000000,0,0
45,I4_J45,ga_greedy_only,2,1,38,0.000000,1500000.000000,0.000067,973.709568,973.709568,0.000000,0.000000,0.000000,0,0
45,I4_J45,ga_greedy_only,2,0,39,161858.107694,1500000.000000,0.000092,827.049977,812.233534,14.816443,2398161.365362,0.107905,0,1
45,I4_J45,ga_greedy_only,2,1,39,983391.539160,1500000.000000,0.000092,850.229145,760.209779,90.019366,88524283.354288,0.655594,0,1
45,I4_J45,ga_greedy_only,2,0,40,100000.000000,1500000.000000,0.000095,840.158468,830.689258,9.469210,946921.000000,0.066667,0,1
45,I4_J45,ga_greedy_only,2,1,40,144997.357293,1500000.000000,0.000095,842.872771,829.142667,13.730104,1990828.832553,0.096665,0,1
45,I4_J45,ga_greedy_only,2,0,41,0.000000,1500000.000000,0.000066,903.776478,903.776478,0.000000,0.000000,0.000000,0,0
45,I4_J45,ga_greedy_only,2,1,41,0.000000,1500000.000000,0.000066,920.814578,920.814578,0.000000,0.000000,0.000000,0,0
45,I4_J45,ga_greedy_only,2,0,42,0.000000,1500000.000000,0.000033,971.248581,971.248581,0.000000,0.000000,0.000000,0,0
45,I4_J45,ga_greedy_only,2,1,42,0.000000,1500000.000000,0.000033,881.599606,881.599606,0.000000,0.000000,0.000000,0,0
45,I4_J45,ga_greedy_only,2,0,43,0.000000,1500000.000000,0.000090,803.070413,803.070413,0.000000,0.000000,0.000000,0,0
45,I4_J45,ga_greedy_only,2,1,43,0.000000,1500000.000000,0.000090,938.240131,938.240131,0.000000,0.000000,0.000000,0,0
45,I4_J45,ga_greedy_only,2,0,44,0.000000,1500000.000000,0.000094,859.667473,859.667473,0.000000,0.000000,0.000000,0,0
45,I4_J45,ga_greedy_only,2,1,44,100000.000000,1500000.000000,0.000094,927.548132,918.190992,9.357140,935714.000000,0.066667,0,1
45,I4_J45,ga_greedy_only,3,0,0,0.000000,1500000.000000,0.000027,862.655137,862.655137,0.000000,0.000000,0.000000,0,0
45,I4_J45,ga_greedy_only,3,1,0,0.000000,1500000.000000,0.000027,926.999545,926.999545,0.000000,0.000000,0.000000,0,0
45,I4_J45,ga_greedy_only,3,0,1,0.000000,1500000.000000,0.000013,809.027682,809.027682,0.000000,0.000000,0.000000,0,0
45,I4_J45,ga_greedy_only,3,1,1,0.000000,1500000.000000,0.000013,890.173310,890.173310,0.000000,0.000000,0.000000,0,0
45,I4_J45,ga_greedy_only,3,0,2,0.000000,1500000.000000,0.000050,923.901352,923.901352,0.000000,0.000000,0.000000,0,0
45,I4_J45,ga_greedy_only,3,1,2,0.000000,1500000.000000,0.000050,921.584641,921.584641,0.000000,0.000000,0.000000,0,0
45,I4_J45,ga_greedy_only,3,0,3,0.000000,1500000.000000,0.000041,906.078369,906.078369,0.000000,0.000000,0.000000,0,0
45,I4_J45,ga_greedy_only,3,1,3,0.000000,1500000.000000,0.000041,902.216840,902.216840,0.000000,0.000000,0.000000,0,0
45,I4_J45,ga_greedy_only,3,0,4,0.000000,1500000.000000,0.000027,877.099034,877.099034,0.000000,0.000000,0.000000,0,0
45,I4_J45,ga_greedy_only,3,1,4,0.000000,1500000.000000,0.000027,879.055731,879.055731,0.000000,0.000000,0.000000,0,0
45,I4_J45,ga_greedy_only,3,0,5,0.000000,1500000.000000,0.000030,980.058050,980.058050,0.000000,0.000000,0.000000,0,0
45,I4_J45,ga_greedy_only,3,1,5,0.000000,1500000.000000,0.000030,941.096515,941.096515,0.000000,0.000000,0.000000,0,0
45,I4_J45,ga_greedy_only,3,0,6,0.000000,1500000.000000,0.000033,897.130788,897.130788,0.000000,0.000000,0.000000,0,0
45,I4_J45,ga_greedy_only,3,1,6,0.000000,1500000.000000,0.000033,893.248166,893.248166,0.000000,0.000000,0.000000,0,0
45,I4_J45,ga_greedy_only,3,0,7,0.000000,1500000.000000,0.000050,921.652600,921.652600,0.000000,0.000000,0.000000,0,0
45,I4_J45,ga_greedy_only,3,1,7,0.000000,1500000.000000,0.000050,907.039295,907.039295,0.000000,0.000000,0.000000,0,0
45,I4_J45,ga_greedy_only,3,0,8,0.000000,1500000.000000,0.000009,964.597013,964.597013,0.000000,0.000000,0.000000,0,0
45,I4_J45,ga_greedy_only,3,1,8,0.000000,1500000.000000,0.000009,864.525103,864.525103,0.000000,0.000000,0.000000,0,0
45,I4_J45,ga_greedy_only,3,0,9,0.000000,1500000.000000,0.000076,996.559651,996.559651,0.000000,0.000000,0.000000,0,0
45,I4_J45,ga_greedy_only,3,1,9,0.000000,1500000.000000,0.000076,906.757771,906.757771,0.000000,0.000000,0.000000,0,0
45,I4_J45,ga_greedy_only,3,0,10,0.000000,1500000.000000,0.000049,888.146005,888.146005,0.000000,0.000000,0.000000,0,0
45,I4_J45,ga_greedy_only,3,1,10,0.000000,1500000.000000,0.000049,971.283957,971.283957,0.000000,0.000000,0.000000,0,0
45,I4_J45,ga_greedy_only,3,0,11,0.000000,1500000.000000,0.000038,838.189030,838.189030,0.000000,0.000000,0.000000,0,0
45,I4_J45,ga_greedy_only,3,1,11,0.000000,1500000.000000,0.000038,858.504466,858.504466,0.000000,0.000000,0.000000,0,0
45,I4_J45,ga_greedy_only,3,0,12,0.000000,1500000.000000,0.000064,964.873022,964.873022,0.000000,0.000000,0.000000,0,0
45,I4_J45,ga_greedy_only,3,1,12,0.000000,1500000.000000,0.000064,967.958292,967.958292,0.000000,0.000000,0.000000,0,0
45,I4_J45,ga_greedy_only,3,0,13,0.000000,1500000.000000,0.000077,942.604206,942.604206,0.000000,0.000000,0.000000,0,0
45,I4_J45,ga_greedy_only,3,1,13,0.000000,1500000.000000,0.000077,915.347772,915.347772,0.000000,0.000000,0.000000,0,0
45,I4_J45,ga_greedy_only,3,0,14,100000.000000,1500000.000000,0.000051,987.987089,982.905889,5.081200,508120.000000,0.066667,0,1
45,I4_J45,ga_greedy_only,3,1,14,100000.000000,1500000.000000,0.000051,960.342824,955.261624,5.081200,508120.000000,0.066667,0,1
45,I4_J45,ga_greedy_only,3,0,15,318454.609047,1500000.000000,0.000044,868.562596,854.583713,13.978884,4451639.885857,0.212303,0,1
45,I4_J45,ga_greedy_only,3,1,15,0.000000,1500000.000000,0.000044,936.746789,936.746789,0.000000,0.000000,0.000000,0,0
45,I4_J45,ga_greedy_only,3,0,16,100000.000000,1500000.000000,0.000003,853.112955,852.769355,0.343600,34360.000000,0.066667,0,1
45,I4_J45,ga_greedy_only,3,1,16,100000.000000,1500000.000000,0.000003,819.060419,818.716819,0.343600,34360.000000,0.066667,0,1
45,I4_J45,ga_greedy_only,3,0,17,99999.000000,1500000.000000,0.000009,801.213033,800.326142,0.886891,88688.226209,0.066666,0,1
45,I4_J45,ga_greedy_only,3,1,17,100000.000000,1500000.000000,0.000009,839.741882,838.854982,0.886900,88690.000000,0.066667,0,1
45,I4_J45,ga_greedy_only,3,0,18,100000.000000,1500000.000000,0.000042,907.455934,903.296534,4.159400,415940.000000,0.066667,0,1
45,I4_J45,ga_greedy_only,3,1,18,100000.000000,1500000.000000,0.000042,907.070218,902.910818,4.159400,415940.000000,0.066667,0,1
45,I4_J45,ga_greedy_only,3,0,19,100000.000000,1500000.000000,0.000045,941.437216,936.925516,4.511700,451170.000000,0.066667,0,1
45,I4_J45,ga_greedy_only,3,1,19,100000.000000,1500000.000000,0.000045,854.487776,849.976076,4.511700,451170.000000,0.066667,0,1
45,I4_J45,ga_greedy_only,3,0,20,100000.000000,1500000.000000,0.000073,878.820697,871.474247,7.346450,734645.000000,0.066667,0,1
45,I4_J45,ga_greedy_only,3,1,20,100000.000000,1500000.000000,0.000073,994.206555,986.860105,7.346450,734645.000000,0.066667,0,1
45,I4_J45,ga_greedy_only,3,0,21,100000.000000,1500000.000000,0.000052,950.635258,945.396498,5.238760,523876.000000,0.066667,0,1
45,I4_J45,ga_greedy_only,3,1,21,100000.000000,1500000.000000,0.000052,969.615714,964.376954,5.238760,523876.000000,0.066667,0,1
45,I4_J45,ga_greedy_only,3,0,22,100000.000000,1500000.000000,0.000047,869.992876,865.257916,4.734960,473496.000000,0.066667,0,1
45,I4_J45,ga_greedy_only,3,1,22,100000.000000,1500000.000000,0.000047,844.091747,839.356787,4.734960,473496.000000,0.066667,0,1
45,I4_J45,ga_greedy_only,3,0,23,100000.000000,1500000.000000,0.000032,805.492193,802.273043,3.219150,321915.000000,0.066667,0,1
45,I4_J45,ga_greedy_only,3,1,23,100000.000000,1500000.000000,0.000032,942.527275,939.308125,3.219150,321915.000000,0.066667,0,1
45,I4_J45,ga_greedy_only,3,0,24,99999.000000,1500000.000000,0.000081,888.671089,880.539440,8.131649,813156.736621,0.066666,0,1
45,I4_J45,ga_greedy_only,3,1,24,100000.000000,1500000.000000,0.000081,993.586430,985.454700,8.131730,813173.000000,0.066667,0,1
45,I4_J45,ga_greedy_only,3,0,25,100000.000000,1500000.000000,0.000039,998.714445,994.851015,3.863430,386343.000000,0.066667,0,1
45,I4_J45,ga_greedy_only,3,1,25,100000.000000,1500000.000000,0.000039,879.573407,875.709977,3.863430,386343.000000,0.066667,0,1
45,I4_J45,ga_greedy_only,3,0,26,0.000000,1500000.000000,0.000086,911.540900,911.540900,0.000000,0.000000,0.000000,0,0
45,I4_J45,ga_greedy_only,3,1,26,0.000000,1500000.000000,0.000086,870.957551,870.957551,0.000000,0.000000,0.000000,0,0
45,I4_J45,ga_greedy_only,3,0,27,0.000000,1500000.000000,0.000056,800.331752,800.331752,0.000000,0.000000,0.000000,0,0
45,I4_J45,ga_greedy_only,3,1,27,0.000000,1500000.000000,0.000056,945.390584,945.390584,0.000000,0.000000,0.000000,0,0
45,I4_J45,ga_greedy_only,3,0,28,0.000000,1500000.000000,0.000061,813.391385,813.391385,0.000000,0.000000,0.000000,0,0
45,I4_J45,ga_greedy_only,3,1,28,0.000000,1500000.000000,0.000061,937.569803,937.569803,0.000000,0.000000,0.000000,0,0
45,I4_J45,ga_greedy_only,3,0,29,227929.672219,1500000.000000,0.000060,970.022282,956.244367,13.777916,3140395.790960,0.151953,0,1
45,I4_J45,ga_greedy_only,3,1,29,198552.623727,1500000.000000,0.000060,937.879443,925.877314,12.002129,2383054.174343,0.132368,0,1
45,I4_J45,ga_greedy_only,3,0,30,214403.192483,1500000.000000,0.000087,870.298012,851.643670,18.654343,3999550.633881,0.142935,0,1
45,I4_J45,ga_greedy_only,3,1,30,166926.361305,1500000.000000,0.000087,932.821086,918.297508,14.523578,2424368.078596,0.111284,0,1
45,I4_J45,ga_greedy_only,3,0,31,0.000000,1500000.000000,0.000022,989.869891,989.869891,0.000000,0.000000,0.000000,0,0
45,I4_J45,ga_greedy_only,3,1,31,0.000000,1500000.000000,0.000022,886.311853,886.311853,0.000000,0.000000,0.000000,0,0
45,I4_J45,ga_greedy_only,3,0,32,0.000000,1500000.000000,0.000098,891.395985,891.395985,0.000000,0.000000,0.000000,0,0
45,I4_J45,ga_greedy_only,3,1,32,0.000000,1500000.000000,0.000098,921.448417,921.448417,0.000000,0.000000,0.000000,0,0
45,I4_J45,ga_greedy_only,3,0,33,0.000000,1500000.000000,0.000078,929.839602,929.839602,0.000000,0.000000,0.000000,0,0
45,I4_J45,ga_greedy_only,3,1,33,0.000000,1500000.000000,0.000078,916.900451,916.900451,0.000000,0.000000,0.000000,0,0
45,I4_J45,ga_greedy_only,3,0,34,0.000000,1500000.000000,0.000060,948.392006,948.392006,0.000000,0.000000,0.000000,0,0
45,I4_J45,ga_greedy_only,3,1,34,0.000000,1500000.000000,0.000060,834.476741,834.476741,0.000000,0.000000,0.000000,0,0
45,I4_J45,ga_greedy_only,3,0,35,100000.000000,1500000.000000,0.000096,876.296932,866.684562,9.612370,961237.000000,0.066667,0,1
45,I4_J45,ga_greedy_only,3,1,35,100000.000000,1500000.000000,0.000096,927.676002,918.063632,9.612370,961237.000000,0.066667,0,1
45,I4_J45,ga_greedy_only,3,0,36,0.000000,1500000.000000,0.000082,800.046882,800.046882,0.000000,0.000000,0.000000,0,0
45,I4_J45,ga_greedy_only,3,1,36,0.000000,1500000.000000,0.000082,902.997596,902.997596,0.000000,0.000000,0.000000,0,0
45,I4_J45,ga_greedy_only,3,0,37,0.000000,1500000.000000,0.000058,942.423821,942.423821,0.000000,0.000000,0.000000,0,0
45,I4_J45,ga_greedy_only,3,1,37,0.000000,1500000.000000,0.000058,914.143104,914.143104,0.000000,0.000000,0.000000,0,0
45,I4_J45,ga_greedy_only,3,0,38,0.000000,1500000.000000,0.000067,992.793864,992.793864,0.000000,0.000000,0.000000,0,0
45,I4_J45,ga_greedy_only,3,1,38,0.000000,1500000.000000,0.000067,973.709568,973.709568,0.000000,0.000000,0.000000,0,0
45,I4_J45,ga_greedy_only,3,0,39,0.000000,1500000.000000,0.000092,827.049977,827.049977,0.000000,0.000000,0.000000,0,0
45,I4_J45,ga_greedy_only,3,1,39,1361758.206449,1500000.000000,0.000092,850.229145,725.574208,124.654938,169749884.374981,0.907839,0,1
45,I4_J45,ga_greedy_only,3,0,40,99999.000000,1500000.000000,0.000095,840.158468,830.689353,9.469115,946902.061675,0.066666,0,1
45,I4_J45,ga_greedy_only,3,1,40,100000.000000,1500000.000000,0.000095,842.872771,833.403561,9.469210,946921.000000,0.066667,0,1
45,I4_J45,ga_greedy_only,3,0,41,0.000000,1500000.000000,0.000066,903.776478,903.776478,0.000000,0.000000,0.000000,0,0
45,I4_J45,ga_greedy_only,3,1,41,0.000000,1500000.000000,0.000066,920.814578,920.814578,0.000000,0.000000,0.000000,0,0
45,I4_J45,ga_greedy_only,3,0,42,0.000000,1500000.000000,0.000033,971.248581,971.248581,0.000000,0.000000,0.000000,0,0
45,I4_J45,ga_greedy_only,3,1,42,0.000000,1500000.000000,0.000033,881.599606,881.599606,0.000000,0.000000,0.000000,0,0
45,I4_J45,ga_greedy_only,3,0,43,0.000000,1500000.000000,0.000090,803.070413,803.070413,0.000000,0.000000,0.000000,0,0
45,I4_J45,ga_greedy_only,3,1,43,0.000000,1500000.000000,0.000090,938.240131,938.240131,0.000000,0.000000,0.000000,0,0
45,I4_J45,ga_greedy_only,3,0,44,0.000000,1500000.000000,0.000094,859.667473,859.667473,0.000000,0.000000,0.000000,0,0
45,I4_J45,ga_greedy_only,3,1,44,0.000000,1500000.000000,0.000094,927.548132,927.548132,0.000000,0.000000,0.000000,0,0
45,I4_J45,ga_greedy_only,4,0,0,0.000000,1500000.000000,0.000027,862.655137,862.655137,0.000000,0.000000,0.000000,0,0
45,I4_J45,ga_greedy_only,4,1,0,0.000000,1500000.000000,0.000027,926.999545,926.999545,0.000000,0.000000,0.000000,0,0
45,I4_J45,ga_greedy_only,4,0,1,0.000000,1500000.000000,0.000013,809.027682,809.027682,0.000000,0.000000,0.000000,0,0
45,I4_J45,ga_greedy_only,4,1,1,0.000000,1500000.000000,0.000013,890.173310,890.173310,0.000000,0.000000,0.000000,0,0
45,I4_J45,ga_greedy_only,4,0,2,0.000000,1500000.000000,0.000050,923.901352,923.901352,0.000000,0.000000,0.000000,0,0
45,I4_J45,ga_greedy_only,4,1,2,0.000000,1500000.000000,0.000050,921.584641,921.584641,0.000000,0.000000,0.000000,0,0
45,I4_J45,ga_greedy_only,4,0,3,0.000000,1500000.000000,0.000041,906.078369,906.078369,0.000000,0.000000,0.000000,0,0
45,I4_J45,ga_greedy_only,4,1,3,0.000000,1500000.000000,0.000041,902.216840,902.216840,0.000000,0.000000,0.000000,0,0
45,I4_J45,ga_greedy_only,4,0,4,0.000000,1500000.000000,0.000027,877.099034,877.099034,0.000000,0.000000,0.000000,0,0
45,I4_J45,ga_greedy_only,4,1,4,0.000000,1500000.000000,0.000027,879.055731,879.055731,0.000000,0.000000,0.000000,0,0
45,I4_J45,ga_greedy_only,4,0,5,0.000000,1500000.000000,0.000030,980.058050,980.058050,0.000000,0.000000,0.000000,0,0
45,I4_J45,ga_greedy_only,4,1,5,0.000000,1500000.000000,0.000030,941.096515,941.096515,0.000000,0.000000,0.000000,0,0
45,I4_J45,ga_greedy_only,4,0,6,0.000000,1500000.000000,0.000033,897.130788,897.130788,0.000000,0.000000,0.000000,0,0
45,I4_J45,ga_greedy_only,4,1,6,0.000000,1500000.000000,0.000033,893.248166,893.248166,0.000000,0.000000,0.000000,0,0
45,I4_J45,ga_greedy_only,4,0,7,0.000000,1500000.000000,0.000050,921.652600,921.652600,0.000000,0.000000,0.000000,0,0
45,I4_J45,ga_greedy_only,4,1,7,0.000000,1500000.000000,0.000050,907.039295,907.039295,0.000000,0.000000,0.000000,0,0
45,I4_J45,ga_greedy_only,4,0,8,0.000000,1500000.000000,0.000009,964.597013,964.597013,0.000000,0.000000,0.000000,0,0
45,I4_J45,ga_greedy_only,4,1,8,0.000000,1500000.000000,0.000009,864.525103,864.525103,0.000000,0.000000,0.000000,0,0
45,I4_J45,ga_greedy_only,4,0,9,0.000000,1500000.000000,0.000076,996.559651,996.559651,0.000000,0.000000,0.000000,0,0
45,I4_J45,ga_greedy_only,4,1,9,0.000000,1500000.000000,0.000076,906.757771,906.757771,0.000000,0.000000,0.000000,0,0
45,I4_J45,ga_greedy_only,4,0,10,100000.000000,1500000.000000,0.000049,888.146005,883.216005,4.930000,493000.000000,0.066667,0,1
45,I4_J45,ga_greedy_only,4,1,10,0.000000,1500000.000000,0.000049,971.283957,971.283957,0.000000,0.000000,0.000000,0,0
45,I4_J45,ga_greedy_only,4,0,11,0.000000,1500000.000000,0.000038,838.189030,838.189030,0.000000,0.000000,0.000000,0,0
45,I4_J45,ga_greedy_only,4,1,11,0.000000,1500000.000000,0.000038,858.504466,858.504466,0.000000,0.000000,0.000000,0,0
45,I4_J45,ga_greedy_only,4,0,12,0.000000,1500000.000000,0.000064,964.873022,964.873022,0.000000,0.000000,0.000000,0,0
45,I4_J45,ga_greedy_only,4,1,12,0.000000,1500000.000000,0.000064,967.958292,967.958292,0.000000,0.000000,0.000000,0,0
45,I4_J45,ga_greedy_only,4,0,13,0.000000,1500000.000000,0.000077,942.604206,942.604206,0.000000,0.000000,0.000000,0,0
45,I4_J45,ga_greedy_only,4,1,13,0.000000,1500000.000000,0.000077,915.347772,915.347772,0.000000,0.000000,0.000000,0,0
45,I4_J45,ga_greedy_only,4,0,14,100000.000000,1500000.000000,0.000051,987.987089,982.905889,5.081200,508120.000000,0.066667,0,1
45,I4_J45,ga_greedy_only,4,1,14,100000.000000,1500000.000000,0.000051,960.342824,955.261624,5.081200,508120.000000,0.066667,0,1
45,I4_J45,ga_greedy_only,4,0,15,270792.403174,1500000.000000,0.000044,868.562596,856.675893,11.886703,3218828.960474,0.180528,0,1
45,I4_J45,ga_greedy_only,4,1,15,100000.000000,1500000.000000,0.000044,936.746789,932.357189,4.389600,438960.000000,0.066667,0,1
45,I4_J45,ga_greedy_only,4,0,16,100000.000000,1500000.000000,0.000003,853.112955,852.769355,0.343600,34360.000000,0.066667,0,1
45,I4_J45,ga_greedy_only,4,1,16,100000.000000,1500000.000000,0.000003,819.060419,818.716819,0.343600,34360.000000,0.066667,0,1
45,I4_J45,ga_greedy_only,4,0,17,333556.955811,1500000.000000,0.000009,801.213033,798.254717,2.958317,986767.093128,0.222371,0,1
45,I4_J45,ga_greedy_only,4,1,17,100000.000000,1500000.000000,0.000009,839.741882,838.854982,0.886900,88690.000000,0.066667,0,1
45,I4_J45,ga_greedy_only,4,0,18,99999.000000,1500000.000000,0.000042,907.455934,903.296576,4.159358,415931.681242,0.066666,0,1
45,I4_J45,ga_greedy_only,4,1,18,100000.000000,1500000.000000,0.000042,907.070218,902.910818,4.159400,415940.000000,0.066667,0,1
45,I4_J45,ga_greedy_only,4,0,19,100000.000000,1500000.000000,0.000045,941.437216,936.925516,4.511700,451170.000000,0.066667,0,1
45,I4_J45,ga_greedy_only,4,1,19,100000.000000,1500000.000000,0.000045,854.487776,849.976076,4.511700,451170.000000,0.066667,0,1
45,I4_J45,ga_greedy_only,4,0,20,100000.000000,1500000.000000,0.000073,878.820697,871.474247,7.346450,734645.000000,0.066667,0,1
45,I4_J45,ga_greedy_only,4,1,20,100000.000000,1500000.000000,0.000073,994.206555,986.860105,7.346450,734645.000000,0.066667,0,1
45,I4_J45,ga_greedy_only,4,0,21,100000.000000,1500000.000000,0.000052,950.635258,945.396498,5.238760,523876.000000,0.066667,0,1
45,I4_J45,ga_greedy_only,4,1,21,100000.000000,1500000.000000,0.000052,969.615714,964.376954,5.238760,523876.000000,0.066667,0,1
45,I4_J45,ga_greedy_only,4,0,22,100000.000000,1500000.000000,0.000047,869.992876,865.257916,4.734960,473496.000000,0.066667,0,1
45,I4_J45,ga_greedy_only,4,1,22,100000.000000,1500000.000000,0.000047,844.091747,839.356787,4.734960,473496.000000,0.066667,0,1
45,I4_J45,ga_greedy_only,4,0,23,100000.000000,1500000.000000,0.000032,805.492193,802.273043,3.219150,321915.000000,0.066667,0,1
45,I4_J45,ga_greedy_only,4,1,23,100000.000000,1500000.000000,0.000032,942.527275,939.308125,3.219150,321915.000000,0.066667,0,1
45,I4_J45,ga_greedy_only,4,0,24,100000.000000,1500000.000000,0.000081,888.671089,880.539359,8.131730,813173.000000,0.066667,0,1
45,I4_J45,ga_greedy_only,4,1,24,100000.000000,1500000.000000,0.000081,993.586430,985.454700,8.131730,813173.000000,0.066667,0,1
45,I4_J45,ga_greedy_only,4,0,25,99999.000000,1500000.000000,0.000039,998.714445,994.851054,3.863391,386335.273179,0.066666,0,1
45,I4_J45,ga_greedy_only,4,1,25,100000.000000,1500000.000000,0.000039,879.573407,875.709977,3.863430,386343.000000,0.066667,0,1
45,I4_J45,ga_greedy_only,4,0,26,0.000000,1500000.000000,0.000086,911.540900,911.540900,0.000000,0.000000,0.000000,0,0
45,I4_J45,ga_greedy_only,4,1,26,0.000000,1500000.000000,0.000086,870.957551,870.957551,0.000000,0.000000,0.000000,0,0
45,I4_J45,ga_greedy_only,4,0,27,0.000000,1500000.000000,0.000056,800.331752,800.331752,0.000000,0.000000,0.000000,0,0
45,I4_J45,ga_greedy_only,4,1,27,0.000000,1500000.000000,0.000056,945.390584,945.390584,0.000000,0.000000,0.000000,0,0
45,I4_J45,ga_greedy_only,4,0,28,0.000000,1500000.000000,0.000061,813.391385,813.391385,0.000000,0.000000,0.000000,0,0
45,I4_J45,ga_greedy_only,4,1,28,0.000000,1500000.000000,0.000061,937.569803,937.569803,0.000000,0.000000,0.000000,0,0
45,I4_J45,ga_greedy_only,4,0,29,0.000000,1500000.000000,0.000060,970.022282,970.022282,0.000000,0.000000,0.000000,0,0
45,I4_J45,ga_greedy_only,4,1,29,0.000000,1500000.000000,0.000060,937.879443,937.879443,0.000000,0.000000,0.000000,0,0
45,I4_J45,ga_greedy_only,4,0,30,0.000000,1500000.000000,0.000087,870.298012,870.298012,0.000000,0.000000,0.000000,0,0
45,I4_J45,ga_greedy_only,4,1,30,262726.243411,1500000.000000,0.000087,932.821086,909.962353,22.858733,6005589.118966,0.175151,0,1
45,I4_J45,ga_greedy_only,4,0,31,0.000000,1500000.000000,0.000022,989.869891,989.869891,0.000000,0.000000,0.000000,0,0
45,I4_J45,ga_greedy_only,4,1,31,0.000000,1500000.000000,0.000022,886.311853,886.311853,0.000000,0.000000,0.000000,0,0
45,I4_J45,ga_greedy_only,4,0,32,100000.000000,1500000.000000,0.000098,891.395985,881.602945,9.793040,979304.000000,0.066667,0,1
45,I4_J45,ga_greedy_only,4,1,32,0.000000,1500000.000000,0.000098,921.448417,921.448417,0.000000,0.000000,0.000000,0,0
45,I4_J45,ga_greedy_only,4,0,33,0.000000,1500000.000000,0.000078,929.839602,929.839602,0.000000,0.000000,0.000000,0,0
45,I4_J45,ga_greedy_only,4,1,33,0.000000,1500000.000000,0.000078,916.900451,916.900451,0.000000,0.000000,0.000000,0,0
45,I4_J45,ga_greedy_only,4,0,34,0.000000,1500000.000000,0.000060,948.392006,948.392006,0.000000,0.000000,0.000000,0,0
45,I4_J45,ga_greedy_only,4,1,34,0.000000,1500000.000000,0.000060,834.476741,834.476741,0.000000,0.000000,0.000000,0,0
45,I4_J45,ga_greedy_only,4,0,35,100000.000000,1500000.000000,0.000096,876.296932,866.684562,9.612370,961237.000000,0.066667,0,1
45,I4_J45,ga_greedy_only,4,1,35,100000.000000,1500000.000000,0.000096,927.676002,918.063632,9.612370,961237.000000,0.066667,0,1
45,I4_J45,ga_greedy_only,4,0,36,0.000000,1500000.000000,0.000082,800.046882,800.046882,0.000000,0.000000,0.000000,0,0
45,I4_J45,ga_greedy_only,4,1,36,0.000000,1500000.000000,0.000082,902.997596,902.997596,0.000000,0.000000,0.000000,0,0
45,I4_J45,ga_greedy_only,4,0,37,0.000000,1500000.000000,0.000058,942.423821,942.423821,0.000000,0.000000,0.000000,0,0
45,I4_J45,ga_greedy_only,4,1,37,0.000000,1500000.000000,0.000058,914.143104,914.143104,0.000000,0.000000,0.000000,0,0
45,I4_J45,ga_greedy_only,4,0,38,0.000000,1500000.000000,0.000067,992.793864,992.793864,0.000000,0.000000,0.000000,0,0
45,I4_J45,ga_greedy_only,4,1,38,0.000000,1500000.000000,0.000067,973.709568,973.709568,0.000000,0.000000,0.000000,0,0
45,I4_J45,ga_greedy_only,4,0,39,0.000000,1500000.000000,0.000092,827.049977,827.049977,0.000000,0.000000,0.000000,0,0
45,I4_J45,ga_greedy_only,4,1,39,1461097.871981,1500000.000000,0.000092,850.229145,716.480685,133.748461,195419591.560595,0.974065,0,1
45,I4_J45,ga_greedy_only,4,0,40,100000.000000,1500000.000000,0.000095,840.158468,830.689258,9.469210,946921.000000,0.066667,0,1
45,I4_J45,ga_greedy_only,4,1,40,100000.000000,1500000.000000,0.000095,842.872771,833.403561,9.469210,946921.000000,0.066667,0,1
45,I4_J45,ga_greedy_only,4,0,41,0.000000,1500000.000000,0.000066,903.776478,903.776478,0.000000,0.000000,0.000000,0,0
45,I4_J45,ga_greedy_only,4,1,41,0.000000,1500000.000000,0.000066,920.814578,920.814578,0.000000,0.000000,0.000000,0,0
45,I4_J45,ga_greedy_only,4,0,42,0.000000,1500000.000000,0.000033,971.248581,971.248581,0.000000,0.000000,0.000000,0,0
45,I4_J45,ga_greedy_only,4,1,42,0.000000,1500000.000000,0.000033,881.599606,881.599606,0.000000,0.000000,0.000000,0,0
45,I4_J45,ga_greedy_only,4,0,43,0.000000,1500000.000000,0.000090,803.070413,803.070413,0.000000,0.000000,0.000000,0,0
45,I4_J45,ga_greedy_only,4,1,43,0.000000,1500000.000000,0.000090,938.240131,938.240131,0.000000,0.000000,0.000000,0,0
45,I4_J45,ga_greedy_only,4,0,44,0.000000,1500000.000000,0.000094,859.667473,859.667473,0.000000,0.000000,0.000000,0,0
45,I4_J45,ga_greedy_only,4,1,44,0.000000,1500000.000000,0.000094,927.548132,927.548132,0.000000,0.000000,0.000000,0,0
50,I4_J50,manual,-1,0,0,0.000000,1500000.000000,0.000027,862.655137,862.655137,0.000000,0.000000,0.000000,0,0
50,I4_J50,manual,-1,1,0,0.000000,1500000.000000,0.000027,926.999545,926.999545,0.000000,0.000000,0.000000,0,0
50,I4_J50,manual,-1,0,1,0.000000,1500000.000000,0.000013,809.027682,809.027682,0.000000,0.000000,0.000000,0,0
50,I4_J50,manual,-1,1,1,0.000000,1500000.000000,0.000013,890.173310,890.173310,0.000000,0.000000,0.000000,0,0
50,I4_J50,manual,-1,0,2,0.000000,1500000.000000,0.000050,923.901352,923.901352,0.000000,0.000000,0.000000,0,0
50,I4_J50,manual,-1,1,2,0.000000,1500000.000000,0.000050,921.584641,921.584641,0.000000,0.000000,0.000000,0,0
50,I4_J50,manual,-1,0,3,0.000000,1500000.000000,0.000041,906.078369,906.078369,0.000000,0.000000,0.000000,0,0
50,I4_J50,manual,-1,1,3,0.000000,1500000.000000,0.000041,902.216840,902.216840,0.000000,0.000000,0.000000,0,0
50,I4_J50,manual,-1,0,4,0.000000,1500000.000000,0.000027,877.099034,877.099034,0.000000,0.000000,0.000000,0,0
50,I4_J50,manual,-1,1,4,0.000000,1500000.000000,0.000027,879.055731,879.055731,0.000000,0.000000,0.000000,0,0
50,I4_J50,manual,-1,0,5,0.000000,1500000.000000,0.000030,980.058050,980.058050,0.000000,0.000000,0.000000,0,0
50,I4_J50,manual,-1,1,5,0.000000,1500000.000000,0.000030,941.096515,941.096515,0.000000,0.000000,0.000000,0,0
50,I4_J50,manual,-1,0,6,0.000000,1500000.000000,0.000033,897.130788,897.130788,0.000000,0.000000,0.000000,0,0
50,I4_J50,manual,-1,1,6,0.000000,1500000.000000,0.000033,893.248166,893.248166,0.000000,0.000000,0.000000,0,0
50,I4_J50,manual,-1,0,7,0.000000,1500000.000000,0.000050,921.652600,921.652600,0.000000,0.000000,0.000000,0,0
50,I4_J50,manual,-1,1,7,0.000000,1500000.000000,0.000050,907.039295,907.039295,0.000000,0.000000,0.000000,0,0
50,I4_J50,manual,-1,0,8,0.000000,1500000.000000,0.000009,964.597013,964.597013,0.000000,0.000000,0.000000,0,0
50,I4_J50,manual,-1,1,8,0.000000,1500000.000000,0.000009,864.525103,864.525103,0.000000,0.000000,0.000000,0,0
50,I4_J50,manual,-1,0,9,0.000000,1500000.000000,0.000076,996.559651,996.559651,0.000000,0.000000,0.000000,0,0
50,I4_J50,manual,-1,1,9,0.000000,1500000.000000,0.000076,906.757771,906.757771,0.000000,0.000000,0.000000,0,0
50,I4_J50,manual,-1,0,10,0.000000,1500000.000000,0.000049,888.146005,888.146005,0.000000,0.000000,0.000000,0,0
50,I4_J50,manual,-1,1,10,0.000000,1500000.000000,0.000049,971.283957,971.283957,0.000000,0.000000,0.000000,0,0
50,I4_J50,manual,-1,0,11,0.000000,1500000.000000,0.000038,838.189030,838.189030,0.000000,0.000000,0.000000,0,0
50,I4_J50,manual,-1,1,11,0.000000,1500000.000000,0.000038,858.504466,858.504466,0.000000,0.000000,0.000000,0,0
50,I4_J50,manual,-1,0,12,0.000000,1500000.000000,0.000064,964.873022,964.873022,0.000000,0.000000,0.000000,0,0
50,I4_J50,manual,-1,1,12,0.000000,1500000.000000,0.000064,967.958292,967.958292,0.000000,0.000000,0.000000,0,0
50,I4_J50,manual,-1,0,13,0.000000,1500000.000000,0.000077,942.604206,942.604206,0.000000,0.000000,0.000000,0,0
50,I4_J50,manual,-1,1,13,0.000000,1500000.000000,0.000077,915.347772,915.347772,0.000000,0.000000,0.000000,0,0
50,I4_J50,manual,-1,0,14,100000.000000,1500000.000000,0.000051,987.987089,982.905889,5.081200,508120.000000,0.066667,0,1
50,I4_J50,manual,-1,1,14,100000.000000,1500000.000000,0.000051,960.342824,955.261624,5.081200,508120.000000,0.066667,0,1
50,I4_J50,manual,-1,0,15,346260.263564,1500000.000000,0.000044,868.562596,853.363156,15.199441,5262962.283733,0.230840,0,1
50,I4_J50,manual,-1,1,15,100000.000000,1500000.000000,0.000044,936.746789,932.357189,4.389600,438960.000000,0.066667,0,1
50,I4_J50,manual,-1,0,16,100000.000000,1500000.000000,0.000003,853.112955,852.769355,0.343600,34360.000000,0.066667,0,1
50,I4_J50,manual,-1,1,16,100000.000000,1500000.000000,0.000003,819.060419,818.716819,0.343600,34360.000000,0.066667,0,1
50,I4_J50,manual,-1,0,17,100000.000000,1500000.000000,0.000009,801.213033,800.326133,0.886900,88690.000000,0.066667,0,1
50,I4_J50,manual,-1,1,17,100000.000000,1500000.000000,0.000009,839.741882,838.854982,0.886900,88690.000000,0.066667,0,1
50,I4_J50,manual,-1,0,18,100000.000000,1500000.000000,0.000042,907.455934,903.296534,4.159400,415940.000000,0.066667,0,1
50,I4_J50,manual,-1,1,18,100000.000000,1500000.000000,0.000042,907.070218,902.910818,4.159400,415940.000000,0.066667,0,1
50,I4_J50,manual,-1,0,19,100000.000000,1500000.000000,0.000045,941.437216,936.925516,4.511700,451170.000000,0.066667,0,1
50,I4_J50,manual,-1,1,19,100000.000000,1500000.000000,0.000045,854.487776,849.976076,4.511700,451170.000000,0.066667,0,1
50,I4_J50,manual,-1,0,20,100000.000000,1500000.000000,0.000073,878.820697,871.474247,7.346450,734645.000000,0.066667,0,1
50,I4_J50,manual,-1,1,20,100000.000000,1500000.000000,0.000073,994.206555,986.860105,7.346450,734645.000000,0.066667,0,1
50,I4_J50,manual,-1,0,21,100000.000000,1500000.000000,0.000052,950.635258,945.396498,5.238760,523876.000000,0.066667,0,1
50,I4_J50,manual,-1,1,21,100000.000000,1500000.000000,0.000052,969.615714,964.376954,5.238760,523876.000000,0.066667,0,1
50,I4_J50,manual,-1,0,22,100000.000000,1500000.000000,0.000047,869.992876,865.257916,4.734960,473496.000000,0.066667,0,1
50,I4_J50,manual,-1,1,22,100000.000000,1500000.000000,0.000047,844.091747,839.356787,4.734960,473496.000000,0.066667,0,1
50,I4_J50,manual,-1,0,23,100000.000000,1500000.000000,0.000032,805.492193,802.273043,3.219150,321915.000000,0.066667,0,1
50,I4_J50,manual,-1,1,23,100000.000000,1500000.000000,0.000032,942.527275,939.308125,3.219150,321915.000000,0.066667,0,1
50,I4_J50,manual,-1,0,24,100000.000000,1500000.000000,0.000081,888.671089,880.539359,8.131730,813173.000000,0.066667,0,1
50,I4_J50,manual,-1,1,24,100000.000000,1500000.000000,0.000081,993.586430,985.454700,8.131730,813173.000000,0.066667,0,1
50,I4_J50,manual,-1,0,25,100000.000000,1500000.000000,0.000039,998.714445,994.851015,3.863430,386343.000000,0.066667,0,1
50,I4_J50,manual,-1,1,25,100000.000000,1500000.000000,0.000039,879.573407,875.709977,3.863430,386343.000000,0.066667,0,1
50,I4_J50,manual,-1,0,26,0.000000,1500000.000000,0.000086,911.540900,911.540900,0.000000,0.000000,0.000000,0,0
50,I4_J50,manual,-1,1,26,0.000000,1500000.000000,0.000086,870.957551,870.957551,0.000000,0.000000,0.000000,0,0
50,I4_J50,manual,-1,0,27,0.000000,1500000.000000,0.000056,800.331752,800.331752,0.000000,0.000000,0.000000,0,0
50,I4_J50,manual,-1,1,27,0.000000,1500000.000000,0.000056,945.390584,945.390584,0.000000,0.000000,0.000000,0,0
50,I4_J50,manual,-1,0,28,0.000000,1500000.000000,0.000061,813.391385,813.391385,0.000000,0.000000,0.000000,0,0
50,I4_J50,manual,-1,1,28,0.000000,1500000.000000,0.000061,937.569803,937.569803,0.000000,0.000000,0.000000,0,0
50,I4_J50,manual,-1,0,29,0.000000,1500000.000000,0.000060,970.022282,970.022282,0.000000,0.000000,0.000000,0,0
50,I4_J50,manual,-1,1,29,316080.560085,1500000.000000,0.000060,937.879443,918.772973,19.106469,6039183.518875,0.210720,0,1
50,I4_J50,manual,-1,0,30,100000.000000,1500000.000000,0.000087,870.298012,861.597422,8.700590,870059.000000,0.066667,0,1
50,I4_J50,manual,-1,1,30,100000.000000,1500000.000000,0.000087,932.821086,924.120496,8.700590,870059.000000,0.066667,0,1
50,I4_J50,manual,-1,0,31,0.000000,1500000.000000,0.000022,989.869891,989.869891,0.000000,0.000000,0.000000,0,0
50,I4_J50,manual,-1,1,31,0.000000,1500000.000000,0.000022,886.311853,886.311853,0.000000,0.000000,0.000000,0,0
50,I4_J50,manual,-1,0,32,0.000000,1500000.000000,0.000098,891.395985,891.395985,0.000000,0.000000,0.000000,0,0
50,I4_J50,manual,-1,1,32,0.000000,1500000.000000,0.000098,921.448417,921.448417,0.000000,0.000000,0.000000,0,0
50,I4_J50,manual,-1,0,33,0.000000,1500000.000000,0.000078,929.839602,929.839602,0.000000,0.000000,0.000000,0,0
50,I4_J50,manual,-1,1,33,0.000000,1500000.000000,0.000078,916.900451,916.900451,0.000000,0.000000,0.000000,0,0
50,I4_J50,manual,-1,0,34,0.000000,1500000.000000,0.000060,948.392006,948.392006,0.000000,0.000000,0.000000,0,0
50,I4_J50,manual,-1,1,34,0.000000,1500000.000000,0.000060,834.476741,834.476741,0.000000,0.000000,0.000000,0,0
50,I4_J50,manual,-1,0,35,100000.000000,1500000.000000,0.000096,876.296932,866.684562,9.612370,961237.000000,0.066667,0,1
50,I4_J50,manual,-1,1,35,100000.000000,1500000.000000,0.000096,927.676002,918.063632,9.612370,961237.000000,0.066667,0,1
50,I4_J50,manual,-1,0,36,0.000000,1500000.000000,0.000082,800.046882,800.046882,0.000000,0.000000,0.000000,0,0
50,I4_J50,manual,-1,1,36,0.000000,1500000.000000,0.000082,902.997596,902.997596,0.000000,0.000000,0.000000,0,0
50,I4_J50,manual,-1,0,37,0.000000,1500000.000000,0.000058,942.423821,942.423821,0.000000,0.000000,0.000000,0,0
50,I4_J50,manual,-1,1,37,0.000000,1500000.000000,0.000058,914.143104,914.143104,0.000000,0.000000,0.000000,0,0
50,I4_J50,manual,-1,0,38,0.000000,1500000.000000,0.000067,992.793864,992.793864,0.000000,0.000000,0.000000,0,0
50,I4_J50,manual,-1,1,38,0.000000,1500000.000000,0.000067,973.709568,973.709568,0.000000,0.000000,0.000000,0,0
50,I4_J50,manual,-1,0,39,335158.760447,1500000.000000,0.000092,827.049977,796.369644,30.680332,10282782.171800,0.223439,0,1
50,I4_J50,manual,-1,1,39,1501863.137389,1500000.000000,0.000092,850.229145,712.919595,137.309550,206220151.556427,1.001242,1,1
50,I4_J50,manual,-1,0,40,100000.000000,1500000.000000,0.000095,840.158468,830.689258,9.469210,946921.000000,0.066667,0,1
50,I4_J50,manual,-1,1,40,100000.000000,1500000.000000,0.000095,842.872771,833.403561,9.469210,946921.000000,0.066667,0,1
50,I4_J50,manual,-1,0,41,0.000000,1500000.000000,0.000066,903.776478,903.776478,0.000000,0.000000,0.000000,0,0
50,I4_J50,manual,-1,1,41,0.000000,1500000.000000,0.000066,920.814578,920.814578,0.000000,0.000000,0.000000,0,0
50,I4_J50,manual,-1,0,42,0.000000,1500000.000000,0.000033,971.248581,971.248581,0.000000,0.000000,0.000000,0,0
50,I4_J50,manual,-1,1,42,0.000000,1500000.000000,0.000033,881.599606,881.599606,0.000000,0.000000,0.000000,0,0
50,I4_J50,manual,-1,0,43,0.000000,1500000.000000,0.000090,803.070413,803.070413,0.000000,0.000000,0.000000,0,0
50,I4_J50,manual,-1,1,43,0.000000,1500000.000000,0.000090,938.240131,938.240131,0.000000,0.000000,0.000000,0,0
50,I4_J50,manual,-1,0,44,0.000000,1500000.000000,0.000094,859.667473,859.667473,0.000000,0.000000,0.000000,0,0
50,I4_J50,manual,-1,1,44,0.000000,1500000.000000,0.000094,927.548132,927.548132,0.000000,0.000000,0.000000,0,0
50,I4_J50,manual,-1,0,45,100000.000000,1500000.000000,0.000091,960.668904,951.594214,9.074690,907469.000000,0.066667,0,1
50,I4_J50,manual,-1,1,45,100000.000000,1500000.000000,0.000091,981.582038,972.507348,9.074690,907469.000000,0.066667,0,1
50,I4_J50,manual,-1,0,46,0.000000,1500000.000000,0.000086,949.162130,949.162130,0.000000,0.000000,0.000000,0,0
50,I4_J50,manual,-1,1,46,0.000000,1500000.000000,0.000086,985.455942,985.455942,0.000000,0.000000,0.000000,0,0
50,I4_J50,manual,-1,0,47,0.000000,1500000.000000,0.000026,934.806908,934.806908,0.000000,0.000000,0.000000,0,0
50,I4_J50,manual,-1,1,47,0.000000,1500000.000000,0.000026,814.539992,814.539992,0.000000,0.000000,0.000000,0,0
50,I4_J50,manual,-1,0,48,0.000000,1500000.000000,0.000018,982.337618,982.337618,0.000000,0.000000,0.000000,0,0
50,I4_J50,manual,-1,1,48,0.000000,1500000.000000,0.000018,861.517751,861.517751,0.000000,0.000000,0.000000,0,0
50,I4_J50,manual,-1,0,49,0.000000,1500000.000000,0.000097,961.920826,961.920826,0.000000,0.000000,0.000000,0,0
50,I4_J50,manual,-1,1,49,0.000000,1500000.000000,0.000097,908.892115,908.892115,0.000000,0.000000,0.000000,0,0
50,I4_J50,ga_greedy_only,0,0,0,100000.000000,1500000.000000,0.000027,862.655137,859.987137,2.668000,266800.000000,0.066667,0,1
50,I4_J50,ga_greedy_only,0,1,0,0.000000,1500000.000000,0.000027,926.999545,926.999545,0.000000,0.000000,0.000000,0,0
50,I4_J50,ga_greedy_only,0,0,1,0.000000,1500000.000000,0.000013,809.027682,809.027682,0.000000,0.000000,0.000000,0,0
50,I4_J50,ga_greedy_only,0,1,1,0.000000,1500000.000000,0.000013,890.173310,890.173310,0.000000,0.000000,0.000000,0,0
50,I4_J50,ga_greedy_only,0,0,2,0.000000,1500000.000000,0.000050,923.901352,923.901352,0.000000,0.000000,0.000000,0,0
50,I4_J50,ga_greedy_only,0,1,2,0.000000,1500000.000000,0.000050,921.584641,921.584641,0.000000,0.000000,0.000000,0,0
50,I4_J50,ga_greedy_only,0,0,3,0.000000,1500000.000000,0.000041,906.078369,906.078369,0.000000,0.000000,0.000000,0,0
50,I4_J50,ga_greedy_only,0,1,3,0.000000,1500000.000000,0.000041,902.216840,902.216840,0.000000,0.000000,0.000000,0,0
50,I4_J50,ga_greedy_only,0,0,4,0.000000,1500000.000000,0.000027,877.099034,877.099034,0.000000,0.000000,0.000000,0,0
50,I4_J50,ga_greedy_only,0,1,4,0.000000,1500000.000000,0.000027,879.055731,879.055731,0.000000,0.000000,0.000000,0,0
50,I4_J50,ga_greedy_only,0,0,5,0.000000,1500000.000000,0.000030,980.058050,980.058050,0.000000,0.000000,0.000000,0,0
50,I4_J50,ga_greedy_only,0,1,5,0.000000,1500000.000000,0.000030,941.096515,941.096515,0.000000,0.000000,0.000000,0,0
50,I4_J50,ga_greedy_only,0,0,6,0.000000,1500000.000000,0.000033,897.130788,897.130788,0.000000,0.000000,0.000000,0,0
50,I4_J50,ga_greedy_only,0,1,6,0.000000,1500000.000000,0.000033,893.248166,893.248166,0.000000,0.000000,0.000000,0,0
50,I4_J50,ga_greedy_only,0,0,7,0.000000,1500000.000000,0.000050,921.652600,921.652600,0.000000,0.000000,0.000000,0,0
50,I4_J50,ga_greedy_only,0,1,7,0.000000,1500000.000000,0.000050,907.039295,907.039295,0.000000,0.000000,0.000000,0,0
50,I4_J50,ga_greedy_only,0,0,8,0.000000,1500000.000000,0.000009,964.597013,964.597013,0.000000,0.000000,0.000000,0,0
50,I4_J50,ga_greedy_only,0,1,8,0.000000,1500000.000000,0.000009,864.525103,864.525103,0.000000,0.000000,0.000000,0,0
50,I4_J50,ga_greedy_only,0,0,9,0.000000,1500000.000000,0.000076,996.559651,996.559651,0.000000,0.000000,0.000000,0,0
50,I4_J50,ga_greedy_only,0,1,9,99999.000000,1500000.000000,0.000076,906.757771,899.197647,7.560124,756004.879676,0.066666,0,1
50,I4_J50,ga_greedy_only,0,0,10,0.000000,1500000.000000,0.000049,888.146005,888.146005,0.000000,0.000000,0.000000,0,0
50,I4_J50,ga_greedy_only,0,1,10,0.000000,1500000.000000,0.000049,971.283957,971.283957,0.000000,0.000000,0.000000,0,0
50,I4_J50,ga_greedy_only,0,0,11,0.000000,1500000.000000,0.000038,838.189030,838.189030,0.000000,0.000000,0.000000,0,0
50,I4_J50,ga_greedy_only,0,1,11,0.000000,1500000.000000,0.000038,858.504466,858.504466,0.000000,0.000000,0.000000,0,0
50,I4_J50,ga_greedy_only,0,0,12,0.000000,1500000.000000,0.000064,964.873022,964.873022,0.000000,0.000000,0.000000,0,0
50,I4_J50,ga_greedy_only,0,1,12,0.000000,1500000.000000,0.000064,967.958292,967.958292,0.000000,0.000000,0.000000,0,0
50,I4_J50,ga_greedy_only,0,0,13,0.000000,1500000.000000,0.000077,942.604206,942.604206,0.000000,0.000000,0.000000,0,0
50,I4_J50,ga_greedy_only,0,1,13,0.000000,1500000.000000,0.000077,915.347772,915.347772,0.000000,0.000000,0.000000,0,0
50,I4_J50,ga_greedy_only,0,0,14,100000.000000,1500000.000000,0.000051,987.987089,982.905889,5.081200,508120.000000,0.066667,0,1
50,I4_J50,ga_greedy_only,0,1,14,100000.000000,1500000.000000,0.000051,960.342824,955.261624,5.081200,508120.000000,0.066667,0,1
50,I4_J50,ga_greedy_only,0,0,15,304616.795512,1500000.000000,0.000044,868.562596,855.191138,13.371459,4073170.947981,0.203078,0,1
50,I4_J50,ga_greedy_only,0,1,15,0.000000,1500000.000000,0.000044,936.746789,936.746789,0.000000,0.000000,0.000000,0,0
50,I4_J50,ga_greedy_only,0,0,16,100000.000000,1500000.000000,0.000003,853.112955,852.769355,0.343600,34360.000000,0.066667,0,1
50,I4_J50,ga_greedy_only,0,1,16,100001.000000,1500000.000000,0.000003,819.060419,818.716815,0.343603,34360.687203,0.066667,0,1
50,I4_J50,ga_greedy_only,0,0,17,100000.000000,1500000.000000,0.000009,801.213033,800.326133,0.886900,88690.000000,0.066667,0,1
50,I4_J50,ga_greedy_only,0,1,17,100001.000000,1500000.000000,0.000009,839.741882,838.854973,0.886909,88691.773809,0.066667,0,1
50,I4_J50,ga_greedy_only,0,0,18,100000.000000,1500000.000000,0.000042,907.455934,903.296534,4.159400,415940.000000,0.066667,0,1
50,I4_J50,ga_greedy_only,0,1,18,100000.000000,1500000.000000,0.000042,907.070218,902.910818,4.159400,415940.000000,0.066667,0,1
50,I4_J50,ga_greedy_only,0,0,19,100000.000000,1500000.000000,0.000045,941.437216,936.925516,4.511700,451170.000000,0.066667,0,1
50,I4_J50,ga_greedy_only,0,1,19,100000.000000,1500000.000000,0.000045,854.487776,849.976076,4.511700,451170.000000,0.066667,0,1
50,I4_J50,ga_greedy_only,0,0,20,100000.000000,1500000.000000,0.000073,878.820697,871.474247,7.346450,734645.000000,0.066667,0,1
50,I4_J50,ga_greedy_only,0,1,20,100000.000000,1500000.000000,0.000073,994.206555,986.860105,7.346450,734645.000000,0.066667,0,1
50,I4_J50,ga_greedy_only,0,0,21,100000.000000,1500000.000000,0.000052,950.635258,945.396498,5.238760,523876.000000,0.066667,0,1
50,I4_J50,ga_greedy_only,0,1,21,100000.000000,1500000.000000,0.000052,969.615714,964.376954,5.238760,523876.000000,0.066667,0,1
50,I4_J50,ga_greedy_only,0,0,22,100000.000000,1500000.000000,0.000047,869.992876,865.257916,4.734960,473496.000000,0.066667,0,1
50,I4_J50,ga_greedy_only,0,1,22,118329.054707,1500000.000000,0.000047,844.091747,838.488913,5.602833,662977.980943,0.078886,0,1
50,I4_J50,ga_greedy_only,0,0,23,100001.000000,1500000.000000,0.000032,805.492193,802.273011,3.219182,321921.438332,0.066667,0,1
50,I4_J50,ga_greedy_only,0,1,23,100000.000000,1500000.000000,0.000032,942.527275,939.308125,3.219150,321915.000000,0.066667,0,1
50,I4_J50,ga_greedy_only,0,0,24,100000.000000,1500000.000000,0.000081,888.671089,880.539359,8.131730,813173.000000,0.066667,0,1
50,I4_J50,ga_greedy_only,0,1,24,100000.000000,1500000.000000,0.000081,993.586430,985.454700,8.131730,813173.000000,0.066667,0,1
50,I4_J50,ga_greedy_only,0,0,25,100000.000000,1500000.000000,0.000039,998.714445,994.851015,3.863430,386343.000000,0.066667,0,1
50,I4_J50,ga_greedy_only,0,1,25,100000.000000,1500000.000000,0.000039,879.573407,875.709977,3.863430,386343.000000,0.066667,0,1
50,I4_J50,ga_greedy_only,0,0,26,0.000000,1500000.000000,0.000086,911.540900,911.540900,0.000000,0.000000,0.000000,0,0
50,I4_J50,ga_greedy_only,0,1,26,0.000000,1500000.000000,0.000086,870.957551,870.957551,0.000000,0.000000,0.000000,0,0
50,I4_J50,ga_greedy_only,0,0,27,0.000000,1500000.000000,0.000056,800.331752,800.331752,0.000000,0.000000,0.000000,0,0
50,I4_J50,ga_greedy_only,0,1,27,0.000000,1500000.000000,0.000056,945.390584,945.390584,0.000000,0.000000,0.000000,0,0
50,I4_J50,ga_greedy_only,0,0,28,0.000000,1500000.000000,0.000061,813.391385,813.391385,0.000000,0.000000,0.000000,0,0
50,I4_J50,ga_greedy_only,0,1,28,0.000000,1500000.000000,0.000061,937.569803,937.569803,0.000000,0.000000,0.000000,0,0
50,I4_J50,ga_greedy_only,0,0,29,0.000000,1500000.000000,0.000060,970.022282,970.022282,0.000000,0.000000,0.000000,0,0
50,I4_J50,ga_greedy_only,0,1,29,0.000000,1500000.000000,0.000060,937.879443,937.879443,0.000000,0.000000,0.000000,0,0
50,I4_J50,ga_greedy_only,0,0,30,204601.339080,1500000.000000,0.000087,870.298012,852.496489,17.801524,3642215.576032,0.136401,0,1
50,I4_J50,ga_greedy_only,0,1,30,413973.209535,1500000.000000,0.000087,932.821086,896.802974,36.018112,14910533.290020,0.275982,0,1
50,I4_J50,ga_greedy_only,0,0,31,0.000000,1500000.000000,0.000022,989.869891,989.869891,0.000000,0.000000,0.000000,0,0
50,I4_J50,ga_greedy_only,0,1,31,0.000000,1500000.000000,0.000022,886.311853,886.311853,0.000000,0.000000,0.000000,0,0
50,I4_J50,ga_greedy_only,0,0,32,0.000000,1500000.000000,0.000098,891.395985,891.395985,0.000000,0.000000,0.000000,0,0
50,I4_J50,ga_greedy_only,0,1,32,0.000000,1500000.000000,0.000098,921.448417,921.448417,0.000000,0.000000,0.000000,0,0
50,I4_J50,ga_greedy_only,0,0,33,0.000000,1500000.000000,0.000078,929.839602,929.839602,0.000000,0.000000,0.000000,0,0
50,I4_J50,ga_greedy_only,0,1,33,0.000000,1500000.000000,0.000078,916.900451,916.900451,0.000000,0.000000,0.000000,0,0
50,I4_J50,ga_greedy_only,0,0,34,0.000000,1500000.000000,0.000060,948.392006,948.392006,0.000000,0.000000,0.000000,0,0
50,I4_J50,ga_greedy_only,0,1,34,0.000000,1500000.000000,0.000060,834.476741,834.476741,0.000000,0.000000,0.000000,0,0
50,I4_J50,ga_greedy_only,0,0,35,100000.000000,1500000.000000,0.000096,876.296932,866.684562,9.612370,961237.000000,0.066667,0,1
50,I4_J50,ga_greedy_only,0,1,35,100000.000000,1500000.000000,0.000096,927.676002,918.063632,9.612370,961237.000000,0.066667,0,1
50,I4_J50,ga_greedy_only,0,0,36,0.000000,1500000.000000,0.000082,800.046882,800.046882,0.000000,0.000000,0.000000,0,0
50,I4_J50,ga_greedy_only,0,1,36,0.000000,1500000.000000,0.000082,902.997596,902.997596,0.000000,0.000000,0.000000,0,0
50,I4_J50,ga_greedy_only,0,0,37,0.000000,1500000.000000,0.000058,942.423821,942.423821,0.000000,0.000000,0.000000,0,0
50,I4_J50,ga_greedy_only,0,1,37,0.000000,1500000.000000,0.000058,914.143104,914.143104,0.000000,0.000000,0.000000,0,0
50,I4_J50,ga_greedy_only,0,0,38,0.000000,1500000.000000,0.000067,992.793864,992.793864,0.000000,0.000000,0.000000,0,0
50,I4_J50,ga_greedy_only,0,1,38,0.000000,1500000.000000,0.000067,973.709568,973.709568,0.000000,0.000000,0.000000,0,0
50,I4_J50,ga_greedy_only,0,0,39,0.000000,1500000.000000,0.000092,827.049977,827.049977,0.000000,0.000000,0.000000,0,0
50,I4_J50,ga_greedy_only,0,1,39,1303201.541232,1500000.000000,0.000092,850.229145,730.934467,119.294678,155465008.391908,0.868801,0,1
50,I4_J50,ga_greedy_only,0,0,40,100000.000000,1500000.000000,0.000095,840.158468,830.689258,9.469210,946921.000000,0.066667,0,1
50,I4_J50,ga_greedy_only,0,1,40,100000.000000,1500000.000000,0.000095,842.872771,833.403561,9.469210,946921.000000,0.066667,0,1
50,I4_J50,ga_greedy_only,0,0,41,0.000000,1500000.000000,0.000066,903.776478,903.776478,0.000000,0.000000,0.000000,0,0
50,I4_J50,ga_greedy_only,0,1,41,0.000000,1500000.000000,0.000066,920.814578,920.814578,0.000000,0.000000,0.000000,0,0
50,I4_J50,ga_greedy_only,0,0,42,0.000000,1500000.000000,0.000033,971.248581,971.248581,0.000000,0.000000,0.000000,0,0
50,I4_J50,ga_greedy_only,0,1,42,0.000000,1500000.000000,0.000033,881.599606,881.599606,0.000000,0.000000,0.000000,0,0
50,I4_J50,ga_greedy_only,0,0,43,0.000000,1500000.000000,0.000090,803.070413,803.070413,0.000000,0.000000,0.000000,0,0
50,I4_J50,ga_greedy_only,0,1,43,0.000000,1500000.000000,0.000090,938.240131,938.240131,0.000000,0.000000,0.000000,0,0
50,I4_J50,ga_greedy_only,0,0,44,0.000000,1500000.000000,0.000094,859.667473,859.667473,0.000000,0.000000,0.000000,0,0
50,I4_J50,ga_greedy_only,0,1,44,0.000000,1500000.000000,0.000094,927.548132,927.548132,0.000000,0.000000,0.000000,0,0
50,I4_J50,ga_greedy_only,0,0,45,100000.000000,1500000.000000,0.000091,960.668904,951.594214,9.074690,907469.000000,0.066667,0,1
50,I4_J50,ga_greedy_only,0,1,45,100000.000000,1500000.000000,0.000091,981.582038,972.507348,9.074690,907469.000000,0.066667,0,1
50,I4_J50,ga_greedy_only,0,0,46,0.000000,1500000.000000,0.000086,949.162130,949.162130,0.000000,0.000000,0.000000,0,0
50,I4_J50,ga_greedy_only,0,1,46,0.000000,1500000.000000,0.000086,985.455942,985.455942,0.000000,0.000000,0.000000,0,0
50,I4_J50,ga_greedy_only,0,0,47,0.000000,1500000.000000,0.000026,934.806908,934.806908,0.000000,0.000000,0.000000,0,0
50,I4_J50,ga_greedy_only,0,1,47,0.000000,1500000.000000,0.000026,814.539992,814.539992,0.000000,0.000000,0.000000,0,0
50,I4_J50,ga_greedy_only,0,0,48,0.000000,1500000.000000,0.000018,982.337618,982.337618,0.000000,0.000000,0.000000,0,0
50,I4_J50,ga_greedy_only,0,1,48,0.000000,1500000.000000,0.000018,861.517751,861.517751,0.000000,0.000000,0.000000,0,0
50,I4_J50,ga_greedy_only,0,0,49,0.000000,1500000.000000,0.000097,961.920826,961.920826,0.000000,0.000000,0.000000,0,0
50,I4_J50,ga_greedy_only,0,1,49,0.000000,1500000.000000,0.000097,908.892115,908.892115,0.000000,0.000000,0.000000,0,0
50,I4_J50,ga_greedy_only,1,0,0,0.000000,1500000.000000,0.000027,862.655137,862.655137,0.000000,0.000000,0.000000,0,0
50,I4_J50,ga_greedy_only,1,1,0,0.000000,1500000.000000,0.000027,926.999545,926.999545,0.000000,0.000000,0.000000,0,0
50,I4_J50,ga_greedy_only,1,0,1,0.000000,1500000.000000,0.000013,809.027682,809.027682,0.000000,0.000000,0.000000,0,0
50,I4_J50,ga_greedy_only,1,1,1,0.000000,1500000.000000,0.000013,890.173310,890.173310,0.000000,0.000000,0.000000,0,0
50,I4_J50,ga_greedy_only,1,0,2,0.000000,1500000.000000,0.000050,923.901352,923.901352,0.000000,0.000000,0.000000,0,0
50,I4_J50,ga_greedy_only,1,1,2,0.000000,1500000.000000,0.000050,921.584641,921.584641,0.000000,0.000000,0.000000,0,0
50,I4_J50,ga_greedy_only,1,0,3,0.000000,1500000.000000,0.000041,906.078369,906.078369,0.000000,0.000000,0.000000,0,0
50,I4_J50,ga_greedy_only,1,1,3,0.000000,1500000.000000,0.000041,902.216840,902.216840,0.000000,0.000000,0.000000,0,0
50,I4_J50,ga_greedy_only,1,0,4,0.000000,1500000.000000,0.000027,877.099034,877.099034,0.000000,0.000000,0.000000,0,0
50,I4_J50,ga_greedy_only,1,1,4,0.000000,1500000.000000,0.000027,879.055731,879.055731,0.000000,0.000000,0.000000,0,0
50,I4_J50,ga_greedy_only,1,0,5,0.000000,1500000.000000,0.000030,980.058050,980.058050,0.000000,0.000000,0.000000,0,0
50,I4_J50,ga_greedy_only,1,1,5,0.000000,1500000.000000,0.000030,941.096515,941.096515,0.000000,0.000000,0.000000,0,0
50,I4_J50,ga_greedy_only,1,0,6,0.000000,1500000.000000,0.000033,897.130788,897.130788,0.000000,0.000000,0.000000,0,0
50,I4_J50,ga_greedy_only,1,1,6,0.000000,1500000.000000,0.000033,893.248166,893.248166,0.000000,0.000000,0.000000,0,0
50,I4_J50,ga_greedy_only,1,0,7,0.000000,1500000.000000,0.000050,921.652600,921.652600,0.000000,0.000000,0.000000,0,0
50,I4_J50,ga_greedy_only,1,1,7,0.000000,1500000.000000,0.000050,907.039295,907.039295,0.000000,0.000000,0.000000,0,0
50,I4_J50,ga_greedy_only,1,0,8,0.000000,1500000.000000,0.000009,964.597013,964.597013,0.000000,0.000000,0.000000,0,0
50,I4_J50,ga_greedy_only,1,1,8,0.000000,1500000.000000,0.000009,864.525103,864.525103,0.000000,0.000000,0.000000,0,0
50,I4_J50,ga_greedy_only,1,0,9,0.000000,1500000.000000,0.000076,996.559651,996.559651,0.000000,0.000000,0.000000,0,0
50,I4_J50,ga_greedy_only,1,1,9,0.000000,1500000.000000,0.000076,906.757771,906.757771,0.000000,0.000000,0.000000,0,0
50,I4_J50,ga_greedy_only,1,0,10,0.000000,1500000.000000,0.000049,888.146005,888.146005,0.000000,0.000000,0.000000,0,0
50,I4_J50,ga_greedy_only,1,1,10,0.000000,1500000.000000,0.000049,971.283957,971.283957,0.000000,0.000000,0.000000,0,0
50,I4_J50,ga_greedy_only,1,0,11,0.000000,1500000.000000,0.000038,838.189030,838.189030,0.000000,0.000000,0.000000,0,0
50,I4_J50,ga_greedy_only,1,1,11,0.000000,1500000.000000,0.000038,858.504466,858.504466,0.000000,0.000000,0.000000,0,0
50,I4_J50,ga_greedy_only,1,0,12,0.000000,1500000.000000,0.000064,964.873022,964.873022,0.000000,0.000000,0.000000,0,0
50,I4_J50,ga_greedy_only,1,1,12,0.000000,1500000.000000,0.000064,967.958292,967.958292,0.000000,0.000000,0.000000,0,0
50,I4_J50,ga_greedy_only,1,0,13,0.000000,1500000.000000,0.000077,942.604206,942.604206,0.000000,0.000000,0.000000,0,0
50,I4_J50,ga_greedy_only,1,1,13,0.000000,1500000.000000,0.000077,915.347772,915.347772,0.000000,0.000000,0.000000,0,0
50,I4_J50,ga_greedy_only,1,0,14,99999.000000,1500000.000000,0.000051,987.987089,982.905940,5.081149,508109.837651,0.066666,0,1
50,I4_J50,ga_greedy_only,1,1,14,100000.000000,1500000.000000,0.000051,960.342824,955.261624,5.081200,508120.000000,0.066667,0,1
50,I4_J50,ga_greedy_only,1,0,15,99999.000000,1500000.000000,0.000044,868.562596,864.173040,4.389556,438951.220844,0.066666,0,1
50,I4_J50,ga_greedy_only,1,1,15,100000.000000,1500000.000000,0.000044,936.746789,932.357189,4.389600,438960.000000,0.066667,0,1
50,I4_J50,ga_greedy_only,1,0,16,100000.000000,1500000.000000,0.000003,853.112955,852.769355,0.343600,34360.000000,0.066667,0,1
50,I4_J50,ga_greedy_only,1,1,16,100000.000000,1500000.000000,0.000003,819.060419,818.716819,0.343600,34360.000000,0.066667,0,1
50,I4_J50,ga_greedy_only,1,0,17,100000.000000,1500000.000000,0.000009,801.213033,800.326133,0.886900,88690.000000,0.066667,0,1
50,I4_J50,ga_greedy_only,1,1,17,100000.000000,1500000.000000,0.000009,839.741882,838.854982,0.886900,88690.000000,0.066667,0,1
50,I4_J50,ga_greedy_only,1,0,18,99999.000000,1500000.000000,0.000042,907.455934,903.296576,4.159358,415931.681242,0.066666,0,1
50,I4_J50,ga_greedy_only,1,1,18,100000.000000,1500000.000000,0.000042,907.070218,902.910818,4.159400,415940.000000,0.066667,0,1
50,I4_J50,ga_greedy_only,1,0,19,100000.000000,1500000.000000,0.000045,941.437216,936.925516,4.511700,451170.000000,0.066667,0,1
50,I4_J50,ga_greedy_only,1,1,19,112866.556724,1500000.000000,0.000045,854.487776,849.395575,5.092200,574739.129777,0.075244,0,1
50,I4_J50,ga_greedy_only,1,0,20,100000.000000,1500000.000000,0.000073,878.820697,871.474247,7.346450,734645.000000,0.066667,0,1
50,I4_J50,ga_greedy_only,1,1,20,100000.000000,1500000.000000,0.000073,994.206555,986.860105,7.346450,734645.000000,0.066667,0,1
50,I4_J50,ga_greedy_only,1,0,21,100000.000000,1500000.000000,0.000052,950.635258,945.396498,5.238760,523876.000000,0.066667,0,1
50,I4_J50,ga_greedy_only,1,1,21,100000.000000,1500000.000000,0.000052,969.615714,964.376954,5.238760,523876.000000,0.066667,0,1
50,I4_J50,ga_greedy_only,1,0,22,100000.000000,1500000.000000,0.000047,869.992876,865.257916,4.734960,473496.000000,0.066667,0,1
50,I4_J50,ga_greedy_only,1,1,22,100000.000000,1500000.000000,0.000047,844.091747,839.356787,4.734960,473496.000000,0.066667,0,1
50,I4_J50,ga_greedy_only,1,0,23,125013.364744,1500000.000000,0.000032,805.492193,801.467825,4.024368,503099.751039,0.083342,0,1
50,I4_J50,ga_greedy_only,1,1,23,100000.000000,1500000.000000,0.000032,942.527275,939.308125,3.219150,321915.000000,0.066667,0,1
50,I4_J50,ga_greedy_only,1,0,24,100000.000000,1500000.000000,0.000081,888.671089,880.539359,8.131730,813173.000000,0.066667,0,1
50,I4_J50,ga_greedy_only,1,1,24,100000.000000,1500000.000000,0.000081,993.586430,985.454700,8.131730,813173.000000,0.066667,0,1
50,I4_J50,ga_greedy_only,1,0,25,100000.000000,1500000.000000,0.000039,998.714445,994.851015,3.863430,386343.000000,0.066667,0,1
50,I4_J50,ga_greedy_only,1,1,25,100000.000000,1500000.000000,0.000039,879.573407,875.709977,3.863430,386343.000000,0.066667,0,1
50,I4_J50,ga_greedy_only,1,0,26,0.000000,1500000.000000,0.000086,911.540900,911.540900,0.000000,0.000000,0.000000,0,0
50,I4_J50,ga_greedy_only,1,1,26,0.000000,1500000.000000,0.000086,870.957551,870.957551,0.000000,0.000000,0.000000,0,0
50,I4_J50,ga_greedy_only,1,0,27,0.000000,1500000.000000,0.000056,800.331752,800.331752,0.000000,0.000000,0.000000,0,0
50,I4_J50,ga_greedy_only,1,1,27,0.000000,1500000.000000,0.000056,945.390584,945.390584,0.000000,0.000000,0.000000,0,0
50,I4_J50,ga_greedy_only,1,0,28,0.000000,1500000.000000,0.000061,813.391385,813.391385,0.000000,0.000000,0.000000,0,0
50,I4_J50,ga_greedy_only,1,1,28,0.000000,1500000.000000,0.000061,937.569803,937.569803,0.000000,0.000000,0.000000,0,0
50,I4_J50,ga_greedy_only,1,0,29,0.000000,1500000.000000,0.000060,970.022282,970.022282,0.000000,0.000000,0.000000,0,0
50,I4_J50,ga_greedy_only,1,1,29,0.000000,1500000.000000,0.000060,937.879443,937.879443,0.000000,0.000000,0.000000,0,0
50,I4_J50,ga_greedy_only,1,0,30,390507.711996,1500000.000000,0.000087,870.298012,836.321537,33.976475,13268075.490174,0.260338,0,1
50,I4_J50,ga_greedy_only,1,1,30,364194.627159,1500000.000000,0.000087,932.821086,901.134005,31.687081,11540264.763874,0.242796,0,1
50,I4_J50,ga_greedy_only,1,0,31,0.000000,1500000.000000,0.000022,989.869891,989.869891,0.000000,0.000000,0.000000,0,0
50,I4_J50,ga_greedy_only,1,1,31,0.000000,1500000.000000,0.000022,886.311853,886.311853,0.000000,0.000000,0.000000,0,0
50,I4_J50,ga_greedy_only,1,0,32,127838.522638,1500000.000000,0.000098,891.395985,878.876707,12.519278,1600445.960219,0.085226,0,1
50,I4_J50,ga_greedy_only,1,1,32,0.000000,1500000.000000,0.000098,921.448417,921.448417,0.000000,0.000000,0.000000,0,0
50,I4_J50,ga_greedy_only,1,0,33,0.000000,1500000.000000,0.000078,929.839602,929.839602,0.000000,0.000000,0.000000,0,0
50,I4_J50,ga_greedy_only,1,1,33,0.000000,1500000.000000,0.000078,916.900451,916.900451,0.000000,0.000000,0.000000,0,0
50,I4_J50,ga_greedy_only,1,0,34,0.000000,1500000.000000,0.000060,948.392006,948.392006,0.000000,0.000000,0.000000,0,0
50,I4_J50,ga_greedy_only,1,1,34,0.000000,1500000.000000,0.000060,834.476741,834.476741,0.000000,0.000000,0.000000,0,0
50,I4_J50,ga_greedy_only,1,0,35,100000.000000,1500000.000000,0.000096,876.296932,866.684562,9.612370,961237.000000,0.066667,0,1
50,I4_J50,ga_greedy_only,1,1,35,100000.000000,1500000.000000,0.000096,927.676002,918.063632,9.612370,961237.000000,0.066667,0,1
50,I4_J50,ga_greedy_only,1,0,36,0.000000,1500000.000000,0.000082,800.046882,800.046882,0.000000,0.000000,0.000000,0,0
50,I4_J50,ga_greedy_only,1,1,36,100000.000000,1500000.000000,0.000082,902.997596,894.756356,8.241240,824124.000000,0.066667,0,1
50,I4_J50,ga_greedy_only,1,0,37,0.000000,1500000.000000,0.000058,942.423821,942.423821,0.000000,0.000000,0.000000,0,0
50,I4_J50,ga_greedy_only,1,1,37,0.000000,1500000.000000,0.000058,914.143104,914.143104,0.000000,0.000000,0.000000,0,0
50,I4_J50,ga_greedy_only,1,0,38,0.000000,1500000.000000,0.000067,992.793864,992.793864,0.000000,0.000000,0.000000,0,0
50,I4_J50,ga_greedy_only,1,1,38,0.000000,1500000.000000,0.000067,973.709568,973.709568,0.000000,0.000000,0.000000,0,0
50,I4_J50,ga_greedy_only,1,0,39,0.000000,1500000.000000,0.000092,827.049977,827.049977,0.000000,0.000000,0.000000,0,0
50,I4_J50,ga_greedy_only,1,1,39,1167564.708425,1500000.000000,0.000092,850.229145,743.350622,106.878523,124787591.706543,0.778376,0,1
50,I4_J50,ga_greedy_only,1,0,40,0.000000,1500000.000000,0.000095,840.158468,840.158468,0.000000,0.000000,0.000000,0,0
50,I4_J50,ga_greedy_only,1,1,40,202146.087373,1500000.000000,0.000095,842.872771,823.731133,19.141638,3869407.130613,0.134764,0,1
50,I4_J50,ga_greedy_only,1,0,41,0.000000,1500000.000000,0.000066,903.776478,903.776478,0.000000,0.000000,0.000000,0,0
50,I4_J50,ga_greedy_only,1,1,41,0.000000,1500000.000000,0.000066,920.814578,920.814578,0.000000,0.000000,0.000000,0,0
50,I4_J50,ga_greedy_only,1,0,42,0.000000,1500000.000000,0.000033,971.248581,971.248581,0.000000,0.000000,0.000000,0,0
50,I4_J50,ga_greedy_only,1,1,42,0.000000,1500000.000000,0.000033,881.599606,881.599606,0.000000,0.000000,0.000000,0,0
50,I4_J50,ga_greedy_only,1,0,43,0.000000,1500000.000000,0.000090,803.070413,803.070413,0.000000,0.000000,0.000000,0,0
50,I4_J50,ga_greedy_only,1,1,43,0.000000,1500000.000000,0.000090,938.240131,938.240131,0.000000,0.000000,0.000000,0,0
50,I4_J50,ga_greedy_only,1,0,44,0.000000,1500000.000000,0.000094,859.667473,859.667473,0.000000,0.000000,0.000000,0,0
50,I4_J50,ga_greedy_only,1,1,44,0.000000,1500000.000000,0.000094,927.548132,927.548132,0.000000,0.000000,0.000000,0,0
50,I4_J50,ga_greedy_only,1,0,45,100000.000000,1500000.000000,0.000091,960.668904,951.594214,9.074690,907469.000000,0.066667,0,1
50,I4_J50,ga_greedy_only,1,1,45,100000.000000,1500000.000000,0.000091,981.582038,972.507348,9.074690,907469.000000,0.066667,0,1
50,I4_J50,ga_greedy_only,1,0,46,0.000000,1500000.000000,0.000086,949.162130,949.162130,0.000000,0.000000,0.000000,0,0
50,I4_J50,ga_greedy_only,1,1,46,0.000000,1500000.000000,0.000086,985.455942,985.455942,0.000000,0.000000,0.000000,0,0
50,I4_J50,ga_greedy_only,1,0,47,0.000000,1500000.000000,0.000026,934.806908,934.806908,0.000000,0.000000,0.000000,0,0
50,I4_J50,ga_greedy_only,1,1,47,0.000000,1500000.000000,0.000026,814.539992,814.539992,0.000000,0.000000,0.000000,0,0
50,I4_J50,ga_greedy_only,1,0,48,0.000000,1500000.000000,0.000018,982.337618,982.337618,0.000000,0.000000,0.000000,0,0
50,I4_J50,ga_greedy_only,1,1,48,0.000000,1500000.000000,0.000018,861.517751,861.517751,0.000000,0.000000,0.000000,0,0
50,I4_J50,ga_greedy_only,1,0,49,0.000000,1500000.000000,0.000097,961.920826,961.920826,0.000000,0.000000,0.000000,0,0
50,I4_J50,ga_greedy_only,1,1,49,0.000000,1500000.000000,0.000097,908.892115,908.892115,0.000000,0.000000,0.000000,0,0
50,I4_J50,ga_greedy_only,2,0,0,100000.000000,1500000.000000,0.000027,862.655137,859.987137,2.668000,266800.000000,0.066667,0,1
50,I4_J50,ga_greedy_only,2,1,0,0.000000,1500000.000000,0.000027,926.999545,926.999545,0.000000,0.000000,0.000000,0,0
50,I4_J50,ga_greedy_only,2,0,1,0.000000,1500000.000000,0.000013,809.027682,809.027682,0.000000,0.000000,0.000000,0,0
50,I4_J50,ga_greedy_only,2,1,1,0.000000,1500000.000000,0.000013,890.173310,890.173310,0.000000,0.000000,0.000000,0,0
50,I4_J50,ga_greedy_only,2,0,2,0.000000,1500000.000000,0.000050,923.901352,923.901352,0.000000,0.000000,0.000000,0,0
50,I4_J50,ga_greedy_only,2,1,2,0.000000,1500000.000000,0.000050,921.584641,921.584641,0.000000,0.000000,0.000000,0,0
50,I4_J50,ga_greedy_only,2,0,3,0.000000,1500000.000000,0.000041,906.078369,906.078369,0.000000,0.000000,0.000000,0,0
50,I4_J50,ga_greedy_only,2,1,3,0.000000,1500000.000000,0.000041,902.216840,902.216840,0.000000,0.000000,0.000000,0,0
50,I4_J50,ga_greedy_only,2,0,4,0.000000,1500000.000000,0.000027,877.099034,877.099034,0.000000,0.000000,0.000000,0,0
50,I4_J50,ga_greedy_only,2,1,4,0.000000,1500000.000000,0.000027,879.055731,879.055731,0.000000,0.000000,0.000000,0,0
50,I4_J50,ga_greedy_only,2,0,5,0.000000,1500000.000000,0.000030,980.058050,980.058050,0.000000,0.000000,0.000000,0,0
50,I4_J50,ga_greedy_only,2,1,5,0.000000,1500000.000000,0.000030,941.096515,941.096515,0.000000,0.000000,0.000000,0,0
50,I4_J50,ga_greedy_only,2,0,6,0.000000,1500000.000000,0.000033,897.130788,897.130788,0.000000,0.000000,0.000000,0,0
50,I4_J50,ga_greedy_only,2,1,6,0.000000,1500000.000000,0.000033,893.248166,893.248166,0.000000,0.000000,0.000000,0,0
50,I4_J50,ga_greedy_only,2,0,7,0.000000,1500000.000000,0.000050,921.652600,921.652600,0.000000,0.000000,0.000000,0,0
50,I4_J50,ga_greedy_only,2,1,7,0.000000,1500000.000000,0.000050,907.039295,907.039295,0.000000,0.000000,0.000000,0,0
50,I4_J50,ga_greedy_only,2,0,8,0.000000,1500000.000000,0.000009,964.597013,964.597013,0.000000,0.000000,0.000000,0,0
50,I4_J50,ga_greedy_only,2,1,8,0.000000,1500000.000000,0.000009,864.525103,864.525103,0.000000,0.000000,0.000000,0,0
50,I4_J50,ga_greedy_only,2,0,9,0.000000,1500000.000000,0.000076,996.559651,996.559651,0.000000,0.000000,0.000000,0,0
50,I4_J50,ga_greedy_only,2,1,9,0.000000,1500000.000000,0.000076,906.757771,906.757771,0.000000,0.000000,0.000000,0,0
50,I4_J50,ga_greedy_only,2,0,10,0.000000,1500000.000000,0.000049,888.146005,888.146005,0.000000,0.000000,0.000000,0,0
50,I4_J50,ga_greedy_only,2,1,10,0.000000,1500000.000000,0.000049,971.283957,971.283957,0.000000,0.000000,0.000000,0,0
50,I4_J50,ga_greedy_only,2,0,11,0.000000,1500000.000000,0.000038,838.189030,838.189030,0.000000,0.000000,0.000000,0,0
50,I4_J50,ga_greedy_only,2,1,11,0.000000,1500000.000000,0.000038,858.504466,858.504466,0.000000,0.000000,0.000000,0,0
50,I4_J50,ga_greedy_only,2,0,12,0.000000,1500000.000000,0.000064,964.873022,964.873022,0.000000,0.000000,0.000000,0,0
50,I4_J50,ga_greedy_only,2,1,12,0.000000,1500000.000000,0.000064,967.958292,967.958292,0.000000,0.000000,0.000000,0,0
50,I4_J50,ga_greedy_only,2,0,13,0.000000,1500000.000000,0.000077,942.604206,942.604206,0.000000,0.000000,0.000000,0,0
50,I4_J50,ga_greedy_only,2,1,13,0.000000,1500000.000000,0.000077,915.347772,915.347772,0.000000,0.000000,0.000000,0,0
50,I4_J50,ga_greedy_only,2,0,14,100000.000000,1500000.000000,0.000051,987.987089,982.905889,5.081200,508120.000000,0.066667,0,1
50,I4_J50,ga_greedy_only,2,1,14,100000.000000,1500000.000000,0.000051,960.342824,955.261624,5.081200,508120.000000,0.066667,0,1
50,I4_J50,ga_greedy_only,2,0,15,103521.823956,1500000.000000,0.000044,868.562596,864.018402,4.544194,470423.249674,0.069015,0,1
50,I4_J50,ga_greedy_only,2,1,15,100000.000000,1500000.000000,0.000044,936.746789,932.357189,4.389600,438960.000000,0.066667,0,1
50,I4_J50,ga_greedy_only,2,0,16,100000.000000,1500000.000000,0.000003,853.112955,852.769355,0.343600,34360.000000,0.066667,0,1
50,I4_J50,ga_greedy_only,2,1,16,100000.000000,1500000.000000,0.000003,819.060419,818.716819,0.343600,34360.000000,0.066667,0,1
50,I4_J50,ga_greedy_only,2,0,17,286918.365097,1500000.000000,0.000009,801.213033,798.668355,2.544679,730115.132650,0.191279,0,1
50,I4_J50,ga_greedy_only,2,1,17,100000.000000,1500000.000000,0.000009,839.741882,838.854982,0.886900,88690.000000,0.066667,0,1
50,I4_J50,ga_greedy_only,2,0,18,100000.000000,1500000.000000,0.000042,907.455934,903.296534,4.159400,415940.000000,0.066667,0,1
50,I4_J50,ga_greedy_only,2,1,18,100000.000000,1500000.000000,0.000042,907.070218,902.910818,4.159400,415940.000000,0.066667,0,1
50,I4_J50,ga_greedy_only,2,0,19,100000.000000,1500000.000000,0.000045,941.437216,936.925516,4.511700,451170.000000,0.066667,0,1
50,I4_J50,ga_greedy_only,2,1,19,100000.000000,1500000.000000,0.000045,854.487776,849.976076,4.511700,451170.000000,0.066667,0,1
50,I4_J50,ga_greedy_only,2,0,20,100000.000000,1500000.000000,0.000073,878.820697,871.474247,7.346450,734645.000000,0.066667,0,1
50,I4_J50,ga_greedy_only,2,1,20,100000.000000,1500000.000000,0.000073,994.206555,986.860105,7.346450,734645.000000,0.066667,0,1
50,I4_J50,ga_greedy_only,2,0,21,100000.000000,1500000.000000,0.000052,950.635258,945.396498,5.238760,523876.000000,0.066667,0,1
50,I4_J50,ga_greedy_only,2,1,21,100000.000000,1500000.000000,0.000052,969.615714,964.376954,5.238760,523876.000000,0.066667,0,1
50,I4_J50,ga_greedy_only,2,0,22,100000.000000,1500000.000000,0.000047,869.992876,865.257916,4.734960,473496.000000,0.066667,0,1
50,I4_J50,ga_greedy_only,2,1,22,100000.000000,1500000.000000,0.000047,844.091747,839.356787,4.734960,473496.000000,0.066667,0,1
50,I4_J50,ga_greedy_only,2,0,23,100000.000000,1500000.000000,0.000032,805.492193,802.273043,3.219150,321915.000000,0.066667,0,1
50,I4_J50,ga_greedy_only,2,1,23,100000.000000,1500000.000000,0.000032,942.527275,939.308125,3.219150,321915.000000,0.066667,0,1
50,I4_J50,ga_greedy_only,2,0,24,100000.000000,1500000.000000,0.000081,888.671089,880.539359,8.131730,813173.000000,0.066667,0,1
50,I4_J50,ga_greedy_only,2,1,24,100000.000000,1500000.000000,0.000081,993.586430,985.454700,8.131730,813173.000000,0.066667,0,1
50,I4_J50,ga_greedy_only,2,0,25,100000.000000,1500000.000000,0.000039,998.714445,994.851015,3.863430,386343.000000,0.066667,0,1
50,I4_J50,ga_greedy_only,2,1,25,100000.000000,1500000.000000,0.000039,879.573407,875.709977,3.863430,386343.000000,0.066667,0,1
50,I4_J50,ga_greedy_only,2,0,26,0.000000,1500000.000000,0.000086,911.540900,911.540900,0.000000,0.000000,0.000000,0,0
50,I4_J50,ga_greedy_only,2,1,26,0.000000,1500000.000000,0.000086,870.957551,870.957551,0.000000,0.000000,0.000000,0,0
50,I4_J50,ga_greedy_only,2,0,27,0.000000,1500000.000000,0.000056,800.331752,800.331752,0.000000,0.000000,0.000000,0,0
50,I4_J50,ga_greedy_only,2,1,27,0.000000,1500000.000000,0.000056,945.390584,945.390584,0.000000,0.000000,0.000000,0,0
50,I4_J50,ga_greedy_only,2,0,28,0.000000,1500000.000000,0.000061,813.391385,813.391385,0.000000,0.000000,0.000000,0,0
50,I4_J50,ga_greedy_only,2,1,28,0.000000,1500000.000000,0.000061,937.569803,937.569803,0.000000,0.000000,0.000000,0,0
50,I4_J50,ga_greedy_only,2,0,29,114160.821104,1500000.000000,0.000060,970.022282,963.121478,6.900805,787801.534270,0.076107,0,1
50,I4_J50,ga_greedy_only,2,1,29,154417.573694,1500000.000000,0.000060,937.879443,928.545194,9.334249,1441372.073023,0.102945,0,1
50,I4_J50,ga_greedy_only,2,0,30,100000.000000,1500000.000000,0.000087,870.298012,861.597422,8.700590,870059.000000,0.066667,0,1
50,I4_J50,ga_greedy_only,2,1,30,141771.960308,1500000.000000,0.000087,932.821086,920.486089,12.334997,1748756.705268,0.094515,0,1
50,I4_J50,ga_greedy_only,2,0,31,0.000000,1500000.000000,0.000022,989.869891,989.869891,0.000000,0.000000,0.000000,0,0
50,I4_J50,ga_greedy_only,2,1,31,0.000000,1500000.000000,0.000022,886.311853,886.311853,0.000000,0.000000,0.000000,0,0
50,I4_J50,ga_greedy_only,2,0,32,0.000000,1500000.000000,0.000098,891.395985,891.395985,0.000000,0.000000,0.000000,0,0
50,I4_J50,ga_greedy_only,2,1,32,0.000000,1500000.000000,0.000098,921.448417,921.448417,0.000000,0.000000,0.000000,0,0
50,I4_J50,ga_greedy_only,2,0,33,0.000000,1500000.000000,0.000078,929.839602,929.839602,0.000000,0.000000,0.000000,0,0
50,I4_J50,ga_greedy_only,2,1,33,0.000000,1500000.000000,0.000078,916.900451,916.900451,0.000000,0.000000,0.000000,0,0
50,I4_J50,ga_greedy_only,2,0,34,0.000000,1500000.000000,0.000060,948.392006,948.392006,0.000000,0.000000,0.000000,0,0
50,I4_J50,ga_greedy_only,2,1,34,0.000000,1500000.000000,0.000060,834.476741,834.476741,0.000000,0.000000,0.000000,0,0
50,I4_J50,ga_greedy_only,2,0,35,100000.000000,1500000.000000,0.000096,876.296932,866.684562,9.612370,961237.000000,0.066667,0,1
50,I4_J50,ga_greedy_only,2,1,35,100000.000000,1500000.000000,0.000096,927.676002,918.063632,9.612370,961237.000000,0.066667,0,1
50,I4_J50,ga_greedy_only,2,0,36,0.000000,1500000.000000,0.000082,800.046882,800.046882,0.000000,0.000000,0.000000,0,0
50,I4_J50,ga_greedy_only,2,1,36,0.000000,1500000.000000,0.000082,902.997596,902.997596,0.000000,0.000000,0.000000,0,0
50,I4_J50,ga_greedy_only,2,0,37,0.000000,1500000.000000,0.000058,942.423821,942.423821,0.000000,0.000000,0.000000,0,0
50,I4_J50,ga_greedy_only,2,1,37,0.000000,1500000.000000,0.000058,914.143104,914.143104,0.000000,0.000000,0.000000,0,0
50,I4_J50,ga_greedy_only,2,0,38,0.000000,1500000.000000,0.000067,992.793864,992.793864,0.000000,0.000000,0.000000,0,0
50,I4_J50,ga_greedy_only,2,1,38,0.000000,1500000.000000,0.000067,973.709568,973.709568,0.000000,0.000000,0.000000,0,0
50,I4_J50,ga_greedy_only,2,0,39,0.000000,1500000.000000,0.000092,827.049977,827.049977,0.000000,0.000000,0.000000,0,0
50,I4_J50,ga_greedy_only,2,1,39,1378808.954295,1500000.000000,0.000092,850.229145,724.013387,126.215758,174027417.349730,0.919206,0,1
50,I4_J50,ga_greedy_only,2,0,40,100000.000000,1500000.000000,0.000095,840.158468,830.689258,9.469210,946921.000000,0.066667,0,1
50,I4_J50,ga_greedy_only,2,1,40,100000.000000,1500000.000000,0.000095,842.872771,833.403561,9.469210,946921.000000,0.066667,0,1
50,I4_J50,ga_greedy_only,2,0,41,0.000000,1500000.000000,0.000066,903.776478,903.776478,0.000000,0.000000,0.000000,0,0
50,I4_J50,ga_greedy_only,2,1,41,0.000000,1500000.000000,0.000066,920.814578,920.814578,0.000000,0.000000,0.000000,0,0
50,I4_J50,ga_greedy_only,2,0,42,0.000000,1500000.000000,0.000033,971.248581,971.248581,0.000000,0.000000,0.000000,0,0
50,I4_J50,ga_greedy_only,2,1,42,0.000000,1500000.000000,0.000033,881.599606,881.599606,0.000000,0.000000,0.000000,0,0
50,I4_J50,ga_greedy_only,2,0,43,0.000000,1500000.000000,0.000090,803.070413,803.070413,0.000000,0.000000,0.000000,0,0
50,I4_J50,ga_greedy_only,2,1,43,0.000000,1500000.000000,0.000090,938.240131,938.240131,0.000000,0.000000,0.000000,0,0
50,I4_J50,ga_greedy_only,2,0,44,0.000000,1500000.000000,0.000094,859.667473,859.667473,0.000000,0.000000,0.000000,0,0
50,I4_J50,ga_greedy_only,2,1,44,0.000000,1500000.000000,0.000094,927.548132,927.548132,0.000000,0.000000,0.000000,0,0
50,I4_J50,ga_greedy_only,2,0,45,100000.000000,1500000.000000,0.000091,960.668904,951.594214,9.074690,907469.000000,0.066667,0,1
50,I4_J50,ga_greedy_only,2,1,45,100000.000000,1500000.000000,0.000091,981.582038,972.507348,9.074690,907469.000000,0.066667,0,1
50,I4_J50,ga_greedy_only,2,0,46,0.000000,1500000.000000,0.000086,949.162130,949.162130,0.000000,0.000000,0.000000,0,0
50,I4_J50,ga_greedy_only,2,1,46,0.000000,1500000.000000,0.000086,985.455942,985.455942,0.000000,0.000000,0.000000,0,0
50,I4_J50,ga_greedy_only,2,0,47,0.000000,1500000.000000,0.000026,934.806908,934.806908,0.000000,0.000000,0.000000,0,0
50,I4_J50,ga_greedy_only,2,1,47,0.000000,1500000.000000,0.000026,814.539992,814.539992,0.000000,0.000000,0.000000,0,0
50,I4_J50,ga_greedy_only,2,0,48,0.000000,1500000.000000,0.000018,982.337618,982.337618,0.000000,0.000000,0.000000,0,0
50,I4_J50,ga_greedy_only,2,1,48,0.000000,1500000.000000,0.000018,861.517751,861.517751,0.000000,0.000000,0.000000,0,0
50,I4_J50,ga_greedy_only,2,0,49,0.000000,1500000.000000,0.000097,961.920826,961.920826,0.000000,0.000000,0.000000,0,0
50,I4_J50,ga_greedy_only,2,1,49,0.000000,1500000.000000,0.000097,908.892115,908.892115,0.000000,0.000000,0.000000,0,0
50,I4_J50,ga_greedy_only,3,0,0,0.000000,1500000.000000,0.000027,862.655137,862.655137,0.000000,0.000000,0.000000,0,0
50,I4_J50,ga_greedy_only,3,1,0,0.000000,1500000.000000,0.000027,926.999545,926.999545,0.000000,0.000000,0.000000,0,0
50,I4_J50,ga_greedy_only,3,0,1,99999.000000,1500000.000000,0.000013,809.027682,807.761994,1.265687,126567.468613,0.066666,0,1
50,I4_J50,ga_greedy_only,3,1,1,0.000000,1500000.000000,0.000013,890.173310,890.173310,0.000000,0.000000,0.000000,0,0
50,I4_J50,ga_greedy_only,3,0,2,0.000000,1500000.000000,0.000050,923.901352,923.901352,0.000000,0.000000,0.000000,0,0
50,I4_J50,ga_greedy_only,3,1,2,0.000000,1500000.000000,0.000050,921.584641,921.584641,0.000000,0.000000,0.000000,0,0
50,I4_J50,ga_greedy_only,3,0,3,0.000000,1500000.000000,0.000041,906.078369,906.078369,0.000000,0.000000,0.000000,0,0
50,I4_J50,ga_greedy_only,3,1,3,100000.000000,1500000.000000,0.000041,902.216840,898.126540,4.090300,409030.000000,0.066667,0,1
50,I4_J50,ga_greedy_only,3,0,4,0.000000,1500000.000000,0.000027,877.099034,877.099034,0.000000,0.000000,0.000000,0,0
50,I4_J50,ga_greedy_only,3,1,4,0.000000,1500000.000000,0.000027,879.055731,879.055731,0.000000,0.000000,0.000000,0,0
50,I4_J50,ga_greedy_only,3,0,5,0.000000,1500000.000000,0.000030,980.058050,980.058050,0.000000,0.000000,0.000000,0,0
50,I4_J50,ga_greedy_only,3,1,5,0.000000,1500000.000000,0.000030,941.096515,941.096515,0.000000,0.000000,0.000000,0,0
50,I4_J50,ga_greedy_only,3,0,6,0.000000,1500000.000000,0.000033,897.130788,897.130788,0.000000,0.000000,0.000000,0,0
50,I4_J50,ga_greedy_only,3,1,6,0.000000,1500000.000000,0.000033,893.248166,893.248166,0.000000,0.000000,0.000000,0,0
50,I4_J50,ga_greedy_only,3,0,7,0.000000,1500000.000000,0.000050,921.652600,921.652600,0.000000,0.000000,0.000000,0,0
50,I4_J50,ga_greedy_only,3,1,7,0.000000,1500000.000000,0.000050,907.039295,907.039295,0.000000,0.000000,0.000000,0,0
50,I4_J50,ga_greedy_only,3,0,8,0.000000,1500000.000000,0.000009,964.597013,964.597013,0.000000,0.000000,0.000000,0,0
50,I4_J50,ga_greedy_only,3,1,8,0.000000,1500000.000000,0.000009,864.525103,864.525103,0.000000,0.000000,0.000000,0,0
50,I4_J50,ga_greedy_only,3,0,9,0.000000,1500000.000000,0.000076,996.559651,996.559651,0.000000,0.000000,0.000000,0,0
50,I4_J50,ga_greedy_only,3,1,9,100000.000000,1500000.000000,0.000076,906.757771,899.197571,7.560200,756020.000000,0.066667,0,1
50,I4_J50,ga_greedy_only,3,0,10,100000.000000,1500000.000000,0.000049,888.146005,883.216005,4.930000,493000.000000,0.066667,0,1
50,I4_J50,ga_greedy_only,3,1,10,0.000000,1500000.000000,0.000049,971.283957,971.283957,0.000000,0.000000,0.000000,0,0
50,I4_J50,ga_greedy_only,3,0,11,0.000000,1500000.000000,0.000038,838.189030,838.189030,0.000000,0.000000,0.000000,0,0
50,I4_J50,ga_greedy_only,3,1,11,0.000000,1500000.000000,0.000038,858.504466,858.504466,0.000000,0.000000,0.000000,0,0
50,I4_J50,ga_greedy_only,3,0,12,0.000000,1500000.000000,0.000064,964.873022,964.873022,0.000000,0.000000,0.000000,0,0
50,I4_J50,ga_greedy_only,3,1,12,0.000000,1500000.000000,0.000064,967.958292,967.958292,0.000000,0.000000,0.000000,0,0
50,I4_J50,ga_greedy_only,3,0,13,0.000000,1500000.000000,0.000077,942.604206,942.604206,0.000000,0.000000,0.000000,0,0
50,I4_J50,ga_greedy_only,3,1,13,99999.000000,1500000.000000,0.000077,915.347772,907.635949,7.711823,771174.576277,0.066666,0,1
50,I4_J50,ga_greedy_only,3,0,14,100000.000000,1500000.000000,0.000051,987.987089,982.905889,5.081200,508120.000000,0.066667,0,1
50,I4_J50,ga_greedy_only,3,1,14,100000.000000,1500000.000000,0.000051,960.342824,955.261624,5.081200,508120.000000,0.066667,0,1
50,I4_J50,ga_greedy_only,3,0,15,187491.304359,1500000.000000,0.000044,868.562596,860.332478,8.230118,1543075.614381,0.124994,0,1
50,I4_J50,ga_greedy_only,3,1,15,100000.000000,1500000.000000,0.000044,936.746789,932.357189,4.389600,438960.000000,0.066667,0,1
50,I4_J50,ga_greedy_only,3,0,16,100000.000000,1500000.000000,0.000003,853.112955,852.769355,0.343600,34360.000000,0.066667,0,1
50,I4_J50,ga_greedy_only,3,1,16,100000.000000,1500000.000000,0.000003,819.060419,818.716819,0.343600,34360.000000,0.066667,0,1
50,I4_J50,ga_greedy_only,3,0,17,100000.000000,1500000.000000,0.000009,801.213033,800.326133,0.886900,88690.000000,0.066667,0,1
50,I4_J50,ga_greedy_only,3,1,17,100000.000000,1500000.000000,0.000009,839.741882,838.854982,0.886900,88690.000000,0.066667,0,1
50,I4_J50,ga_greedy_only,3,0,18,100000.000000,1500000.000000,0.000042,907.455934,903.296534,4.159400,415940.000000,0.066667,0,1
50,I4_J50,ga_greedy_only,3,1,18,100000.000000,1500000.000000,0.000042,907.070218,902.910818,4.159400,415940.000000,0.066667,0,1
50,I4_J50,ga_greedy_only,3,0,19,100000.000000,1500000.000000,0.000045,941.437216,936.925516,4.511700,451170.000000,0.066667,0,1
50,I4_J50,ga_greedy_only,3,1,19,100000.000000,1500000.000000,0.000045,854.487776,849.976076,4.511700,451170.000000,0.066667,0,1
50,I4_J50,ga_greedy_only,3,0,20,100000.000000,1500000.000000,0.000073,878.820697,871.474247,7.346450,734645.000000,0.066667,0,1
50,I4_J50,ga_greedy_only,3,1,20,100000.000000,1500000.000000,0.000073,994.206555,986.860105,7.346450,734645.000000,0.066667,0,1
50,I4_J50,ga_greedy_only,3,0,21,100000.000000,1500000.000000,0.000052,950.635258,945.396498,5.238760,523876.000000,0.066667,0,1
50,I4_J50,ga_greedy_only,3,1,21,100000.000000,1500000.000000,0.000052,969.615714,964.376954,5.238760,523876.000000,0.066667,0,1
50,I4_J50,ga_greedy_only,3,0,22,100000.000000,1500000.000000,0.000047,869.992876,865.257916,4.734960,473496.000000,0.066667,0,1
50,I4_J50,ga_greedy_only,3,1,22,100000.000000,1500000.000000,0.000047,844.091747,839.356787,4.734960,473496.000000,0.066667,0,1
50,I4_J50,ga_greedy_only,3,0,23,100000.000000,1500000.000000,0.000032,805.492193,802.273043,3.219150,321915.000000,0.066667,0,1
50,I4_J50,ga_greedy_only,3,1,23,100000.000000,1500000.000000,0.000032,942.527275,939.308125,3.219150,321915.000000,0.066667,0,1
50,I4_J50,ga_greedy_only,3,0,24,100000.000000,1500000.000000,0.000081,888.671089,880.539359,8.131730,813173.000000,0.066667,0,1
50,I4_J50,ga_greedy_only,3,1,24,100000.000000,1500000.000000,0.000081,993.586430,985.454700,8.131730,813173.000000,0.066667,0,1
50,I4_J50,ga_greedy_only,3,0,25,100000.000000,1500000.000000,0.000039,998.714445,994.851015,3.863430,386343.000000,0.066667,0,1
50,I4_J50,ga_greedy_only,3,1,25,100000.000000,1500000.000000,0.000039,879.573407,875.709977,3.863430,386343.000000,0.066667,0,1
50,I4_J50,ga_greedy_only,3,0,26,0.000000,1500000.000000,0.000086,911.540900,911.540900,0.000000,0.000000,0.000000,0,0
50,I4_J50,ga_greedy_only,3,1,26,0.000000,1500000.000000,0.000086,870.957551,870.957551,0.000000,0.000000,0.000000,0,0
50,I4_J50,ga_greedy_only,3,0,27,100000.000000,1500000.000000,0.000056,800.331752,794.766352,5.565400,556540.000000,0.066667,0,1
50,I4_J50,ga_greedy_only,3,1,27,0.000000,1500000.000000,0.000056,945.390584,945.390584,0.000000,0.000000,0.000000,0,0
50,I4_J50,ga_greedy_only,3,0,28,0.000000,1500000.000000,0.000061,813.391385,813.391385,0.000000,0.000000,0.000000,0,0
50,I4_J50,ga_greedy_only,3,1,28,0.000000,1500000.000000,0.000061,937.569803,937.569803,0.000000,0.000000,0.000000,0,0
50,I4_J50,ga_greedy_only,3,0,29,0.000000,1500000.000000,0.000060,970.022282,970.022282,0.000000,0.000000,0.000000,0,0
50,I4_J50,ga_greedy_only,3,1,29,0.000000,1500000.000000,0.000060,937.879443,937.879443,0.000000,0.000000,0.000000,0,0
50,I4_J50,ga_greedy_only,3,0,30,0.000000,1500000.000000,0.000087,870.298012,870.298012,0.000000,0.000000,0.000000,0,0
50,I4_J50,ga_greedy_only,3,1,30,277814.608723,1500000.000000,0.000087,932.821086,908.649576,24.171510,6715198.610973,0.185210,0,1
50,I4_J50,ga_greedy_only,3,0,31,0.000000,1500000.000000,0.000022,989.869891,989.869891,0.000000,0.000000,0.000000,0,0
50,I4_J50,ga_greedy_only,3,1,31,0.000000,1500000.000000,0.000022,886.311853,886.311853,0.000000,0.000000,0.000000,0,0
50,I4_J50,ga_greedy_only,3,0,32,0.000000,1500000.000000,0.000098,891.395985,891.395985,0.000000,0.000000,0.000000,0,0
50,I4_J50,ga_greedy_only,3,1,32,0.000000,1500000.000000,0.000098,921.448417,921.448417,0.000000,0.000000,0.000000,0,0
50,I4_J50,ga_greedy_only,3,0,33,0.000000,1500000.000000,0.000078,929.839602,929.839602,0.000000,0.000000,0.000000,0,0
50,I4_J50,ga_greedy_only,3,1,33,99999.000000,1500000.000000,0.000078,916.900451,909.091779,7.808672,780859.382578,0.066666,0,1
50,I4_J50,ga_greedy_only,3,0,34,0.000000,1500000.000000,0.000060,948.392006,948.392006,0.000000,0.000000,0.000000,0,0
50,I4_J50,ga_greedy_only,3,1,34,100000.000000,1500000.000000,0.000060,834.476741,828.446951,6.029790,602979.000000,0.066667,0,1
50,I4_J50,ga_greedy_only,3,0,35,100000.000000,1500000.000000,0.000096,876.296932,866.684562,9.612370,961237.000000,0.066667,0,1
50,I4_J50,ga_greedy_only,3,1,35,100000.000000,1500000.000000,0.000096,927.676002,918.063632,9.612370,961237.000000,0.066667,0,1
50,I4_J50,ga_greedy_only,3,0,36,99999.000000,1500000.000000,0.000082,800.046882,791.805725,8.241158,824107.517602,0.066666,0,1
50,I4_J50,ga_greedy_only,3,1,36,0.000000,1500000.000000,0.000082,902.997596,902.997596,0.000000,0.000000,0.000000,0,0
50,I4_J50,ga_greedy_only,3,0,37,0.000000,1500000.000000,0.000058,942.423821,942.423821,0.000000,0.000000,0.000000,0,0
50,I4_J50,ga_greedy_only,3,1,37,0.000000,1500000.000000,0.000058,914.143104,914.143104,0.000000,0.000000,0.000000,0,0
50,I4_J50,ga_greedy_only,3,0,38,0.000000,1500000.000000,0.000067,992.793864,992.793864,0.000000,0.000000,0.000000,0,0
50,I4_J50,ga_greedy_only,3,1,38,0.000000,1500000.000000,0.000067,973.709568,973.709568,0.000000,0.000000,0.000000,0,0
50,I4_J50,ga_greedy_only,3,0,39,0.000000,1500000.000000,0.000092,827.049977,827.049977,0.000000,0.000000,0.000000,0,0
50,I4_J50,ga_greedy_only,3,1,39,967704.334755,1500000.000000,0.000092,850.229145,761.645781,88.583364,85722505.806249,0.645136,0,1
50,I4_J50,ga_greedy_only,3,0,40,210685.814039,1500000.000000,0.000095,840.158468,820.208186,19.950282,4203241.439614,0.140457,0,1
50,I4_J50,ga_greedy_only,3,1,40,0.000000,1500000.000000,0.000095,842.872771,842.872771,0.000000,0.000000,0.000000,0,0
50,I4_J50,ga_greedy_only,3,0,41,0.000000,1500000.000000,0.000066,903.776478,903.776478,0.000000,0.000000,0.000000,0,0
50,I4_J50,ga_greedy_only,3,1,41,0.000000,1500000.000000,0.000066,920.814578,920.814578,0.000000,0.000000,0.000000,0,0
50,I4_J50,ga_greedy_only,3,0,42,0.000000,1500000.000000,0.000033,971.248581,971.248581,0.000000,0.000000,0.000000,0,0
50,I4_J50,ga_greedy_only,3,1,42,0.000000,1500000.000000,0.000033,881.599606,881.599606,0.000000,0.000000,0.000000,0,0
50,I4_J50,ga_greedy_only,3,0,43,100000.000000,1500000.000000,0.000090,803.070413,794.053933,9.016480,901648.000000,0.066667,0,1
50,I4_J50,ga_greedy_only,3,1,43,100000.000000,1500000.000000,0.000090,938.240131,929.223651,9.016480,901648.000000,0.066667,0,1
50,I4_J50,ga_greedy_only,3,0,44,0.000000,1500000.000000,0.000094,859.667473,859.667473,0.000000,0.000000,0.000000,0,0
50,I4_J50,ga_greedy_only,3,1,44,0.000000,1500000.000000,0.000094,927.548132,927.548132,0.000000,0.000000,0.000000,0,0
50,I4_J50,ga_greedy_only,3,0,45,100000.000000,1500000.000000,0.000091,960.668904,951.594214,9.074690,907469.000000,0.066667,0,1
50,I4_J50,ga_greedy_only,3,1,45,100000.000000,1500000.000000,0.000091,981.582038,972.507348,9.074690,907469.000000,0.066667,0,1
50,I4_J50,ga_greedy_only,3,0,46,0.000000,1500000.000000,0.000086,949.162130,949.162130,0.000000,0.000000,0.000000,0,0
50,I4_J50,ga_greedy_only,3,1,46,0.000000,1500000.000000,0.000086,985.455942,985.455942,0.000000,0.000000,0.000000,0,0
50,I4_J50,ga_greedy_only,3,0,47,0.000000,1500000.000000,0.000026,934.806908,934.806908,0.000000,0.000000,0.000000,0,0
50,I4_J50,ga_greedy_only,3,1,47,0.000000,1500000.000000,0.000026,814.539992,814.539992,0.000000,0.000000,0.000000,0,0
50,I4_J50,ga_greedy_only,3,0,48,0.000000,1500000.000000,0.000018,982.337618,982.337618,0.000000,0.000000,0.000000,0,0
50,I4_J50,ga_greedy_only,3,1,48,0.000000,1500000.000000,0.000018,861.517751,861.517751,0.000000,0.000000,0.000000,0,0
50,I4_J50,ga_greedy_only,3,0,49,0.000000,1500000.000000,0.000097,961.920826,961.920826,0.000000,0.000000,0.000000,0,0
50,I4_J50,ga_greedy_only,3,1,49,0.000000,1500000.000000,0.000097,908.892115,908.892115,0.000000,0.000000,0.000000,0,0
50,I4_J50,ga_greedy_only,4,0,0,0.000000,1500000.000000,0.000027,862.655137,862.655137,0.000000,0.000000,0.000000,0,0
50,I4_J50,ga_greedy_only,4,1,0,0.000000,1500000.000000,0.000027,926.999545,926.999545,0.000000,0.000000,0.000000,0,0
50,I4_J50,ga_greedy_only,4,0,1,0.000000,1500000.000000,0.000013,809.027682,809.027682,0.000000,0.000000,0.000000,0,0
50,I4_J50,ga_greedy_only,4,1,1,0.000000,1500000.000000,0.000013,890.173310,890.173310,0.000000,0.000000,0.000000,0,0
50,I4_J50,ga_greedy_only,4,0,2,0.000000,1500000.000000,0.000050,923.901352,923.901352,0.000000,0.000000,0.000000,0,0
50,I4_J50,ga_greedy_only,4,1,2,0.000000,1500000.000000,0.000050,921.584641,921.584641,0.000000,0.000000,0.000000,0,0
50,I4_J50,ga_greedy_only,4,0,3,0.000000,1500000.000000,0.000041,906.078369,906.078369,0.000000,0.000000,0.000000,0,0
50,I4_J50,ga_greedy_only,4,1,3,100000.000000,1500000.000000,0.000041,902.216840,898.126540,4.090300,409030.000000,0.066667,0,1
50,I4_J50,ga_greedy_only,4,0,4,0.000000,1500000.000000,0.000027,877.099034,877.099034,0.000000,0.000000,0.000000,0,0
50,I4_J50,ga_greedy_only,4,1,4,0.000000,1500000.000000,0.000027,879.055731,879.055731,0.000000,0.000000,0.000000,0,0
50,I4_J50,ga_greedy_only,4,0,5,0.000000,1500000.000000,0.000030,980.058050,980.058050,0.000000,0.000000,0.000000,0,0
50,I4_J50,ga_greedy_only,4,1,5,0.000000,1500000.000000,0.000030,941.096515,941.096515,0.000000,0.000000,0.000000,0,0
50,I4_J50,ga_greedy_only,4,0,6,0.000000,1500000.000000,0.000033,897.130788,897.130788,0.000000,0.000000,0.000000,0,0
50,I4_J50,ga_greedy_only,4,1,6,0.000000,1500000.000000,0.000033,893.248166,893.248166,0.000000,0.000000,0.000000,0,0
50,I4_J50,ga_greedy_only,4,0,7,0.000000,1500000.000000,0.000050,921.652600,921.652600,0.000000,0.000000,0.000000,0,0
50,I4_J50,ga_greedy_only,4,1,7,0.000000,1500000.000000,0.000050,907.039295,907.039295,0.000000,0.000000,0.000000,0,0
50,I4_J50,ga_greedy_only,4,0,8,0.000000,1500000.000000,0.000009,964.597013,964.597013,0.000000,0.000000,0.000000,0,0
50,I4_J50,ga_greedy_only,4,1,8,0.000000,1500000.000000,0.000009,864.525103,864.525103,0.000000,0.000000,0.000000,0,0
50,I4_J50,ga_greedy_only,4,0,9,0.000000,1500000.000000,0.000076,996.559651,996.559651,0.000000,0.000000,0.000000,0,0
50,I4_J50,ga_greedy_only,4,1,9,0.000000,1500000.000000,0.000076,906.757771,906.757771,0.000000,0.000000,0.000000,0,0
50,I4_J50,ga_greedy_only,4,0,10,0.000000,1500000.000000,0.000049,888.146005,888.146005,0.000000,0.000000,0.000000,0,0
50,I4_J50,ga_greedy_only,4,1,10,0.000000,1500000.000000,0.000049,971.283957,971.283957,0.000000,0.000000,0.000000,0,0
50,I4_J50,ga_greedy_only,4,0,11,0.000000,1500000.000000,0.000038,838.189030,838.189030,0.000000,0.000000,0.000000,0,0
50,I4_J50,ga_greedy_only,4,1,11,0.000000,1500000.000000,0.000038,858.504466,858.504466,0.000000,0.000000,0.000000,0,0
50,I4_J50,ga_greedy_only,4,0,12,0.000000,1500000.000000,0.000064,964.873022,964.873022,0.000000,0.000000,0.000000,0,0
50,I4_J50,ga_greedy_only,4,1,12,0.000000,1500000.000000,0.000064,967.958292,967.958292,0.000000,0.000000,0.000000,0,0
50,I4_J50,ga_greedy_only,4,0,13,0.000000,1500000.000000,0.000077,942.604206,942.604206,0.000000,0.000000,0.000000,0,0
50,I4_J50,ga_greedy_only,4,1,13,0.000000,1500000.000000,0.000077,915.347772,915.347772,0.000000,0.000000,0.000000,0,0
50,I4_J50,ga_greedy_only,4,0,14,100000.000000,1500000.000000,0.000051,987.987089,982.905889,5.081200,508120.000000,0.066667,0,1
50,I4_J50,ga_greedy_only,4,1,14,100000.000000,1500000.000000,0.000051,960.342824,955.261624,5.081200,508120.000000,0.066667,0,1
50,I4_J50,ga_greedy_only,4,0,15,100000.000000,1500000.000000,0.000044,868.562596,864.172996,4.389600,438960.000000,0.066667,0,1
50,I4_J50,ga_greedy_only,4,1,15,100000.000000,1500000.000000,0.000044,936.746789,932.357189,4.389600,438960.000000,0.066667,0,1
50,I4_J50,ga_greedy_only,4,0,16,100002.000000,1500000.000000,0.000003,853.112955,852.769348,0.343607,34361.374414,0.066668,0,1
50,I4_J50,ga_greedy_only,4,1,16,100000.000000,1500000.000000,0.000003,819.060419,818.716819,0.343600,34360.000000,0.066667,0,1
50,I4_J50,ga_greedy_only,4,0,17,100000.000000,1500000.000000,0.000009,801.213033,800.326133,0.886900,88690.000000,0.066667,0,1
50,I4_J50,ga_greedy_only,4,1,17,100000.000000,1500000.000000,0.000009,839.741882,838.854982,0.886900,88690.000000,0.066667,0,1
50,I4_J50,ga_greedy_only,4,0,18,100000.000000,1500000.000000,0.000042,907.455934,903.296534,4.159400,415940.000000,0.066667,0,1
50,I4_J50,ga_greedy_only,4,1,18,100002.000000,1500000.000000,0.000042,907.070218,902.910735,4.159483,415956.637766,0.066668,0,1
50,I4_J50,ga_greedy_only,4,0,19,100000.000000,1500000.000000,0.000045,941.437216,936.925516,4.511700,451170.000000,0.066667,0,1
50,I4_J50,ga_greedy_only,4,1,19,100000.000000,1500000.000000,0.000045,854.487776,849.976076,4.511700,451170.000000,0.066667,0,1
50,I4_J50,ga_greedy_only,4,0,20,100000.000000,1500000.000000,0.000073,878.820697,871.474247,7.346450,734645.000000,0.066667,0,1
50,I4_J50,ga_greedy_only,4,1,20,100000.000000,1500000.000000,0.000073,994.206555,986.860105,7.346450,734645.000000,0.066667,0,1
50,I4_J50,ga_greedy_only,4,0,21,100000.000000,1500000.000000,0.000052,950.635258,945.396498,5.238760,523876.000000,0.066667,0,1
50,I4_J50,ga_greedy_only,4,1,21,100000.000000,1500000.000000,0.000052,969.615714,964.376954,5.238760,523876.000000,0.066667,0,1
50,I4_J50,ga_greedy_only,4,0,22,100000.000000,1500000.000000,0.000047,869.992876,865.257916,4.734960,473496.000000,0.066667,0,1
50,I4_J50,ga_greedy_only,4,1,22,100000.000000,1500000.000000,0.000047,844.091747,839.356787,4.734960,473496.000000,0.066667,0,1
50,I4_J50,ga_greedy_only,4,0,23,102231.956643,1500000.000000,0.000032,805.492193,802.201193,3.291000,336445.372611,0.068155,0,1
50,I4_J50,ga_greedy_only,4,1,23,100000.000000,1500000.000000,0.000032,942.527275,939.308125,3.219150,321915.000000,0.066667,0,1
50,I4_J50,ga_greedy_only,4,0,24,100000.000000,1500000.000000,0.000081,888.671089,880.539359,8.131730,813173.000000,0.066667,0,1
50,I4_J50,ga_greedy_only,4,1,24,100000.000000,1500000.000000,0.000081,993.586430,985.454700,8.131730,813173.000000,0.066667,0,1
50,I4_J50,ga_greedy_only,4,0,25,100000.000000,1500000.000000,0.000039,998.714445,994.851015,3.863430,386343.000000,0.066667,0,1
50,I4_J50,ga_greedy_only,4,1,25,100000.000000,1500000.000000,0.000039,879.573407,875.709977,3.863430,386343.000000,0.066667,0,1
50,I4_J50,ga_greedy_only,4,0,26,0.000000,1500000.000000,0.000086,911.540900,911.540900,0.000000,0.000000,0.000000,0,0
50,I4_J50,ga_greedy_only,4,1,26,0.000000,1500000.000000,0.000086,870.957551,870.957551,0.000000,0.000000,0.000000,0,0
50,I4_J50,ga_greedy_only,4,0,27,0.000000,1500000.000000,0.000056,800.331752,800.331752,0.000000,0.000000,0.000000,0,0
50,I4_J50,ga_greedy_only,4,1,27,0.000000,1500000.000000,0.000056,945.390584,945.390584,0.000000,0.000000,0.000000,0,0
50,I4_J50,ga_greedy_only,4,0,28,0.000000,1500000.000000,0.000061,813.391385,813.391385,0.000000,0.000000,0.000000,0,0
50,I4_J50,ga_greedy_only,4,1,28,0.000000,1500000.000000,0.000061,937.569803,937.569803,0.000000,0.000000,0.000000,0,0
50,I4_J50,ga_greedy_only,4,0,29,0.000000,1500000.000000,0.000060,970.022282,970.022282,0.000000,0.000000,0.000000,0,0
50,I4_J50,ga_greedy_only,4,1,29,0.000000,1500000.000000,0.000060,937.879443,937.879443,0.000000,0.000000,0.000000,0,0
50,I4_J50,ga_greedy_only,4,0,30,297847.106566,1500000.000000,0.000087,870.298012,844.383557,25.914456,7718545.609497,0.198565,0,1
50,I4_J50,ga_greedy_only,4,1,30,269278.454888,1500000.000000,0.000087,932.821086,909.392272,23.428814,6308874.919449,0.179519,0,1
50,I4_J50,ga_greedy_only,4,0,31,0.000000,1500000.000000,0.000022,989.869891,989.869891,0.000000,0.000000,0.000000,0,0
50,I4_J50,ga_greedy_only,4,1,31,0.000000,1500000.000000,0.000022,886.311853,886.311853,0.000000,0.000000,0.000000,0,0
50,I4_J50,ga_greedy_only,4,0,32,0.000000,1500000.000000,0.000098,891.395985,891.395985,0.000000,0.000000,0.000000,0,0
50,I4_J50,ga_greedy_only,4,1,32,0.000000,1500000.000000,0.000098,921.448417,921.448417,0.000000,0.000000,0.000000,0,0
50,I4_J50,ga_greedy_only,4,0,33,0.000000,1500000.000000,0.000078,929.839602,929.839602,0.000000,0.000000,0.000000,0,0
50,I4_J50,ga_greedy_only,4,1,33,0.000000,1500000.000000,0.000078,916.900451,916.900451,0.000000,0.000000,0.000000,0,0
50,I4_J50,ga_greedy_only,4,0,34,0.000000,1500000.000000,0.000060,948.392006,948.392006,0.000000,0.000000,0.000000,0,0
50,I4_J50,ga_greedy_only,4,1,34,0.000000,1500000.000000,0.000060,834.476741,834.476741,0.000000,0.000000,0.000000,0,0
50,I4_J50,ga_greedy_only,4,0,35,100000.000000,1500000.000000,0.000096,876.296932,866.684562,9.612370,961237.000000,0.066667,0,1
50,I4_J50,ga_greedy_only,4,1,35,100000.000000,1500000.000000,0.000096,927.676002,918.063632,9.612370,961237.000000,0.066667,0,1
50,I4_J50,ga_greedy_only,4,0,36,0.000000,1500000.000000,0.000082,800.046882,800.046882,0.000000,0.000000,0.000000,0,0
50,I4_J50,ga_greedy_only,4,1,36,0.000000,1500000.000000,0.000082,902.997596,902.997596,0.000000,0.000000,0.000000,0,0
50,I4_J50,ga_greedy_only,4,0,37,0.000000,1500000.000000,0.000058,942.423821,942.423821,0.000000,0.000000,0.000000,0,0
50,I4_J50,ga_greedy_only,4,1,37,0.000000,1500000.000000,0.000058,914.143104,914.143104,0.000000,0.000000,0.000000,0,0
50,I4_J50,ga_greedy_only,4,0,38,0.000000,1500000.000000,0.000067,992.793864,992.793864,0.000000,0.000000,0.000000,0,0
50,I4_J50,ga_greedy_only,4,1,38,0.000000,1500000.000000,0.000067,973.709568,973.709568,0.000000,0.000000,0.000000,0,0
50,I4_J50,ga_greedy_only,4,0,39,0.000000,1500000.000000,0.000092,827.049977,827.049977,0.000000,0.000000,0.000000,0,0
50,I4_J50,ga_greedy_only,4,1,39,1266401.144461,1500000.000000,0.000092,850.229145,734.303165,115.925981,146808794.813018,0.844267,0,1
50,I4_J50,ga_greedy_only,4,0,40,100000.000000,1500000.000000,0.000095,840.158468,830.689258,9.469210,946921.000000,0.066667,0,1
50,I4_J50,ga_greedy_only,4,1,40,436143.706913,1500000.000000,0.000095,842.872771,801.573407,41.299364,18012457.494106,0.290762,0,1
50,I4_J50,ga_greedy_only,4,0,41,0.000000,1500000.000000,0.000066,903.776478,903.776478,0.000000,0.000000,0.000000,0,0
50,I4_J50,ga_greedy_only,4,1,41,0.000000,1500000.000000,0.000066,920.814578,920.814578,0.000000,0.000000,0.000000,0,0
50,I4_J50,ga_greedy_only,4,0,42,0.000000,1500000.000000,0.000033,971.248581,971.248581,0.000000,0.000000,0.000000,0,0
50,I4_J50,ga_greedy_only,4,1,42,0.000000,1500000.000000,0.000033,881.599606,881.599606,0.000000,0.000000,0.000000,0,0
50,I4_J50,ga_greedy_only,4,0,43,0.000000,1500000.000000,0.000090,803.070413,803.070413,0.000000,0.000000,0.000000,0,0
50,I4_J50,ga_greedy_only,4,1,43,0.000000,1500000.000000,0.000090,938.240131,938.240131,0.000000,0.000000,0.000000,0,0
50,I4_J50,ga_greedy_only,4,0,44,0.000000,1500000.000000,0.000094,859.667473,859.667473,0.000000,0.000000,0.000000,0,0
50,I4_J50,ga_greedy_only,4,1,44,0.000000,1500000.000000,0.000094,927.548132,927.548132,0.000000,0.000000,0.000000,0,0
50,I4_J50,ga_greedy_only,4,0,45,100000.000000,1500000.000000,0.000091,960.668904,951.594214,9.074690,907469.000000,0.066667,0,1
50,I4_J50,ga_greedy_only,4,1,45,100001.000000,1500000.000000,0.000091,981.582038,972.507257,9.074781,907487.149471,0.066667,0,1
50,I4_J50,ga_greedy_only,4,0,46,0.000000,1500000.000000,0.000086,949.162130,949.162130,0.000000,0.000000,0.000000,0,0
50,I4_J50,ga_greedy_only,4,1,46,0.000000,1500000.000000,0.000086,985.455942,985.455942,0.000000,0.000000,0.000000,0,0
50,I4_J50,ga_greedy_only,4,0,47,0.000000,1500000.000000,0.000026,934.806908,934.806908,0.000000,0.000000,0.000000,0,0
50,I4_J50,ga_greedy_only,4,1,47,0.000000,1500000.000000,0.000026,814.539992,814.539992,0.000000,0.000000,0.000000,0,0
50,I4_J50,ga_greedy_only,4,0,48,0.000000,1500000.000000,0.000018,982.337618,982.337618,0.000000,0.000000,0.000000,0,0
50,I4_J50,ga_greedy_only,4,1,48,0.000000,1500000.000000,0.000018,861.517751,861.517751,0.000000,0.000000,0.000000,0,0
50,I4_J50,ga_greedy_only,4,0,49,0.000000,1500000.000000,0.000097,961.920826,961.920826,0.000000,0.000000,0.000000,0,0
50,I4_J50,ga_greedy_only,4,1,49,0.000000,1500000.000000,0.000097,908.892115,908.892115,0.000000,0.000000,0.000000,0,0
